address,airdrop_dog,addr_type,funded_txo_count,receive_count
bc1p2nj2teu3znnx7pukqre6n5ryjrcsv3hr74334gezgwencrwylupsa55j8k,16016508.0,p2tr,50,18
bc1plsg4xz2jvknf87x0a9tn9rys4u6xpwgh95tglnxd444pn8s0cv2sga0try,10677672.0,p2tr,108,12
bc1ppxm2y58nh22ykjlelvwmvewakr2j47nq9qk5hja4z3g2063d6d3q77xkcu,9787866.0,p2tr,94,11
bc1phjx6m8qdrmyx5gpjzhhgntgfd92t89pxuhl3uqwvu36zf7xygrrsnswpp0,8898060.0,p2tr,28,10
bc1p0rm0ktlh7l0w23jdc086vksz7thpqqkawklyuf75z58kfwufu8sqd3e4up,7118448.0,p2tr,86,8
bc1pkrntdfdsne8pzktru90vmjgpr83deak0kpfte7ppmdmahy637n6q6cc758,7118448.0,p2tr,52,8
bc1ptcv6ar7zulxemt57hvvudgx09ywn9r6qflxkk2tq2apweftvgj3s485rrm,7118448.0,p2tr,51,8
bc1p04jdwdmz7mffaam3qp64d6hyye34vda4qk6xhx7eprp3y4nvsa9qd0y476,6228642.0,p2tr,31,7
bc1pp7aq2cnwck75lylwah44ad3nsru3ng42hw4kc7tp72ha6r06metqysp8gy,6228642.0,p2tr,22,7
bc1p7v75kzj8pmwjqj38s93lk6mjsqheq4hv44t58qd68r99dv4sx7pqen72s2,5338836.0,p2tr,21,6
bc1pgc8wvl6fstydsu4ql5qn750900wstq36qfmxgzjla57hr63v73hq5ym3pf,5338836.0,p2tr,25,6
bc1pjgh0yfux269twk3fwflyfcvdncrq8jggz0gfhn94uptp0qsk4zgslx7xp2,5338836.0,p2tr,25,6
bc1pjgsspl9f9e0gw95tmqxlv6dmt0nvm7vdcarnm4ml8s92h0f20v3sm2u5uj,5338836.0,p2tr,19,6
bc1pkv87mwrfrvy5stvl9xgvtmwrx758l6hzsg25smlfhevee6kumxzs5ssc8e,5338836.0,p2tr,26,6
bc1pwx8s086wfwplnx5979q0le33k2qjxdquzzgxz5zmtk3l8uqflzyq56esjl,5338836.0,p2tr,40,6
bc1pxjqycxfqassx8ssz8qnnv3eawtadjyfadm2jd85kpae9p2u856qsfnrvar,5338836.0,p2tr,38,6
bc1pwxf5wzvxwjx5kc4f7yu25uy4hh4q2wvd40gxp9gmcup6mw7ek86swn3rvu,4449030.0,p2tr,76,5
bc1p2e3s6ddsv2zmjgnj3vjxqyfltlsqr60ptsafksrwx6w2fx2tnhnsrpkmla,3559224.0,p2tr,39,4
bc1p3afdu4r33fslv5g30vakjsp6zlneu4jxhmqpyqqj4e3sx9rl4zaqeqv7y5,3559224.0,p2tr,58,4
bc1p7egwjz7tyqf2r93kt3jg73eq7ecqwh2nypserxq9x2vqhj0z4rxqqy5gl0,3559224.0,p2tr,35,4
bc1p8swjkkw442shlajvqndhp637dlvqnqf7tg0cvk9yqwqlh8glgacq37d563,3559224.0,p2tr,18,4
bc1p9l22gjlzqzluszke99xs0ayzkzz33zjxgvfalkgalw6a4vyerr8sc4yjvl,3559224.0,p2tr,23,4
bc1pa93n30fzruqyk5ag4u3hprwl7y4292lj40s34h3rdweg3k7dsp3stjr0q9,3559224.0,p2tr,58,4
bc1pgh4jpntlxzmjhap86savrhq8flsjnnmj4ld3cd06hwtfqwvjwn5s4497s8,3559224.0,p2tr,13,4
bc1pk3xwep9t0k96w4glxu62z94sx6f9e5x40nv3zt7270qg23xgl0zs46850p,3559224.0,p2tr,17,4
bc1pkjwyhpphxwa5gc2kv0wntq6tsh2puh7wcnffcnqf0ppff0n5qevqy4vjvd,3559224.0,p2tr,26,4
bc1ppnzq3fz2y79mjxan7txk9qmld2nlpj3fz0x208wd0f692uvvwzlspdvs7v,3559224.0,p2tr,162,4
bc1pt340xyumpkxd68h50m0yp783qw8q7dzq28quq0664sgdx3vlrnuskhdvz6,3559224.0,p2tr,16,4
bc1pvzhwn3eue28hr88lm84wh3gse4fx9ap4gu2ucklf5t5vz8pv3j6qqjxs6e,3559224.0,p2tr,31,4
bc1pzk9hlpwq2m89t6zf50fm60l4ugsmjnm86mqjcky856zxaf4yc7gs7mg93s,3559224.0,p2tr,14,4
bc1p02m4g62vy4ulcf6j6z6hwx9eh0h5grxwgh07c5zyvz4czc0j6hyq8e9qhc,2669418.0,p2tr,93,3
bc1p045593hxylchpvtlmql880q6ys6ayyeeu20mzgw273jjdt54gzrq5r2fh6,2669418.0,p2tr,12,3
bc1p28hqa7pthr5yfjx2d82zhr86xt8mu56lehjden4uk3nkl8v79w7s6gqj4c,2669418.0,p2tr,13,3
bc1p40zjp9ypgx32w674vr6se5y6uezmy2hncerx20h8ud26kjqynpdqa5jdsw,2669418.0,p2tr,32,3
bc1p4q8lnww6tl7kzrql7fgetm764x4gyt7pv842w8hd8wwswwzc29ps7t05u4,2669418.0,p2tr,19,3
bc1p6hxz95v66dcq6nuvfusv0ws8qdjwc6a4l9tmzy78zu8a7thsjafsev99gk,2669418.0,p2tr,25,3
bc1p6nse3sakjfs4q2cvpakud5ya6nkv4g2lyv3p7etyx3adjmnjfs9syxwqe0,2669418.0,p2tr,13,3
bc1p84fws7pq7uct3785tzyjmtvyuw0pdvc4myxt5svaxqzvefhp7ksq7wczxg,2669418.0,p2tr,14,3
bc1p8ekuagujy7ss5d7gk48srge5p9ukqftv36jlfc7xcf63ru5tkehq9rzggj,2669418.0,p2tr,13,3
bc1p8vx97rs2dqx4y2p8zp2h60qrhz4gr9hk2xl58aqp5qq40h6sek8syvactf,2669418.0,p2tr,11,3
bc1p9czq6ks6wpl32uarnd8qwva8cg03gw3qfae50z0l5plxapv7g2gqrmwst5,2669418.0,p2tr,10,3
bc1p9mw8plzuzu9frxgfdx2yft0uhtwre87yrqsu6pkzss04ajwkvy4sskwyzm,2669418.0,p2tr,31,3
bc1paxf3qmcwy6pmq5vs5g968n3h4v6jal8gc0n9kshv0jx8ugkz3q8srjtp3t,2669418.0,p2tr,29,3
bc1pct0uptgvutmtv3y7ese52hxz6xlgz0df9g9d9gx7z0cckf3a7hcsf76w5p,2669418.0,p2tr,40,3
bc1pdjvz4efyu56lj2rwl96taa6fyz2dy4us0qdu0rrpsdxw87y8wjgqy8lc76,2669418.0,p2tr,20,3
bc1pe4xq33xw6582uneweuj6vc9zymkn96lgwucwu6tgs8fscuw3sktswd3dls,2669418.0,p2tr,23,3
bc1pectcql7n8dc5z8an739nfvccvyssa4t95m3kdrj2hdmyy8p3q0kq2kfuhf,2669418.0,p2tr,13,3
bc1pf6ckap267ydqduxg8ajn5g7e8sy2p05pmsxwf57u89r0mecx8l3q5qp0fa,2669418.0,p2tr,11,3
bc1pfvajzdyanycdfu7c93jxnzyj559wkd96uvt4lc350e2s02hxanzqfvzjcj,2669418.0,p2tr,10,3
bc1pghswyr8ej3vfgm8trg6pxlyz7fnkaklqjv8wy5vej55786qhvz9qt93kef,2669418.0,p2tr,15,3
bc1pgsw0zd7rnj93ehcszrtxcnnzz4r59zrkya8t0yl82mhgenmafa6sggk5my,2669418.0,p2tr,11,3
bc1phajd24d3zyy3vu46lvfchlcuhqs3mrm9zplmjga7ws83zkca4d4s5v7txr,2669418.0,p2tr,12,3
bc1pjkhp6aj0enlgmtj3wzvya9f3dn44f5lkxca0snnc56nvk37f5d7sys56ey,2669418.0,p2tr,47,3
bc1pjt2kxj50kfavcwg4ucf8vvj8chujdnsymjh5k3jjk5p9w07mg86qcqfv0w,2669418.0,p2tr,11,3
bc1pknm0y9cq0ygyjjw734e7zs5ygcm46acdt0mfhqys4uyt2ktedq8q7zlk03,2669418.0,p2tr,21,3
bc1pmzvcyrmutdjq08l9dt500qxy50csnzmpr2rputwl9yuv9s79w6esth4y5h,2669418.0,p2tr,19,3
bc1pperar9j7vjqdtk88zq28jf97en384v9ushk475zd35tzh0qt4ays45wmac,2669418.0,p2tr,27,3
bc1pprk89rufkdlaj3jh42dsgf96y30tt4awd4hntgxu0pg3njdkyzxqz50jxv,2669418.0,p2tr,23,3
bc1pqf7p08gwye6ryfujkuulmd425gewkwfa8h9tgsjd6skyalqjd9yqhcsr9d,2669418.0,p2tr,15,3
bc1pryqlh9vrgp9gzv8fq6hvd23ea9wkw04xh2aud24fq32chmstcmus7ftsmv,2669418.0,p2tr,27,3
bc1ptcq8sudm43kumx7d0mew04j0c69p7xmzec5sqy9a6s6kqvnmjqxqekepzs,2669418.0,p2tr,24,3
bc1pu6afttvn3fkcchhrqyuk92n9wg2e478s8g6flakehjsm889qt8aqw49jfz,2669418.0,p2tr,11,3
bc1pvdnh4m42zvegp65pwh29u7u56nxv3snvruk3ccjr2mezfatatfnswadl6z,2669418.0,p2tr,11,3
bc1pxj93k7zppwty8lr7cw9q39yc52qsr094j7etd6s097q6f5j98saqm58rah,2669418.0,p2tr,27,3
bc1pj9c7vza842k075jd9lskfdvzmllldx5z03z382gjkqsjcq8rr5hs4qr2l0,1779612.0,p2tr,39,2
bc1pjfu7fvfd7z9h2gf707dftsn470xptkwdcc7la5peeu5ny6c7pc2qsr29q9,1779612.0,p2tr,16,2
bc1pjhavulmmf4y8wvs2qdelfzfx8ldptdxyxa5jvqtpnmlq2v4sdqess8r6j5,1779612.0,p2tr,31,2
bc1pjrmmprvhasa53grg2h7wyn7359dxak7uakfntcqv0q4v8sxtw9nqnaq3yq,1779612.0,p2tr,9,2
bc1pjx6cclef47auxculef4npnmeqdnulcjy0qymfpde8whjeagjtl3saadllk,1779612.0,p2tr,34,2
bc1pkdhjlhq46sk26rhtnrrt9g2t4jxgzsyrgpf95est90tv5myz7jcsfsx26m,1779612.0,p2tr,10,2
bc1pkdu3vghrtsknls26cax0qpg2saj5m4u30d3m7atrdmspwh6426vq3pkc5u,1779612.0,p2tr,11,2
bc1pktxqdu6ahqcn0hexr52hfpytfsxh575zjpz57w5sl3qrqyyy0khqj6ezg0,1779612.0,p2tr,10,2
bc1pkzp80vc4jnyar3j9fx2kr2fw7atyx80f7374wrxgtpgh0zsmlw9s46fag4,1779612.0,p2tr,10,2
bc1pl52em95hek7w3m4gjr6mny9duslxu0jmecgx3pj934km74xgggaqm03236,1779612.0,p2tr,8,2
bc1plsd9c3gcdz9k23a6ug2278uku8eqjrnse5ss5h79d2jctz2k5lyqzdycdn,1779612.0,p2tr,7,2
bc1pltmrqarz56zvnqw28w7q4zuq77ly8r3jqsranzl647lgv797cymqqzaggv,1779612.0,p2tr,27,2
bc1plvhh94ggucy5wk6cnhgpwvp09fnkjepkz2p96vngxkv4ydj2k7nsk3e5c7,1779612.0,p2tr,10,2
bc1pm0k7vx9rzzd7m47nsnzhyjwd5lvrs3gdf864v8n7w9jzejyj8v2qf893j9,1779612.0,p2tr,25,2
bc1pm0t3s3325xrw0d797ddxqp83wjgtzpcdvk53r96zl8c5p0ceg94s8nsz9g,1779612.0,p2tr,9,2
bc1pm34vlmeyp9r5mydj6tcp2m5zv9u6zea9cq35v3s9yux0afcy4xeqy5p0vd,1779612.0,p2tr,27,2
bc1pm80eha7x6e8kcz5zpta7cmgglvyz5lg67p222ymzv38uemcdvtnqmkcm5r,1779612.0,p2tr,10,2
bc1pmgjpct5pu7066jhu0qde5vf4ju39ffx85zh569q6dtz6gqrf063qs9z2wp,1779612.0,p2tr,12,2
bc1pmmgdf9rckaertqnk2ufzyxv0x8tlhglac9q4cryhgz4r220857tqyylres,1779612.0,p2tr,10,2
bc1pmwavvhyynmdy680mn0thzqpw9ugmv03kxee3ufnkfz3w8d59duasrlkyal,1779612.0,p2tr,8,2
bc1pmwmxsgeceendthjux76nh5ycgf5xgt9y985mz49qtfcen3u3nkaq3c4mlv,1779612.0,p2tr,8,2
bc1pmy0dkldfqjgpm2yf87ln0s4aa53rz9svz7n7kpl6vtsfmpt2jd2q67u7uk,1779612.0,p2tr,10,2
bc1pmze96sw78spgfasd7st0trw8fyrxw4939rq5kewnghrps3ranqzqy4p70e,1779612.0,p2tr,9,2
bc1pnppa0nzjqguz78sszfnm89mr78c9uf78gvddlc6q9fxtfuj7f5ysprzc76,1779612.0,p2tr,16,2
bc1pp6xxcmxqk20y0gmdx4dknf8rc7npk45hkqffapm3t33sgkcaujusqs287f,1779612.0,p2tr,10,2
bc1pp8rnnwn9ra7gvldqerlfp3kqulm8jf8gah4n4ruh3y8rjz63t95qaghsdu,1779612.0,p2tr,49,2
bc1ppan3gdewcdfy6k4h3ju6p08634sfl87vx5l9lsky9aqy83gzp5vqlawkjn,1779612.0,p2tr,10,2
bc1ppc3hxmtpm9m06shwvye3msra66pewd9kl03qy6dyjluwguatf0vsjuqulh,1779612.0,p2tr,15,2
bc1ppdwag6xpu5m9uqewt57ca42hklz3d3ufln0j030p4m2088y25h6qdda7ag,1779612.0,p2tr,18,2
bc1ppzunya5jeam088f8vk4tpy2tpgf0jpxngwc0zm80gvasfld62jesw8gwht,1779612.0,p2tr,327,2
bc1pq94xfhlmv829fwf9eheq9qz9dfasewx58ks3ecjl83xurnfpr4fsz3xfdx,1779612.0,p2tr,12,2
bc1pqh9wnvaj0kdx5mwcxfh288zm38y7u206c564wzdkerpyx9af8kxsdud4a2,1779612.0,p2tr,29,2
bc1pqj8wmavk3n250mlrsqc9ms53u22cfruzkpkkjm9mmhaa3ttndewscp6n8f,1779612.0,p2tr,9,2
bc1pqkdvjcqdw5mez6kgnkfewq9sarft42uh6vx3ks37c48alv8jw3cq4qj8kq,1779612.0,p2tr,47,2
bc1pql4zt9h7nqq2a8095c35ld6zxwrkzkmhejrdkszqzudm4akfgqdsggvwnp,1779612.0,p2tr,14,2
bc1pr46njfkdsxm24t9k8rf0j83wav3s7kewzpp3xznn0jc2fux9qk0qttplz7,1779612.0,p2tr,12,2
bc1prm2qvyv85kvqcgry9nnx67s75wr9a3npa7cwqyswkwzk3wdpywtq05f92j,1779612.0,p2tr,10,2
bc1prrzw7ltua5wjf3z63asch2mzdxr609ytdefwu53s02xd9x9my74q9nk6l5,1779612.0,p2tr,9,2
bc1ps258vv9jplp07ge28ycqmzemfah3djre5x6876epd77rs8u2wpxq787j95,1779612.0,p2tr,11,2
bc1ps9c2298f27z6xtty36ueljtc00vp29wzv5zcrmnp7qlqd4vr7jaq7vnups,1779612.0,p2tr,27,2
bc1psdnqn0s0a20jag3mhr9nautm70pheeflucvncjxq5sl2mux6x8kqwl727j,1779612.0,p2tr,11,2
bc1pse4t6yzd90glw9cgr7qrqvuqu5nvxq63pps2xs6mj3njfavde59q8hfuqw,1779612.0,p2tr,11,2
bc1psnhrmqn5nmetm004evzln9d97cwkq0g69dz494d3wf23f8ca98tqgevry3,1779612.0,p2tr,8,2
bc1psqzkq0q4yellnzfpg6dafnk8d8vr2q8u0nq7fctf653wvn63h7psw63j4j,1779612.0,p2tr,657,2
bc1pss5pwjg754c3ulv3fa2c5gzj6rf4xyaesyqze6ter0vcde4sfj4sram5q4,1779612.0,p2tr,12,2
bc1pssycl9kx303f7mxl0n7sjtx2rex9k0f6a958ht4vdca37thnj9ss73sm35,1779612.0,p2tr,11,2
bc1psu6veanf9cmp7ge6slxh298fdtnk806rjynt8jan69jg2lpw7xkq2ru32x,1779612.0,p2tr,11,2
bc1psv73vslwtl55lp590p3dk3c3t4ap3f9nh4xq8thd3jklpfmuqs8sqtp8wa,1779612.0,p2tr,13,2
bc1psvhnwxqn8sju38s3lykju75wjyh50d7f76k8x4qjapp3yu5au37qn4y6pe,1779612.0,p2tr,139,2
bc1pswywlz8clhq9e7ampk382qezz0d672xx8jnzuzqsx3zctyc8awhsey3fh3,1779612.0,p2tr,11,2
bc1ptw632kyhuwe5khte24kh2fg439a466l6zxghns335wpwy9jk9awqjla4qf,1779612.0,p2tr,12,2
bc1pu5rw0kx6dks7cgjfrre7q30f5uq8df0vw6vvjtaal2d3qda6tpuszhau66,1779612.0,p2tr,9,2
bc1pughv2t6jkq87z0rt0p85ff8ax59qf8gy68xt6dmv2f06d4ct69eqtmlpgn,1779612.0,p2tr,11,2
bc1puhfcxzua4rgtrngdmdd6chhtjv9ah2d6h88p7gnxhlghlueka0nq83s0qa,1779612.0,p2tr,10,2
bc1puhqz37cqumjl5fuhjzve79kc3dd0rkcf4vuhhu33y4jmndkctukq2jmwn7,1779612.0,p2tr,13,2
bc1pukarqlx9ld3krhyczllam06eekft7cfruxpavgtj6dq8rmp8nyvqxc7m63,1779612.0,p2tr,10,2
bc1pur8thd9vedgwa2cczetdyekmnp80tmdjg5cdtpq5saspeckn8dmq7ram0x,1779612.0,p2tr,13,2
bc1puy9xgek65k09zh73eyaff655nfet8zhyud59n7eap39aq0geqphspzqgmr,1779612.0,p2tr,10,2
bc1pv5z5m4uvmf2t074mpt24275dkpnr2z5mvz3mhmqzn29um0xs4cuqn68p0n,1779612.0,p2tr,9,2
bc1pvc6nl4yw3fvekeyrfdld6hcca60kr9zrfangdq206fdjftf6wessack0aa,1779612.0,p2tr,9,2
bc1pvd3x8c5jc2mylf7ljtkqy3eadmtmrtm5yqualzsx3j9yjajez98svdj32w,1779612.0,p2tr,9,2
bc1pvdy5aeccqmzksksaz8l02ut5ykah73wtqas4gkc228t5h3qz89qqk604x2,1779612.0,p2tr,20,2
bc1p08fhj9t2y3dq3zk4xj5s4cfynfg9h3klm4mnddgg55rv57wra2dq4vhm5v,1779612.0,p2tr,9,2
bc1p0c33qvck3cy387h8fj8j2kuf8v5jhx0tye6d3g789r0cqr35armsmev57w,1779612.0,p2tr,9,2
bc1p0eet67p4ye05qmx0829vwfp6vcv8prfrddkjxksd76nn2yte3ufqqg6lcq,1779612.0,p2tr,8,2
bc1p0n08y30llrc5srnkkr4gczxxgm3gwe07ckdzffy6fdwruqyqgzwqmlgjmj,1779612.0,p2tr,8,2
bc1p2574l8vzj2y2zcrae9t57yz7nt9anz97yyfg9qngau2h3g73qrpsnpnkeq,1779612.0,p2tr,8,2
bc1p2gea08csk5p9xuedvnlw0drk0d08gjluusujqx5hf69jd57shcws9kanz8,1779612.0,p2tr,9,2
bc1p2le6wawfvq49268zc2hmdnl0ywxtve4qnu4rmrwjpmn02agszjzsl42k6s,1779612.0,p2tr,8,2
bc1p2tluzedz7nmxr3j43ecjup57ge2ahaptvqqun3qm092ym85xggrqglf6u0,1779612.0,p2tr,9,2
bc1p2ygr78us37rqnaue9p5h6484m996h6f295s64f8fe5m0qgrhxlwqjkrz3a,1779612.0,p2tr,11,2
bc1p3026lffmtk0czcjkx2qn7u66f7j2yg5r8e5axdqmuvrrl0szuygqjdw6an,1779612.0,p2tr,10,2
bc1p3220lpwd8y0ckdm3g8xk66z86r9junjpvfhfl9x5s5qtpwk3e9kq628d5s,1779612.0,p2tr,14,2
bc1p32f4hmmrcvqhlyvfhr0p67le0z9qj45ncucwcy50qawe4qqn0s9qeds7rd,1779612.0,p2tr,13,2
bc1p33tpqqla3py4tzr7jy6tswe8gg73f22yfta5qrx87h9vx9uklp3q8ddw9u,1779612.0,p2tr,9,2
bc1p3f0ck8tyry07pzel657f23vlv62gzkqswjl7j8dmd79p8a2t2rvs0953u0,1779612.0,p2tr,9,2
bc1p3fxsvms9r695enrfmrgytgqrj574c7trw8dzqmvmy845ndu86wmsjsg38t,1779612.0,p2tr,28,2
bc1p3h7sdh6z4uthgh9atu0akd7r392y8j0kurz3j6h03e08qd557udsh7kdp3,1779612.0,p2tr,44,2
bc1p48rvkg7g3ddc237hknngjj2xw5her976yfftkluaps8x8xh4akgq23q7jn,1779612.0,p2tr,22,2
bc1p4ackvvw56yk82lmj594flxl9lgc29uwz64zjyv4ug97anpyx5zls95w220,1779612.0,p2tr,10,2
bc1p4mvs22rghhftm6e8g5ur5znuuuzalj94uzcamjapuejyguzunh8s2emgs0,1779612.0,p2tr,17,2
bc1p52s5933knlqnhveqwngefgeefx2xzvq8xm8qyz6p9tptt0d8hzastd25xc,1779612.0,p2tr,17,2
bc1p52ty8zrptq48kdllnzgnm38wvj4tcflauntutq5f8c36n48e8tcs5xjwla,1779612.0,p2tr,22,2
bc1p53qkpznma0vl0p90ck3rknfhpuq9y3dncfer6na4va87ae8r8lzqt999ry,1779612.0,p2tr,17,2
bc1p598fjuez6ugcnlew5w4kst9azzzaszdq7phvh7g8g0ymjk6h4wqscln86w,1779612.0,p2tr,13,2
bc1p5cfs4dvztuh0hva7jd6nejxlgramu6tpfvy4g3gesyc4exdn6y6q2e4yfq,1779612.0,p2tr,10,2
bc1p5sjvfs22rnw0a540jyn0vupxafdsku7zeuh64etm5t44hprz2jgsng4fcu,1779612.0,p2tr,14,2
bc1p62p7fh6z5lty085j0pr95fswj56ap0hqn4aenk2qdj9pxm8z3lps809mfu,1779612.0,p2tr,11,2
bc1p65awjj49zm5qvwv8j53r4hl3ukf4kdf93x8qpa5024jr5lawjwcqfsc36d,1779612.0,p2tr,13,2
bc1p6cgllmskkju98f3swyyhp7fuqy0s9czg9m4qrekfh83gx0weaszqn3mw0q,1779612.0,p2tr,6,2
bc1p6dwm5xpjgtazhkwv44uukm5kac3l35gfuhs65k7zh3c7qjuva80qrfmsuu,1779612.0,p2tr,15,2
bc1p6le23jp746m885xq0a765yxc24sl9ckx3vpdzsuw0fhq00uf2ajsydrudf,1779612.0,p2tr,14,2
bc1p6nq8svc74x4rt08t60glevlymsnmpr0csgyk42a7n7ushmmr6xzqx3c96l,1779612.0,p2tr,10,2
bc1p6vtvjzh4f40kelmrjk806zyn464mta7yzmypd6y8hhdqstd5pv7qyq2csh,1779612.0,p2tr,41,2
bc1p75753af3mn83wxg4jdmw9dgqnkknj976j545fzeqkzuska4fny4sdee96t,1779612.0,p2tr,11,2
bc1p78rs5u9q0082huxpgtlf0tc50x4y4zs2g65t8f3aazzxpe3cyn4s5yc373,1779612.0,p2tr,8,2
bc1p7fa7dfvwdujsrqxwauqa5mc8qkpf22ryqnutpjwvs22rkajxnxcseaa37d,1779612.0,p2tr,8,2
bc1p7gsfkq3unlzq4j5z9vhkyne3j9sf0wzpckxrgjggtpxk9js4hvuqqqndfx,1779612.0,p2tr,8,2
bc1p7med0v92uaqv6cw6jcp8sqdlnq6fzwddrxxtm6tzlw9t78mk0gus3v2y37,1779612.0,p2tr,8,2
bc1p7mvjwl3sjyfug2kzry5m473dljewqcz5xx8y4cnuyg7qh6f86ewsadxkfc,1779612.0,p2tr,12,2
bc1p7ractf6mwxgl8qkeff63w35ferjsah0trllk8wmxch80ejchra0qrt0u3w,1779612.0,p2tr,12,2
bc1p7wh2tkyyvca8xy0fyvwr0t90aseqy9y3ljk68dnmecwjrt3s744s7nd5s9,1779612.0,p2tr,9,2
bc1p8kt73kdxn5g2r5acg6vkse2m8l6yvlk47a28tnvejn9jchd5l9hq5v5pn6,1779612.0,p2tr,8,2
bc1p8lcxejsmxq8vwfqgmsq7fyldp8zzjea9tqg72y5wnduj8v2vamlqgw6d3z,1779612.0,p2tr,49,2
bc1p8tujurf85a4czxjc3wmuts9t6tgdvknwqq20rnc9fugwklkmp9rsgls57x,1779612.0,p2tr,8,2
bc1p8zr4nze375gz95vu2mlcfjkdyvym56tz2xquucyl8f5lhyl2gzlsfuuluy,1779612.0,p2tr,9,2
bc1p92ql8ld3423tvd4y05u5rtxlrnaqmycjaa8txmfjwn9k8zlzq39sdq22r3,1779612.0,p2tr,64,2
bc1p94sruz5a5dnaq0hntnnqn8pdm6tgama372pysgqdflddwvarmfsqt025aa,1779612.0,p2tr,10,2
bc1p9jgfsukd7rjmly5vhnz8t2t6lr0xmvp9zhhzjntvnrrrvvztjhpscjx0ar,1779612.0,p2tr,8,2
bc1p9rj28kjm59hx0hwfxshqd2lg2vq7nq6k45rlqwry7ssm6lf92easlksx42,1779612.0,p2tr,11,2
bc1p9u8r837szd0rzk9utv9gmxmnn0s238z3wmsu0nvtl0za2tqatgeq3ls45f,1779612.0,p2tr,22,2
bc1pa559anpgjd09tqyyrjsxhk5f9hk6490pzefssth7xme48q7lcnuqsnmudy,1779612.0,p2tr,7,2
bc1pa6605ftpc8rdr76kh3yjprkgzn9jqu6pmjq9cfjllz78eyl2mtascpvzwl,1779612.0,p2tr,7,2
bc1pa74ctd9c3xxknsa6pdkh2595uh3066773ulv82uqeg6e0l8flyds6h8vx3,1779612.0,p2tr,12,2
bc1pa9s3vns4ak8sz0wtkq48zwff24drtm9xree3w2z3gd8eegacfvnq3a03jv,1779612.0,p2tr,28,2
bc1paa7xvwctvegecpmzy5gt2f4taxnpfmyjurxjh5tlp5qpzgnm62wsmu9vc6,1779612.0,p2tr,9,2
bc1paf69cev0dvxpyamuseya32rscrg5nux3sf0zjqmhcxaq4vv698gs67y09u,1779612.0,p2tr,8,2
bc1pahevfpt4ezk03dum2xydu7jgl5dkrkek9lfh9p04r392lsx9g4xs8u4hcj,1779612.0,p2tr,8,2
bc1pals7pn0h39d032qcl2m9j4exr42qp0s93c6m2htm08rcdk0m2fnsvaxnru,1779612.0,p2tr,7,2
bc1paqxt2a9gvjema9wyyls33p9tyauztgpgcskpgavvwd5302s7tpasmxjwkp,1779612.0,p2tr,34,2
bc1pav4n6vjt37m2p5ezcyx3m4d8m9ft5cyjvg7xulhf7rar7ardkrgq0nvyu4,1779612.0,p2tr,9,2
bc1pazsr9kqwdy9ftqxtdcmfszsyaeu6ngn8jqdecy6m7zrvs2nj24kqaujk6k,1779612.0,p2tr,25,2
bc1pc0ud7h7y8jpjnh27qsym38fvgdh5gp6yw99mnqykvn4wld489ars5gjwyx,1779612.0,p2tr,8,2
bc1pc3a8uhrhjj0vk0x4eq2pvhueu026jsstfm0j2t33rmxhg2p4dyrqlphyna,1779612.0,p2tr,11,2
bc1pcg86zj8hxat0yfp9ymurukmaw5k2x88sfmzc7uua0lkj5j63sejspsdn3z,1779612.0,p2tr,13,2
bc1pcjssj0nanycvdf4zxaztqh8ztz3kg56h5fcalxu7auwcp7dsjj5qm5czaa,1779612.0,p2tr,18,2
bc1pcv8ndt92dgv0mfxq7l8hzrvcjjvcke7jy4gmtw72lvy6e2lhv9hqp3vxvt,1779612.0,p2tr,10,2
bc1pd4hr7yd94f9888rv8dq6q7pw8wactv8g3en7wf0u7nh2nhyk63nsgesvha,1779612.0,p2tr,10,2
bc1pd6e50zg8tk487ghzhdkd5q4wfjd0jc8ljvdq063qhd890kujkprszlkruq,1779612.0,p2tr,8,2
bc1pd7dmc6jhhq6hfuskgw0w748dhpvm96pg4mswz0ehc9g35r90q04qfgskqk,1779612.0,p2tr,9,2
bc1pda57aa2h99eqysy5lyjsu8kk0zzy4c3uvpc4shfzgzraflcw68kqajw6yy,1779612.0,p2tr,13,2
bc1pdhaz80d26w8tl2adsh3jm00nmevqyn38rr4hpfxsslxeta43kulsnpjfsw,1779612.0,p2tr,15,2
bc1pdld7gr06nf86nr922drfztdgfvxl24adfzayhllnvzyqnkmzyt3s46lh5f,1779612.0,p2tr,12,2
bc1pdr576urr9n3k2fxkxaecdc6ugt0jcwy8p5ymgkh3m2ult8enfg2s20dd42,1779612.0,p2tr,11,2
bc1pe2encgmjmk4hwpekvlnhc7tlt9m0lm4y5d0xmfhuc26scm77tgmsvjz75m,1779612.0,p2tr,10,2
bc1pealnx39tcx25q0gewntlvzcu9uvsr6jqt3ygcgc8me2lm0n2jnpqt5lgne,1779612.0,p2tr,28,2
bc1pec8huepyqnh05vkmrpxf8anxruyw4adkp63m0vd67y05t5mm52zqpqmupz,1779612.0,p2tr,9,2
bc1pecxvlyfjyruq8flyq54uxurr6dnl42lheag04rxpphejq0wfpu4quekku5,1779612.0,p2tr,10,2
bc1pepn3t3dx96g2l3z4vwt2sgkf2088gjhkmmnjgp2q2petqhwqgmpqdp4w7p,1779612.0,p2tr,21,2
bc1pepnqyzfeafk276sjr0wrx7m98d0lgjljr77s2vay588g78vng7yqrj95et,1779612.0,p2tr,66,2
bc1peqzsxlguauxu0v8fqf06su2vus4at9e6rznf0julezsya4h4djdssesa60,1779612.0,p2tr,11,2
bc1peyufkfhu4c4wuz0srv9vyzzauqyvkk87rdtqcg6mwaxk6qrzme9qrfz637,1779612.0,p2tr,10,2
bc1pfhhqnqmtys9czjj5rjj25qspf2qsrl58zz6e7ac654t9re8r97fq4dhp33,1779612.0,p2tr,10,2
bc1pw64xk48z5sjgws6ps6r6gs2ed36lt8u5ej6thlrwfyemegc8fudqpe3s0k,1779612.0,p2tr,16,2
bc1pw8jw3x3kfhl42zs7h9gv3phx6taxg0c8m5tu6gtq06t9ldlqwaws0mrq20,1779612.0,p2tr,12,2
bc1pwf46h8ch32hvyks2rhq73xdmr3dqpm3khyyv2ghljpmhrac4ke3qjw3hpt,1779612.0,p2tr,10,2
bc1pwpz6hzvhvgxy7uew02la68svmfwfcks4zuf20g6g56yn2tw4g0kqtmlnt5,1779612.0,p2tr,9,2
bc1pwtw64uc8t4rukqsk50800qk2959jpq2th74400ddpys7ydchjelqjwc0hw,1779612.0,p2tr,13,2
bc1pwvu40t4drt9mwmg0046358xh9t3eu8szljeejrfq885xf5hf9jlq2pzu56,1779612.0,p2tr,19,2
bc1pxdjuceqp2965ususuvlylj6mqyuggzucprgdku63aw6qc2khjw9q6j6h2q,1779612.0,p2tr,13,2
bc1pxglduvmu5n7r24s3cgvp3tmf0gu0shw7hq9ekhh0lwypyv2fyxmswz2rze,1779612.0,p2tr,10,2
bc1pxh607gk7kfcxwwh274nkmwy3mwrpnug0z43fgs3d4s5x5c3fx3vswan5kf,1779612.0,p2tr,21,2
bc1pxktrqcssqgqkmf33q0kx68c84mx7992k4eeeuujkhr26x7juck6s22vhpk,1779612.0,p2tr,11,2
bc1pxmh9tvnl6yqc7wtzpuk6cmqppwtzjz8a8uzj5t72l3x0m8gpd46sp9y3dj,1779612.0,p2tr,11,2
bc1pxpzhs4d8p8t8dehsquqjhyf8htv680y9em9qx9xxmh4xq4a0l9eqkda2pf,1779612.0,p2tr,10,2
bc1pxqk2qkdj2zk0qh6yez2fte3hjkfepwwgcyts3srnk34h7tdggq3s5ensun,1779612.0,p2tr,28,2
bc1py373wvdd9hg6kl7ecl83a3h38xvf6z03wd0lvt0mytke95wetklqt805sn,1779612.0,p2tr,11,2
bc1py49cqq2ycrnfhn20q9pawttdxyyut2x8mw8z8m4r43ttdjkx6q6sln6j3f,1779612.0,p2tr,12,2
bc1py66q98dkwe0c64m6xa3f4rcxkt6vjqqfdr345g5dc9f5ln4w59jqn8uqf3,1779612.0,p2tr,19,2
bc1pyaxdycdt0w3mgrkajxwekjwsujkw8akts9f7pj3qwgwu3khfhlgszq2tt7,1779612.0,p2tr,25,2
bc1pyfv7w78v24z840vn4xwck35f7mqktsj3xvzfs6fh8zramyuughvqg489xa,1779612.0,p2tr,13,2
bc1pypjtjm506r377jgfk64vcplw2f4v838ukn4nkte488f3g96rx76suj6k2n,1779612.0,p2tr,16,2
bc1pyq8hmzlz8h6sd9prmllrnmkde7ppzsup3sct6kkhemqrnaqgm4aq0r5f3a,1779612.0,p2tr,10,2
bc1pyyktqyh7q62ejnjvhaknncurpn45hu0lg0p533wnsrzc4v7vypcqjpq4f0,1779612.0,p2tr,11,2
bc1pz0jteq9h4atnu9qgagtzvnky7v8jzhxzsktu8n92cgy5haqmnstq6svrl7,1779612.0,p2tr,61,2
bc1pz80j4q420n5kugruyyyttz2myrv6lfnz4c2f5u9376de942nya4qn77vty,1779612.0,p2tr,11,2
bc1pzaqn8udlwzej09pdnkaz52g4xmsdmng4l0zjvdqf7cegd2xnphxs2k4kem,1779612.0,p2tr,12,2
bc1pzds7jh927qsazeyw9wnjgqcttrts0kaqvawhxava7lakfvgu893qecj9j2,1779612.0,p2tr,11,2
bc1pzj9n9zglr26g3zhefeqe4drdhvkh4fyt0cdn3durwpr8uqxy792srq80x8,1779612.0,p2tr,50,2
bc1pzq00skvew0ytt2da6th8f2uzh8zd9lsqd6gglfmftwdzlpuqef0qslgdft,1779612.0,p2tr,13,2
bc1pzykzum89a4stpfnphmy4m5fvmcdeeamnwp5vzcg5l0c8rdzdr3gqkknqld,1779612.0,p2tr,40,2
bc1pfukg0hk86qhc7xqrzmt8qmp9d2dw6msp5gq8pw92m43serc0ryqq7glhz5,1779612.0,p2tr,39,2
bc1pfwtjtrx7xd9ny2yaf4r4qm90as99j7d6njyhnm2xg74rddzgpc8s5k2tv2,1779612.0,p2tr,9,2
bc1pfzt2j6vp7dhu0dygumd9ehjmnwk42u6mcdfalm3frxr9qmf9g94qm567v8,1779612.0,p2tr,17,2
bc1pg5s79rz08j6g6vw7trpyz23nttx7p7juj6hccuql8twdnkhy450qrluqhj,1779612.0,p2tr,11,2
bc1pga0ejfe3qfpkx0x07s879yrrrpdj9zrcs3y58aawfs7l27wvu2fq9keryy,1779612.0,p2tr,15,2
bc1pggdyfn269l39azyu4vne9vata0r96f9thqzadv2ze7ktsadjx2mqaqatwe,1779612.0,p2tr,11,2
bc1pgud3r5u7vkhh290euhmg685xwmwp56wjytpae9hvnzezkfjhtjmq654cxy,1779612.0,p2tr,9,2
bc1ph275n82pkla2vc70ts50yz5uzulp44neqt3k3y05e2avams8wq8s6vmp4x,1779612.0,p2tr,9,2
bc1ph3jq8wdrcpgvp68ngjezqx3qy3d87cg83nvxhm284jylrz8kajxs8anctz,1779612.0,p2tr,9,2
bc1ph67gx6e5kv0e7xx3348aclpvgs6n7p6qzytmfzlavxvmzue4x7tq54f2x3,1779612.0,p2tr,10,2
bc1phg2ervpnctkcqc83cfnygnz3q7hnhaufc74r0v0heakjwyafm09svts0z3,1779612.0,p2tr,11,2
bc1phn9cjh3law5e2l43vgq6qt86067yfcty8v4n07dmy8jm0r4ddmfqm6jwf5,1779612.0,p2tr,12,2
bc1phue2mgh3r6yusxzscxjaltsc80ll67uynp8jsckvtk8gg0mwkdysdt3yd5,1779612.0,p2tr,13,2
bc1phwsh7990yfk0yd8ugel4ah6etsqn65wsgcsmz0plxyxr38v5ynws4pmkq3,1779612.0,p2tr,11,2
bc1phx8yr8lxqqydu9z940u69mqprm2jw7ashxvn9xgxpevkyz02zuwqh64v72,1779612.0,p2tr,14,2
bc1pj7ra76fz2j9ljkkur7swrm3v6vcrh6rxm53mu0ecp3sna85gje2qw262vr,1779612.0,p2tr,9,2
bc1p2tnvj8tzfat3aequ2uqx4uqaz7t7nzr6y9nx2cg8y66mfnqjz90sjm0hck,889806.0,p2tr,9,1
bc1p2twhrjtx4qg25v9tn8xdtcra22px9xatjk48tgkstts3xmyka3gqprwy5v,889806.0,p2tr,5,1
bc1p2ufw53zhgmtwxsukl2pj2t7vgmm5mt7h9g04yluur6qtekqqcguqf693xv,889806.0,p2tr,24,1
bc1p2uusaus6h0xp67qmcw0lfjl2kgktcrpynjg5pssed2g95e7a9xxqcfp6fa,889806.0,p2tr,6,1
bc1p2v7upcnq7kzkp72pax0kkv6efq2m56xhned453cnq6h2zejealjsg6dxqa,889806.0,p2tr,29,1
bc1p2vhyk4kzwafx8r5vxqhv5yvjvgcdnesdsddfkewgpc8xl6la8awqjuqnqu,889806.0,p2tr,14,1
bc1p2vs7ejgxvz0wa7kh4lnhkg4s3ef8eqkfztlqt968hxa4yyvqteys6y8qws,889806.0,p2tr,29,1
bc1p2w7vtav0npwdqtesg6st38g4jznwsxxfw9rjz7k62ju3dccqudwsqwek88,889806.0,p2tr,13,1
bc1p2w8ucen9gqw3y6h32de2twjlhfqtejfckh680460fmn2ans8dewq90905v,889806.0,p2tr,9,1
bc1p2wc8ux6mtlxduxhjctu2lu6w30p5hmngs2kwhzdyzklezu7nztqsn2pnwx,889806.0,p2tr,145,1
bc1p2whcaurcygleywdpkfhpse0dty0hyhl80hxcgrchn557vncctvrseetu4v,889806.0,p2tr,4,1
bc1p2wq2fsa2rfgxz8exkv0nmeh73wc5u32s042me3czk9940n960zkslzfxpz,889806.0,p2tr,7,1
bc1p2wrpptdjsg76uc00x4xtukt23kpugeu780ky6v3fyxhnzlmj9cnqrxvt4z,889806.0,p2tr,19,1
bc1p2ww8kdkcsdt0whhgk3d5y0x5kjx4034usjz7mcew4prey279xaxsjth5sq,889806.0,p2tr,15,1
bc1p2x92khq3ehjm6kxqamfwap6xdquhcue3aceng3v5uqznuujpwjsq8qtucf,889806.0,p2tr,8,1
bc1p2xawd8azuh6zse8yfrx6nn4ctaqs32z7wwyl934kxxkwgatvv9ysmgufh5,889806.0,p2tr,11,1
bc1p2xrxzrqvzc70m0yzfg6sadqdracnqr2sx9ca0lxr4uahceh8dqqqtuyxlf,889806.0,p2tr,8,1
bc1p2xzvkztsc8v3me2es5v0mkqmfta27lk4t63k7p3k7x956e33zzaqxkm0tc,889806.0,p2tr,22,1
bc1p2y2gf30mq94mvcesltfx5gwmcw2a5ayam0mtztwvhr4xjf023l8se3jd2k,889806.0,p2tr,12,1
bc1p2y3fj5e08tyhgl8q0ng485snak44x7g2jzc9ucwuxd00he3ywuhqncquq8,889806.0,p2tr,36,1
bc1p2yarrrxe3q3njw2z4uas8htcs85kgpu7hser25k33lement9z5csv03mzx,889806.0,p2tr,12,1
bc1p2ykzgdxy79ljd9hg69p7me02fv592myk56h67qdx7h6un9ctc73qhq2ys4,889806.0,p2tr,20,1
bc1p2yvkl9kxl9nvzhfrwv8fpmrqca8qc6l20gnyt6qjh2y9nj9s230svgtlrc,889806.0,p2tr,10,1
bc1p2yy9gzdpejxv3kz2dx6ystjnl0wnklgqrqrpax3ajhmumtaawd2ssngw0m,889806.0,p2tr,20,1
bc1p2yyqcka4f0hrr9an5ugtuwp6yaa98n970lu5l5zu6wuhzx5l3scq356efz,889806.0,p2tr,9,1
bc1p2zef0g9qg8dmdq5yvdx3seqm25h5y60uyevl0dmjv58tvn82g57qjnl7xy,889806.0,p2tr,36,1
bc1p2zh5eplsfl255tlgm0p9hrs82aavg8yw8xwvnla3s4pt893cf86s7q5zpg,889806.0,p2tr,23,1
bc1p2zj44zy7rxvu0qw6m685ngp93jkjngl7kvaqupgtc09t6k7mne8q5chda2,889806.0,p2tr,15,1
bc1p2zjvar9tncl94j7z70zzdz873n7wp059peentae5ga7msf26fd3skj0ar6,889806.0,p2tr,20,1
bc1p2zpehrnzl4lrzd0yv2qd2qv5rlwms73xu44pgdv4tz8x45l44ujsvmkh3q,889806.0,p2tr,8,1
bc1p2zwqnuv7jzzrtnsvhsv8mjdevlnq8wr6knh96ww0j34aq54ulz9sjatewl,889806.0,p2tr,12,1
bc1p308epf3her0sljg969m45jydqujh5my76cky94xuq6as8xd6v3csme869v,889806.0,p2tr,12,1
bc1p308tf86w9603p296t0k07up7u2sfc6f6rrpeeznmqf8xatgxk8kqrzjyre,889806.0,p2tr,47,1
bc1p30adpqnpqgmmrm4g7lhtfrr66a4vhegu2p6e82pkk5grl0anwkvs6xzsc2,889806.0,p2tr,9,1
bc1p30rk4em8zh2p4ze2ep7m0jd5v98ht0errjh4wjgjfwu9a7fr5crqw0vtrq,889806.0,p2tr,18,1
bc1p30rwntdaep83wlv780lwsrfz6u6gqxx8azum6p68z64ktmqvf9nstagnr7,889806.0,p2tr,4,1
bc1p32595ygya4ag7nv3rkrq2w3fqy6ctdjusx5lqttk5uge4tez27zsdcg7tg,889806.0,p2tr,9,1
bc1p327r6yfkm0cvcfxyj9825g4pmwe2mevt9457sx22rufc0ldc8jpqsy3c5d,889806.0,p2tr,24,1
bc1p32k28j9m0vxzj2kskjadvq9vf0seg55hwvsqteaejugkaxu95e9se2vy8s,889806.0,p2tr,13,1
bc1p32k2nvdnyvnmp8j33tqzvgqnpuxsj928ctschw5et3ajvuzgdvkslmj96f,889806.0,p2tr,10,1
bc1p32kaq4cmkv2ftm2ncey94g2fjcy8865sycluk2pme96r384xnavq6xfhhl,889806.0,p2tr,11,1
bc1p32rrp3p8rdgcnpu9w7frpyuam70rhmrklqankxpe92kswlzsanfqjcyqe5,889806.0,p2tr,21,1
bc1p32wppd6thmzlru8ka0xkz50sgrkg76afwzerqhtnnah6fdhu24ds6tm8t8,889806.0,p2tr,10,1
bc1p32x6l7qfust3yanzry3hye0xnmjcw2yx9fvy3ttwdz8hv4ujvquskfp8sf,889806.0,p2tr,10,1
bc1p333z0fndq92v2v5w62nx9zy8jk7wwyy65p00fxp2ulasehk8k8rsz22auh,889806.0,p2tr,4,1
bc1p3352jx8mkg3thwg5823hac53rdpazx0gx2tekh9gc02vg3jdashqywe9kk,889806.0,p2tr,7,1
bc1p33cxxe5a70gqnwp32qr800ex68lrx4fhz6fuaqzyp0ssk2w5rg3ss6xgt5,889806.0,p2tr,45,1
bc1p33xjq2fdwdqwsxwv7mrdh2va6mrtcgrs9wq78423hnq580xwkggsqyv087,889806.0,p2tr,11,1
bc1p345jqr37k05xfp3mrn7gweq5pa0slarlwt3npsut5y398st52cdsvh2qdd,889806.0,p2tr,22,1
bc1p346u83ml2cxuk002e0afj35d7lphzcslmn8ja5cj3rh4q6zvnn5svg3d5s,889806.0,p2tr,8,1
bc1p349r9k29vvn25xuz6yafg2ex2t3plvgjrzfmjxcxlray7rwhcgmqx7naf8,889806.0,p2tr,8,1
bc1p35c88ejgt5xjykzemws243uxrzh2s88r0ppv4u3awkg8n4znps8qjtfdpq,889806.0,p2tr,10,1
bc1p35jllgaspyht864fq9wf9l2txkypxmjgxale5rx9268gc3j8w4lqxqzc3m,889806.0,p2tr,13,1
bc1p35r0kr3wle9su96ty9xyqfcgzq0nu7vw6rn9xkfgyaj62e4q0j6shpmt7a,889806.0,p2tr,10,1
bc1p362pl27pznw7qjakwhh85zfwz589v3flg0clfukjdhl5tcajrfssd4qy8a,889806.0,p2tr,11,1
bc1p36f8kpcczxdtm2xyn90mvy0xg0yvn4fgwa59cf2e0qaamx3nx6qqlyjlke,889806.0,p2tr,11,1
bc1p36sh22g47k2a7m8pvt3s6qc87t6tklhrw42zwz08x78yulqmcpeqhv452f,889806.0,p2tr,12,1
bc1p36vqpedyugrqkmr4ujf688puzsaqqsc6ep0rfywq2w7qg42yuupq5wr3d6,889806.0,p2tr,9,1
bc1p36yp0e4x3wpqq7r6nzglkk7sg33mjftdz0upec3e9skefnn9yx6qmhn4u8,889806.0,p2tr,34,1
bc1p370hjlh0wlxvmjfrn2m9437wa80f9kpv5073zw4p25e03t36pxfsvkhda5,889806.0,p2tr,21,1
bc1p370yr2h088an0va5t8f2pyp2f0vtjf7xf4dpwjdfmp9rmy80z87qwukewc,889806.0,p2tr,14,1
bc1p379ucc96gw9tlmaph2e2x42acwka0rywj66a7dz89a2pw4cqptmshwrjls,889806.0,p2tr,33,1
bc1p37en8s8ug06wckujflnyulue7u7kk9xmpa7tn9wpfzvwmp2h2l5qe2wxec,889806.0,p2tr,6,1
bc1p37s5a5mjupsm58wd3cghlh7gztmxr6cvwqd4ysy7ldhjhq92yn2qu82xse,889806.0,p2tr,11,1
bc1p37yhxzh9hp2dayv84xwppgyaz2xuepdlrvn9prpa9xt5ve36lujqq8junt,889806.0,p2tr,5,1
bc1p38e5yg29dfxrawy9vlsch0ah0lcnj8desm9r4xlsqmj3qetrlg7q687zv7,889806.0,p2tr,10,1
bc1p38fa7ea6ednac80v8drs5vksp6k5y9zzk0etamyhjy56qxmdfaxs0se63c,889806.0,p2tr,21,1
bc1p390xyh26mr22ythg8tdysmzm5v6tdtjtkf9anml9a4yv0806dkhsj8axt8,889806.0,p2tr,9,1
bc1p39cjhdgj78p54skjfqsaxq9lyh4j343zgcs44n6m3lnxhu4vfndq342cjz,889806.0,p2tr,8,1
bc1p39heq24erecdq94pa7mprwu8382mrjz4h8s56ajcfn5mdghd5amstr36zp,889806.0,p2tr,40,1
bc1p39xyfrzu4glhvd8ej2hr3awzq4rha8ktnz5wc9wcx4pl8trqs0dsu389hu,889806.0,p2tr,14,1
bc1p3a3caxv4q7hf833c8raycrmngp5r38m9vtwuhtl5h3xc5jhu9qmq79yvhj,889806.0,p2tr,85,1
bc1p3a564lywdp3rqluzrwymsaf7tfkpvuqw300xd2x76w5umcatgt5s7twqrt,889806.0,p2tr,25,1
bc1p3a66qw9m0x8wlqn9g42pch6v2rxpe7ldxh44ukdfz46f9df89zzq6ra22h,889806.0,p2tr,13,1
bc1p3a7l9n95f628nksknf2e0x3p2kqwr9246826zw4umxklnknndudql3ed02,889806.0,p2tr,19,1
bc1p3a9a9jmsc7pkdhxlg4a9dwcp77fs7trxggsf8va0z3ea6v8exn8qtqtc3x,889806.0,p2tr,25,1
bc1p3aar2sd6t8agwhw90f5uuk94yk9q6g6uws4pssq2h4r08msmvf2slc5xn3,889806.0,p2tr,4,1
bc1p3aax9ggam4r0hj3ty79ppx24lh2v9dxdcv6nnrwdnv7h9qcxshxsm9gsee,889806.0,p2tr,4,1
bc1p3afp6and82nlvulyefaam2d2vsy0cz4jjeuznctza28wf83uek6sd5gsu2,889806.0,p2tr,8,1
bc1p3ajw9dqslxvjvdpkdxms6yyl7vk93wnv2u2a32v5xlwlnc5jep9sjzs7fv,889806.0,p2tr,8,1
bc1p3atentzda5thaq9vu9gfdavpydu2m3hxg8cdp72wtelhqrmmh5qss08exu,889806.0,p2tr,16,1
bc1p3c06xyeda4eyw356hsekr9ema43f8h8xc4h37ylk7e3rps58wfescm7xhw,889806.0,p2tr,14,1
bc1p3c8kx7nxrv7hlrcamny9ghmkex85v9gw8jm7983arwqstnx2gjlq794kqz,889806.0,p2tr,39,1
bc1p3cavrvlewp72ldxreu7jux0wkc573pfukwvnjz36uvwq2xnmu4hs9jf796,889806.0,p2tr,25,1
bc1p3cx0hcgr6dpe7sapk2d0pkffw6yegl5x5rt6l9fce0wqyprejadsphr500,889806.0,p2tr,4,1
bc1p3d5ef42f59a6qal03354erj57lm23vad2qvkcdsmecmvm3hdfevq693ghf,889806.0,p2tr,16,1
bc1p3der50rcvfhlrqetyyk5pqpgwm74zxapgmdpq3xqpzlchdskpgcsvjndcq,889806.0,p2tr,11,1
bc1p3dlgd2jdqqtsuyt2z2ww526du04n6jpr60l0ppctpwrkywgtzj0srmsnav,889806.0,p2tr,46,1
bc1p3dr7l9lgdj84fss2y63cxrl00pvplweyupe6n7tuggcpxdqnhsnsq3ew9h,889806.0,p2tr,5,1
bc1p3dtgcmgmgcq4uhn2de0d0yu94dpgxk05496ttf7jdzpug7helpaqg75093,889806.0,p2tr,16,1
bc1p3dv7p2cr773x9kxd53z0kn3yyc2s8zxpmvytz8ptj9g9ya6jt5zqtq64w4,889806.0,p2tr,64,1
bc1p3e2rm3grdqjux2ltktez9tsclhcwah5qyesvrvecnfc8n3cejyeqqrv7p0,889806.0,p2tr,29,1
bc1p3e6msupjk6fhwzmsaughvj3t272fngrwnxchmskpqkkp3c5gxtnqzqrlr7,889806.0,p2tr,10,1
bc1p3ehrlsujmz3w32zgncfvf7y48c65cf5d8whfxv42myaxrg6daq8suc6td8,889806.0,p2tr,10,1
bc1p3eu4dslf89h26hujthsj6gj8psv3w88tyww7qx84r90gd8ju9r5qn6zq3u,889806.0,p2tr,24,1
bc1p3exwmvvuzkllj4wlfuytgzud7ae3avgv7xp3s8cpdnrtsh3p3gtqdu30d6,889806.0,p2tr,27,1
bc1p3eyq9vw5d6e8ta6cgmcxt5d2kk58lf0fynghthn7mw2dszw30dmqnlnaeg,889806.0,p2tr,4,1
bc1p3f3znktgqshhmy9z3e4qfrnsse2knqxk99qhsvu3f55slvv9sn6quu399s,889806.0,p2tr,15,1
bc1p3f8cgpdtg780ldgkd24dz8eg9utv4c4a2w4k7lp85tww2lg3q4uqdy0y83,889806.0,p2tr,10,1
bc1p3feafv6x459hyznq23s43r7vcsh2vq2rs2vgna5ny092dsdv8v6s75mlpx,889806.0,p2tr,19,1
bc1p3g9krlrrrvauce6hcc7u2e8e45cl6ag9rcvucm594pd8j546rd4s63j5xz,889806.0,p2tr,22,1
bc1p3gmwsmte9llcc479rrxe0au3tmemzkxxpnyl8vdgv5k73w48xqrs25a3ny,889806.0,p2tr,27,1
bc1p3gnc27s90djkrec74dy0n5swra4unpmwzslktjrw7uwrcuel0vxq8zrhkn,889806.0,p2tr,13,1
bc1p3hanakjapsgaygwm8cgvkex3jfe44ktt5j42mqxy5kp5x29lrz4st2yhtg,889806.0,p2tr,6,1
bc1p3hm7aac24pp8m2g7ysct4cukgnqsnh5uam8g2r9qly6c8jyr4p4sh2avz6,889806.0,p2tr,4,1
bc1p3hn6w6eputvxtkzm2c7jd4tewt4d6c9pzgxvu5e98hea5ze8rk4smhm59e,889806.0,p2tr,11,1
bc1p3hsf3xqwx2dmt3vnasa6vlqsppke7pq3s4g73uedl6r80f2eapzsakc2y2,889806.0,p2tr,16,1
bc1p3hy5xh8cay30kfaasdjvck6qgwandhz2tkar52mj5cptumshjzeqn2caa8,889806.0,p2tr,21,1
bc1p3j2fanrwkg48cmchh2cdwpd0chprpxejwhnfxs3ywmuyd9z0ynvsl2k0t4,889806.0,p2tr,20,1
bc1p3j3slvj22cjt75xwnjms88q6udmch3jrdavwtlmkfu60ugjc9n0sfecude,889806.0,p2tr,24,1
bc1p3jp0gqqgzectsyf7glkddh5dlvsdxe6y76gfc8m4trlakmh6dwps8qurjx,889806.0,p2tr,10,1
bc1p3jv5ny65cqw0adpftuws3ey2853vn3gvxu8znpme3534mg0re66q4rm73s,889806.0,p2tr,86,1
bc1p3jwr9cl2lkhevx5s9j0hnnk4k7f50wxy7u6t9k32nh3w5rhqwkmssrpavz,889806.0,p2tr,60,1
bc1p3k3u20drghkweklhyhupjaxx5zp0hpjscpm0r5pa5q26nz8fl4rs8x9q8r,889806.0,p2tr,6,1
bc1p3ke9ykzasjvnna0w4p3fwpxltgekfktq7kp88pew563759n027lq2af3hp,889806.0,p2tr,4,1
bc1p3khnzylpffmuz5vvgvm3kk3l0550scz2ppz0vn3npxhjazn9t4vq95jklw,889806.0,p2tr,17,1
bc1p3l2d96d67p9jf5ge03rqy2kl9h6uaa3n80u74khjad9qn2hlfajqcv94wx,889806.0,p2tr,5,1
bc1p3lh5qtpppldcleec6a7z8az8p9k6p9h4hls2ealfz4gm3yw6th3qapqt0h,889806.0,p2tr,5,1
bc1p3lhjd97y5x6hr0uft3ex48weszres2ergu5px9j69xu2ac4ed2ysx6x3av,889806.0,p2tr,11,1
bc1p3lhrh28dnpduhad3t2rgtjkjh9gw3fl4qv8gzk32fl6e2jr5sflsa0mn3h,889806.0,p2tr,14,1
bc1p3lm6jyjykn7da34n6jqrapvw4jzex6mehs4jq20vh8qtqrk5s3dqkth3wp,889806.0,p2tr,5,1
bc1p3lucxefm89mnyfeckm3c8yekcu8rjtgle6e76fmnxvxhnchtxqnsks08kz,889806.0,p2tr,4,1
bc1p3lxys8nd46jjw8056g2smauz5qfj740h87krp44p45j22pdj8c0s4azts7,889806.0,p2tr,96,1
bc1p3m6zscvu8wmwawg8s3ghftx65v3zmazgva648ezfhrv4a9ugpq8sqac3c4,889806.0,p2tr,25,1
bc1p3mjclrlew908ja2uwsw354gxjfar9mwy46lfjm27vna7adwd0thq74py5q,889806.0,p2tr,251,1
bc1p3mz8r2du325ule2chh4s0zmmguwdk9jh4hfu90zml8994sn0dkcqrsah28,889806.0,p2tr,14,1
bc1p3ng5nls4vum3ecq734yxp8sepuve6pnhrjfj92m0ynzjeegyxx4s8t377c,889806.0,p2tr,12,1
bc1p3nhclfmjdqp44ryestcjaf4pl8zaweu3ms4ah62pxad87rn5cc2qu2g8d5,889806.0,p2tr,8,1
bc1p3nldmvah75ypr77923698jpv3xvxam22xt9km590w8mylt5mavtqagpdsa,889806.0,p2tr,20,1
bc1p3nqyy93e0t76hlx9640scgle0ejy0dt9hlqvghrrqfjgy6rvrhdsg0lvtz,889806.0,p2tr,7,1
bc1p3nv9v8c3z85z7r25wysyhyjwrtzn65h9ah9d4exx0u6n0vl7eces4zntvm,889806.0,p2tr,28,1
bc1p3p0tsetx852e083f87juhzev2ndmmdh28qx2ylhr3l9sc44zcmqsn0vs5j,889806.0,p2tr,8,1
bc1p3p6njnskjv7fr5m4gx9ugzcdd84wggzxanwrsgfyhw79au5879qqkzlp6c,889806.0,p2tr,10,1
bc1p3pmf9g5lyc2lqxt3lhemwz9tp7wswzj40nxuf044vdfndgddepnsupfyt4,889806.0,p2tr,35,1
bc1p3ppswfwf9fx30llljn7hwr8us5mdklrmf9faxuzdl3ff3uzcg5gqh9zqkw,889806.0,p2tr,17,1
bc1p3prxwgy00vcmm2e84nwh7l5ahpclc4tankr8t4jmyae45nfpwj6shjrcwz,889806.0,p2tr,5,1
bc1p3pyvznlfuwfrpafr7j09paa539zkq6ge09wxxm3aqt4464yxedwqhxedv2,889806.0,p2tr,12,1
bc1p3pz6hxwnlw0uzwczj8q6c2z5jvr2m6ewh9wq5f40tt6znjc865hsvewvjm,889806.0,p2tr,8,1
bc1p3qmtq5dazps43k0za0d5kr2pdd7lpgud0wyy4jhjd0s878cshpdsth33k6,889806.0,p2tr,16,1
bc1p3qncnuzt3cu4lxgzughhwkv688hqrljuy73klpwka3hvgtrkzcvqj9cjvj,889806.0,p2tr,8,1
bc1p3qv3urjdslexzfv8u7plphpelcenc6w3ay78tqrmqf0x2l9furlqtfu76m,889806.0,p2tr,37,1
bc1p3r6z4stw7j8mqfgrh7kpyamc96tgwtr5wsxvk4e75jrqzw3dw2jqj08ztn,889806.0,p2tr,10,1
bc1p3r9vc05lpa4wmcexgty2t7sgufs2mjm2lstznla8gf2hquzv2c6sxqyh4p,889806.0,p2tr,10,1
bc1p3rdvpe04wtrsrd4w604wtuq7fpylxzm47scv782w67jlx2uyegtq5r6n2f,889806.0,p2tr,15,1
bc1p3rez0xmytsk8540zhnwrna8jp2gefg26j7qns9g2xj7l4gc5a8hsnzyyal,889806.0,p2tr,13,1
bc1p3rkgxsfqj7aumcn9pvvwnj7yraet88dyckurn6lav3m8utk2j5xqzd7qrm,889806.0,p2tr,8,1
bc1p3rprevvuuxus86gqy7rc8wt0fhw6tvrqhx2pd7wkxt5fg3mc6wks74kh69,889806.0,p2tr,25,1
bc1p3rrmwqhwqxa0hkfcr7hyj3n8smlxyyc8e70ufq405j3rwtg3rkfqha7se0,889806.0,p2tr,23,1
bc1p3sl805eetn5g46r8cxtdmuekpjrc5x2y3zg40cgszrnmwtr9nafsveggus,889806.0,p2tr,8,1
bc1p3sqxnuuwaxs4w86mnqxn8vm96gqvqdl6dtv5jkaadpjmeu9el2jqefuvsj,889806.0,p2tr,16,1
bc1p3suqp6f3h34xu80jxt9vrz0kz4rj6e34x6m98wsry2aspaqcv0hsukg2fr,889806.0,p2tr,12,1
bc1p3sxwyzeuy4jwrsnrsslrmpa6sluts2qfstelf5k5qzrp0hzasssscchum2,889806.0,p2tr,18,1
bc1p3sy52tfnq9zu26lf3t80u3q0309uksgaqymgzscaa52jqyk7m2esqwaz0y,889806.0,p2tr,60,1
bc1p3szqxqcqxc8rrzvhqyrxt6ysjxv6jc0gwujzcp422436kafud6jqp5463g,889806.0,p2tr,5,1
bc1p3tan9n9kmvunddt4medsn5sytpfk988cgt9cr3fevn44ywm9rqgqpeqk4j,889806.0,p2tr,16,1
bc1p3tf99k2j5ctxxs6c4d0af9gmym3yw4hqnl4jd9uj5gc6n7uvv97sh9ny3j,889806.0,p2tr,23,1
bc1p3tlm7v3gk0jlqyp6mhuavp9rl66zw98d3lh66w7kz6sgsgk3mktsed8p6t,889806.0,p2tr,15,1
bc1p3tnm4303p6sm5vuxe3ntvm85guwrq8zyjkn29ylcz2v3uxn06asqurmex9,889806.0,p2tr,4,1
bc1p3tq64chewud88x9ua8nkg6eq7xca9swff2ga6k5j2lgr3gu34zjqqu8mty,889806.0,p2tr,9,1
bc1p3tw2a9dnpw6pashvlmfdaz06rcsux4rga3jfnppft49ny0ukn25qd84jer,889806.0,p2tr,8,1
bc1p3tyntk558my7cefecg7zdpu3e8lu3jctthdp6mvk6x2ghndprq2svrxcfz,889806.0,p2tr,8,1
bc1p3tzptscas777w393y6xffuc06efrlx4439sn2dc5azzv2g7muphqk7c627,889806.0,p2tr,11,1
bc1p3uc45y0rjzdu69kmssa3nat87f3vxxrvf7exc844lwk3kc2u04ks0mj52u,889806.0,p2tr,15,1
bc1p3ufvunze8xdgyxaa2s5x4sejgpvyledsu9enwvss9pzjq9eslvjqvste29,889806.0,p2tr,13,1
bc1p3uxelx9shxzk46g2j7stsze9gp4vmc8qqgc7q4ngsghatel8me8s5j6zgh,889806.0,p2tr,15,1
bc1p3uy9qfu5p7phrhzs8xrq4x8my624ksj6fptfszzvjw6h3sqtu7tqndt85u,889806.0,p2tr,26,1
bc1p3v0kmm7e9vurumfle565qaqnzz4trzlvxse4x9kzythrgxp83z2q7x3m8n,889806.0,p2tr,13,1
bc1p3v40h50pg6z2zshwlx2wlf96a8lkqwvm80z0w6enqg96dpx7cncqrgrx34,889806.0,p2tr,10,1
bc1p3vnf4wge6fp7cql05ehke27dx3n40t0athnnserw7pdk0w5a32mqyune4s,889806.0,p2tr,6,1
bc1p3w90qcsnhr84fxa9f88a6ddw3962wu3amqt206vmtf5sljtuwaequxg5kt,889806.0,p2tr,112,1
bc1p3wgcrla56jf46sa5kfz4sa3k0nzq5mc8lld60jsf5jptepfxxmmq85gyxy,889806.0,p2tr,4,1
bc1p3whw34td3y6n0d9cpq6j8mvx4yryl64pkjr5t4ky0lv7p65gmsvq47xxy7,889806.0,p2tr,6,1
bc1p3wj3uj8egdtkw0fzjw7d7khr7z8megalxzvzj2ddh570867sza2shca3he,889806.0,p2tr,8,1
bc1p3wtuep3x5qnfdr6vp8a3ztkx49ehw0xsjum7kzk7m5y7pm5sra6q9597gz,889806.0,p2tr,8,1
bc1p3xnznwpsctpwc6h67plja0x9gkmj6slxx3lk2p50grp324mwwdwqgjclee,889806.0,p2tr,4,1
bc1p3xultq6ye6ncxtggfmndvedmxhamhf9qun05kfvzxraad372jmaq2ecuhx,889806.0,p2tr,10,1
bc1p3xznjgdtfslzxuns7edrwrdsyt9m74t2wj5lh03hha2c9a07srgqndw46y,889806.0,p2tr,11,1
bc1p3y0umtrp5gcl53xfrdvxxkmw3f83x3qhxxp7xxhzppumcdaaeaaq5lz9ju,889806.0,p2tr,21,1
bc1p3ygqm987sgdhfsskrl3jm8vznd6pa5hq4lckn89v2gpj0lzrtqssaa6dnr,889806.0,p2tr,16,1
bc1p3ygxzzm3swd800w7eh39gqdu4a83spjdld4rzmeyjths8sckkltsfc46l2,889806.0,p2tr,18,1
bc1p407l83n5j7xeakkue6jv3axknzzxj9fn2ksemjhyr2grf4c4cc3st3zdhw,889806.0,p2tr,13,1
bc1p40adg7xa2yndqt4ythy4sr5p4sm7e03aq0u5mhcauw77l5jm087qhhkl5a,889806.0,p2tr,20,1
bc1p40dgd57dnrneygssdtqpn6wem597ln2dwssrm47nqrdr40rf6s3sf8f9gg,889806.0,p2tr,19,1
bc1p40sjzf7rtehwrzk8mdnla30zkr6qgccfpn37xkam8m3s3s0p5gxsx89wcv,889806.0,p2tr,15,1
bc1p424aj9pr5kv843zzm5sjutlfxrga27qlypathu0hgeyg7dvp8z0q47c9w6,889806.0,p2tr,11,1
bc1pg73429r220zffxh79u8dv5lf4xxzx5lm0uszgu8dshmrzv258aps8hv50k,889806.0,p2tr,10,1
bc1pg7egfrjetj3qsfm7wrrf8sp2v0hxq2nleq35dsnf4xvsg8z9ajgsrah4zu,889806.0,p2tr,9,1
bc1pg7jswwdjhhg6fah9j2x46mz2l7zvg4xzhlurl22nm59ene8070tsucvmyn,889806.0,p2tr,45,1
bc1pg7k8kd4umjk70at4vmc96lghyx39j20pknt7623hukckaspwypmsdzqdcr,889806.0,p2tr,7,1
bc1pg7whjeu8c7zlmg9csfzypcqlwhysw7g5dfpt37mh8r6528lexuxq362sh9,889806.0,p2tr,13,1
bc1pg7xdvdqudnxkknu6zgn2mnj7xp9ayxp6tgskxdm228tsz65zflsqrdgyqf,889806.0,p2tr,15,1
bc1pg7z0dwp2z22dv6n8vusymag6zy2uxqhtcds05ehx8w84ku39a98sx9438p,889806.0,p2tr,9,1
bc1pg94g0wscmg7p6gu4qlnphp2axxv0dn6lhmt6854skz83wsqs8ezqz3cu2z,889806.0,p2tr,24,1
bc1pg94s65kde6mt0unxhw6ng9vegx3msqsez3p5z3f23mntswmut4aspycwm6,889806.0,p2tr,11,1
bc1pg9u4us4dng0rq5fxkh7f37hgjuun7nudkyq2wh0d9necmscrgdcspckc5c,889806.0,p2tr,23,1
bc1pgaamx9z6gu0qljf9yewl95lmccr7pzkg7qeum5wzusswsnpxs03spy3a64,889806.0,p2tr,15,1
bc1pgae40v9y0f648hzqk0ens0hn2x9xm2tr6zxluxxnem2y2fvltefq2wsxfx,889806.0,p2tr,12,1
bc1pgaf84sa94rt3glzdh3xzrdklrpphuf8grkdzus5nvyglhfdhvgtqy9t0nk,889806.0,p2tr,10,1
bc1pgamre4twjy0thgeq37txjpuwc4hheyu7w9sefukx62e53ut2ujhq73k2jl,889806.0,p2tr,9,1
bc1pganlk5ay8n3ewhudgerrvwxdua2mrwxam4q0tt3jpl7cx7h493uq7pa4gm,889806.0,p2tr,10,1
bc1pgcamr94sz3kvhmmxktgpmxmpahp892r4w42mq59qk93t2a89uzvsugznac,889806.0,p2tr,9,1
bc1pgd2rkgmu9gxew09kgu90yec73uda26wvy23faylkyqxjw2926urqcwg63n,889806.0,p2tr,21,1
bc1pgd99a8mngxjaycf2mllvwxcfuvzj2gfxfj5ndttgftt4hqjtkd0stnpl0t,889806.0,p2tr,24,1
bc1pgdggxkky356tu8r90ywajtrua4pqsl7mke3rkfycdftna9mp6mks096wk7,889806.0,p2tr,25,1
bc1pgdjq3kkg2643ejjy70sq0hw9mwvlp8e9dmkre7n8d7jc78uhzk2swlq7vk,889806.0,p2tr,13,1
bc1pgdt9kufljrpglv27s6yspjejxxulwwj3872ues0g5z5hx863q0rq2m50tm,889806.0,p2tr,8,1
bc1pge5zf9h8n7kedj868vt8e5v8lgf9z46yurm0tul773qfclcwhdgs4rqjzw,889806.0,p2tr,13,1
bc1pgeexjw0n7m44mn9vuautcjf3puqaxuglgflvawlgskm0mclxgk3qxplr50,889806.0,p2tr,8,1
bc1pgeflgw8vr3fr9vkp0pnd9mn76p4j24gxzzr3gh9wjmd9grlz6r8qqk2z7h,889806.0,p2tr,9,1
bc1pgf9flypwp5e3puw6p7w3pex3yexkegdp8nftyjcehukv4dz395qs4umau4,889806.0,p2tr,13,1
bc1pgfafj77zp6sdeezt6r4f9mzfs9nc46pjvnw8jtg36va2xrkh53essk3pdp,889806.0,p2tr,6,1
bc1pgffndtkwl0d07l3lnmk632cps630vehku272m0khut099ytvyqnqqnw9zd,889806.0,p2tr,10,1
bc1pgfhe3mgxjlq6ngwgx0tx9tnvyjq2mrst2a0rz4ua0f7ks93r8uvqa9e20k,889806.0,p2tr,74,1
bc1pgfv2z0gkrwdphkz908u77vtkc5sv5rap6c4vx67yenl4p5z3ctysr9myg2,889806.0,p2tr,40,1
bc1pgfxys3k4sy85c0cexr9mux9x4ht6v56y0zwml4j0qtnrsfmhmd7q7tzg63,889806.0,p2tr,24,1
bc1pggrqqrvj8swtka9f4qet0f9pf8j4j599w0jfsqt0ctnad6pqp5uq224rpq,889806.0,p2tr,12,1
bc1pggu9e6vq255ssufj57ydzxfa7ngj4jlxn5derh0ng9npwr3l687qwdumkf,889806.0,p2tr,11,1
bc1pggylmfuccexrxgm56qx8yv77effh9kzajsytd3s266slefy6kw5qnqwhyf,889806.0,p2tr,15,1
bc1pghlajc74z9fltfemtdxcvy65gfhltc9samsw7rm6v93qk0l5r7cqg4kxff,889806.0,p2tr,24,1
bc1pghlcjqkcnhg5umspmxr33fte5w0v58grn4aryj2ql0rafqlfhmgqgq2ksn,889806.0,p2tr,8,1
bc1pghyyyxuyfqdev6d3x07w7hjhsp3q6zeee88276ldq6nc0ltvl65qxjxttg,889806.0,p2tr,12,1
bc1pgj4pc0guszuh8znnw3d49uxndjlzfpknrmfxq48c86wjc9a7k77sgs06lp,889806.0,p2tr,11,1
bc1pgjce7l9mk34eu9z7072mh9kcvw4kqtsxse5ls7568xkkgxc82r3qrevhwu,889806.0,p2tr,8,1
bc1pgjrk97dahwsvm5klzsvsrs2nfy65rkwtmt0clla6re4t5m7a2v8s5c8tlm,889806.0,p2tr,18,1
bc1pgjvch6kztn86gcan7xtd0uzux8nf2ll84tpfecsllyvh4zgtufuqrvpm4v,889806.0,p2tr,12,1
bc1pgk4nvlvph50aws9kjaxjtl0d8u0mfvqsr69v2fc7dtrwch5egg0qpd4a0w,889806.0,p2tr,12,1
bc1pgk9sfuhfx0937kf2mf4mu73dcyf7kpnlhn3g5n7m0ma3txa94fesesumyj,889806.0,p2tr,51,1
bc1pgkd55vunxe00ln90kftg3jlzaxqut968ra5sf6c2z24vxmgx6qsqjnh7cj,889806.0,p2tr,22,1
bc1pgkks7qsjlxjf3myecx92ddy0duwjkcf0hwqm94amqt8gw5dwjrjqlangry,889806.0,p2tr,18,1
bc1pgklzjztw70qpxsv82xgfjzp24m2mtqr20sulgsystmsq42s2h52shsrwj6,889806.0,p2tr,15,1
bc1pgkzqrmy372hzyhz72w0x8tnu92v97nd7nw22rut7s3nxsa4lx8jq7znh3t,889806.0,p2tr,6,1
bc1pgl2udss0nacd4pttwdutc3auvgsqhxgktr8sn50qswd9f779z73savrr74,889806.0,p2tr,7,1
bc1pglgeypdlq8wdv3phs2hy83rl9pgy2h0acmld7hsu95tqrzmx5hyqd0dkq4,889806.0,p2tr,10,1
bc1pgm0gr2kmqlpvz6y4nmascv2hg8cuwaqzvzh8ja3lz9qj90nlxh4s0g4gte,889806.0,p2tr,68,1
bc1pgmk4vdfesteew407n0s0txlqwuk4crzf4ql877nf34m4ac26zm4ss925sc,889806.0,p2tr,21,1
bc1pgmncrqwp24tm4haqt5ut2mwzfs904tvavulqdvu4wz3r0y6p75usj90yn9,889806.0,p2tr,6,1
bc1pgmr3d03h5xw8cenwdr4y9der46yr3sesrvku4jyvyk283fuj6xzqke5fv7,889806.0,p2tr,8,1
bc1pgmteu4tnfskfyaen57nz4rwcwc6yhqvc2jlc89dfskzkj2pn83kqtv040p,889806.0,p2tr,10,1
bc1pgn08u77ucfmselfn6j9enu4ewnp0rxsp4et6mkk4e5e52j66h6wskcf8s5,889806.0,p2tr,8,1
bc1pgn77mx6xwwj8c8m5p7lqjs8ww6yq2sghxr94ps5r66gmf2gpkmlq5hkrpq,889806.0,p2tr,5,1
bc1pgn8fvrecme00tn34arnthxd5mezkrgge9m8u0a0lrha7ktsja2cqxwq806,889806.0,p2tr,17,1
bc1pgnk9kjzymqhmmtzt6ld6e8xekf35yw7l7dmmam32qhuxjlflgmys9w7jcl,889806.0,p2tr,10,1
bc1pgnvuxtw6fhsskknsuupu6lg74nf662ea0vx2rmcjupcgnflu0dystwe2ku,889806.0,p2tr,11,1
bc1pgnx6a4q5s9jeefdwkzmnprdr0egn0dlkgf5c6mk0yazu4q4qeqnswtsrde,889806.0,p2tr,7,1
bc1pgny7tsgcr86z4850yhk7x22xqn48dutghffk4n6zztrw9r0dd3uqrnwpmr,889806.0,p2tr,17,1
bc1pgp3zfxm42gt2q2tfgu2rl4gl9e0g28u96veptysyhudfhw3s09esn7v5hy,889806.0,p2tr,8,1
bc1pgppnjxy95hukkfehm6qunal82vgejsjlrd8yjqn0h35krgh8wtssu3q9cn,889806.0,p2tr,16,1
bc1pgpx8q5almlur8uklxpnhsvpzfayxa5s5dlrfvs3enu0k0kdp3fkqrptfrk,889806.0,p2tr,14,1
bc1pgpyfh8jwck4zsue6lelydp4efn3h266jhwwl28552c8g7jl04v9sy50288,889806.0,p2tr,8,1
bc1pgpzjsvcx6233ppjf2xaszl4cnyr5fawekxxus92jfq3cqdh0jn7sl5tq5n,889806.0,p2tr,17,1
bc1pgq00wfqwe5c4pulzsf4a9t6hh687wnzxvcyk0qrk7ythus0jdu4svv5ekv,889806.0,p2tr,11,1
bc1pgq3rs56ef0juj6lplf3fe93q5ll0rxslqfupepl66l2f3vlfrdvqm6pk5a,889806.0,p2tr,18,1
bc1pgq56zzwddj0ulf2vt4g3tuqac7jkmtqjlxd773amwhld90cnskqs26sjlm,889806.0,p2tr,5,1
bc1pgqedyu66vwufq6jc5qz87dvnhcgztcq59dnt905wjalrw5hq6xkq32np8t,889806.0,p2tr,19,1
bc1pgqh7dfyndw0vkdzjhstt5jr0ep585lkukcvnzmlfg4pw9ykpscxss9d384,889806.0,p2tr,19,1
bc1pgr3mnum33c9tn772lkafuqx0wteph7hlplw2n2urdhfehuggu48q9jutvm,889806.0,p2tr,4,1
bc1pgrn8zxwdj4lfv7550cpvnn8u9kgydhhe4np5m97fgpstlzudwnmsrqdgtx,889806.0,p2tr,16,1
bc1pgrv8nd2y48wc207nn4s9e3rktwl5mngfdrj2y79qunyqlwnlg7eqnlmcyl,889806.0,p2tr,16,1
bc1pgs8et087wkl0zhpcmqxvardmqyuheezv7m59vmvw597h50eavpgse536q4,889806.0,p2tr,19,1
bc1pgspy2etk75jc9v29vuc0dl7akdxwq58jt2lekeqh94379a2gejkse6c7f6,889806.0,p2tr,4,1
bc1pgsvvxa2v7g4wpywfq0cmxyt6jr9a63250ls0yl03v6ajzp9mmjgqtjzp7q,889806.0,p2tr,4,1
bc1pgt2h39nr4tp34wyg9lknz6r76rhfa9lnkflukjkurwkyepdsvdfsmtg5g7,889806.0,p2tr,26,1
bc1pgtd2f3g98zj3u0dthjsap22x7ru4x80xhxdgk8jmyhjwv20q9p8qlwverh,889806.0,p2tr,7,1
bc1pgtmct20vgn9cmmh2c2a9c63vge8ek3akuk7qsxt4q0c39njk6vmsn5h6up,889806.0,p2tr,9,1
bc1pgtukt04j7snpusksmsnh2h6wl2x4fd69mhv3jv5mlxkd3wk4zkfqjrp8y7,889806.0,p2tr,12,1
bc1pgtvz2jfs70syxyatxzkj69k7ca3vush96xx07wu4f8hcg2tk7lzs20pnvy,889806.0,p2tr,10,1
bc1pgtw7ek8m4ld8gk70jyljhxhlzw5dv9cpjt9k75rrvmu8uh89p6wqz5wgna,889806.0,p2tr,4,1
bc1pgtyva2xxz7hjpl73kszv5dxvuucua8xd7eecrfadlnk9vwqhyxnqs79zdy,889806.0,p2tr,16,1
bc1pgu9snrvjcg4xgkt849ek9q6r3zv0mck33hs3p9z20az835e04xzsl924ap,889806.0,p2tr,15,1
bc1pguwdd02ytqvrdrkm5wy93f54u3fwc338g79qxj7v0jecv2ur96pqzulfen,889806.0,p2tr,8,1
bc1pguyr7qtyqn7rtwg9qwev46l9nwqkrr57w3xe7dvzx9pw358v3ckqh4scc3,889806.0,p2tr,12,1
bc1pgvjffpsu3x8kk76yr2teuld7apsrm2pdgjxddaqap7q7w2zxu6ms6770mk,889806.0,p2tr,4,1
bc1pgw0ng7vqwxjatdg2jrm8xcs9pajluskd6szfpfgwfwxcknhqgwwqv287kt,889806.0,p2tr,16,1
bc1pgw2jajfx8ad3qtncs28dsslddt03tap7x9d5ntfn8g2f6zx37lrsvp4mlp,889806.0,p2tr,8,1
bc1pgw5xd8v8z3s7uqdg67hefkpj0sree49v9ls9x5nqp966dd30jrws6f00qs,889806.0,p2tr,11,1
bc1pgw7vxwcz7tk68lu7f9jh24qtlycs4ac284pfgvqpwg26fdmrafxsl44dwr,889806.0,p2tr,24,1
bc1pgwhjp60a0kgg4swfn5sq7w5zma0qxyf0wzf57lxaadsxjdna9ufqhgd9xy,889806.0,p2tr,14,1
bc1pgwwf43zyayzx2wywqrhv8gz6vlarx9zvdafnh0v9egls0eantx9s07lavj,889806.0,p2tr,11,1
bc1pgxa89pax5d7teqcfgl5gglad9ftm0vnx7vf7qq0yz5kptn50mr2qstezup,889806.0,p2tr,25,1
bc1pgxs43yg5cs44kudzx498l89pr0jtse5adlkqzhxch7uwntmhqj7q7zpgm7,889806.0,p2tr,32,1
bc1pgye9r5jlk6yg8uqjam2l9pyq0v9zwxm2hs8tzsud5zn0c8h7feksss5rdf,889806.0,p2tr,7,1
bc1pgym9xs0qqw4v2z08vty7jrjkpummughzdtq936l2jtnhts9ytdus4npy5n,889806.0,p2tr,9,1
bc1pgypyztflgf98fa457pfwnmme89acst4wp6srjsxf8sug8gu4m4rqtw0zjc,889806.0,p2tr,12,1
bc1pgyy5j47pggtp3awkhk7gsvrlyae0wqwqk966v6q4zvj2dy3s0lvqnaekta,889806.0,p2tr,25,1
bc1pgz3838678fc4d0n8rzj384kctsqh33v3c83fyqtd0u95cj2znr6qzgcuft,889806.0,p2tr,30,1
bc1pgz47408zkch6sfz7c5x6puqspa0phtqm5s6nxpa0295zc0hfrnhspd5s87,889806.0,p2tr,25,1
bc1pgzc463ced6nk9p2u7mgwtwsgsw20uvs7vn5ml02w7l52hyt6ck3sxzzyf9,889806.0,p2tr,9,1
bc1pgzmeyww0ttc430fmup8g549jv7x308efj55ljtl986ymn3rxsaks0pgsur,889806.0,p2tr,11,1
bc1pgzqczqcct59z58ayr0ftl2kyrvz48gxfpcqfuzcg8duen9e9353s3vdml4,889806.0,p2tr,16,1
bc1pgzwnq3pjevahs8nzxs4mt6333r9n87l57vly8tvua46wyctn3vvqlfqsjd,889806.0,p2tr,16,1
bc1pgzwxmxudxzqm72lvj7txf7mect5apzcqwk5t8c7xlmxpkwmv8e8sk6c49l,889806.0,p2tr,4,1
bc1pgzzvl2p28ncy60mwp86c2mpnfevjxcmjhznwmg9lrl492ylhvseqd2zpx3,889806.0,p2tr,18,1
bc1ph06yedd0ct56e5dwcetca5amstgkz8hmvvsn6cas2av242cmct8sxv8vn6,889806.0,p2tr,11,1
bc1ph0p9ahsh4g7jd2ltp8s3tw8eaukwvlpfl0arfhgxkds5gaaztt6scweute,889806.0,p2tr,8,1
bc1ph0sh65n5uu7jtldka29ng58fsjyw5e7megwq0yqmmeevlkyzt7msm2l68u,889806.0,p2tr,11,1
bc1ph2tpna3m4jl088szpujkhpfjv8lmn0p7f0fsh3x3cvjs7gnj93tsk4lva9,889806.0,p2tr,10,1
bc1ph2w6sdhc65dyxt4qv9kanrsthkdeppm7a3s8h7fetlxslswt76vsx9jz0j,889806.0,p2tr,4,1
bc1ph2xnxgkncd0rvhfu20502n0rh4puctwq76m2mng8mmv2rjgygj0qg375rx,889806.0,p2tr,499,1
bc1ph37lf35c0ql6xzu79gp8n792w7gp44tvu4906rknuldpsjzxeujqls55kk,889806.0,p2tr,14,1
bc1ph37z0v7v0zq25m6vsna0tnsrcwdajw2apfqsayqm342e28kw76hqr2zktg,889806.0,p2tr,8,1
bc1ph3exgdjqkn58xn86633t45phy82mk03lkzc5y0x2rxkp5n08mqyq5a4n38,889806.0,p2tr,10,1
bc1ph3hkz45ghw4fj6mtmkfcq4rltzw7hg2sjnyztmxjjgshg76f2q8qd8n2p5,889806.0,p2tr,32,1
bc1ph3j487jzvvn5vsfc8e094jys8dthdls8vlumlpf9x3msvw9mf34qd8gxhl,889806.0,p2tr,20,1
bc1ph3sp8xwacx98xlm26n5qakeqkch22qv8lqsqzsg85n0uegvjrn7qq6qdnw,889806.0,p2tr,13,1
bc1ph3yax6d0nzxp8p4u6pwzn2uf36chntsdmdc6ep4k6wy56wxwl4asrkcw9h,889806.0,p2tr,6,1
bc1ph4d2q3sfj2frnnz8zgfxjn6j3sfct86vclgpppup9va00xm0ja8sysqpar,889806.0,p2tr,13,1
bc1ph4j93td4d83jyw2twx0n7f50sne3ysfu3n9c927qdm3j2xntl3tqmkzlvq,889806.0,p2tr,8,1
bc1ph4m68kadknt5a00g0lqn46w5merqdpv9zrhg7azyrt30c7x8xh6qz0t0ff,889806.0,p2tr,16,1
bc1ph4ms9psv6gpt5lhpf5dkmlp22escpq8jw3uql6ml70lmtyvm4s2sszfhh8,889806.0,p2tr,10,1
bc1ph4zqetjgzsr39lrssqrgtqm4tpmxpg75u7jg06ke477nux3ncjfqp863t5,889806.0,p2tr,153,1
bc1ph520j2ahjj49c2udm22gue3k2rcfaysmcvdpc6n8kc4ne7hvtuqseq245j,889806.0,p2tr,20,1
bc1ph5993q6xdvmajgnvs02gw4ds5l8sqnje809c27hvs4cpyl3uucxsje6q2t,889806.0,p2tr,9,1
bc1ph5ln9yfdmxz955g305hd2t6l0n2zdkrxe7kpesq7e9dwwwcnwqdqpry5le,889806.0,p2tr,11,1
bc1ph5z742r92uaveggxx7llnazdupc9x4h7z324ntqa3au985qvh06qyvjgqm,889806.0,p2tr,28,1
bc1ph6at2e9hw3wwz6ct834rzjpfv6cu0j0ac0ww45qja3k8phl4phgqazeccm,889806.0,p2tr,27,1
bc1ph6dmv2ekg9l2xd5twpayhksv480q0g2eyu7rnpzkpqtxq7xved9szchk7g,889806.0,p2tr,11,1
bc1ph6euxxp3ae98zw2502yqlj8xtz0cyavkllaw0x2gmxw44ymlf9pq3juen5,889806.0,p2tr,8,1
bc1ph6fnrfguxw7rq739e48wr90207tls2msyhauu56t79ykje8p8w5sxt9k4a,889806.0,p2tr,8,1
bc1ph6t9k3he9egyl3nqvnt8fc0pg0zhmcn03kq0a920e4squaetz9mqar4fkt,889806.0,p2tr,7,1
bc1ph6vguwp9e4stclhst9dqxen5xwsxs372xl8vx8et2mvd3gre85tqlfnqvs,889806.0,p2tr,16,1
bc1ph72x0khyqwlv8qpveynv3pdq56xzl7772wfwt34eyl0z9n44ng5qnfs4xv,889806.0,p2tr,39,1
bc1ph74wrhgsdgjqu08rzpncslz4d97ew026fanny2mdcp9ylg7fqmjql8027r,889806.0,p2tr,11,1
bc1ph86ap3ycxw4dv53m86tw49wugmt6r3p57fx5cess0ulg9e2f8cksy7n7x9,889806.0,p2tr,13,1
bc1ph8ut8h89kap3qfkerddw4yt8wv6u4hv7azm0l4ysc0gyc8shhdwsjrm0mz,889806.0,p2tr,8,1
bc1ph8w2utr3mnvh0wt5plq33dyhjejkd46hstppsukl0q9kk6xdwkrq7gdd63,889806.0,p2tr,9,1
bc1ph94g73ekrdq4p2v3ytrvrumrtzxzr0svmffyjaz2twzc3mux4wkqf4tmm5,889806.0,p2tr,9,1
bc1ph96rhxg64jer06dlejaaj3ex5rtm5ktadyhpxgn9u4fhxfxcye4sj68vzg,889806.0,p2tr,9,1
bc1ph98a07w28ymyn7ccqwuc4vxekpx27w8lqf9yw6p39e6cnfr5de3sksl30s,889806.0,p2tr,11,1
bc1ph98qzjhekdqv5pxt8pu782ce4l8k5emsqcl2e6l2g3wq6uc5c2wsaug4c7,889806.0,p2tr,15,1
bc1ph9c64myuqkx7yhd36dk4u3h34zestuk6np9ng6zxz67pn76fs42s4a3246,889806.0,p2tr,16,1
bc1ph9t52s9hjy6c43gqj7790qm4226jqywm2eqgh746jquvhav4hgrqpg9m4y,889806.0,p2tr,4,1
bc1pha8c76zn2h0qkcuvxk60qah40qd654695hpu4rqq7h8tzkctcxasj5ky42,889806.0,p2tr,6,1
bc1phaagw6qyx20txfyf8w29wcve6n7apslzqwns3u3nechrugjyesnsvj2sgv,889806.0,p2tr,21,1
bc1phae9ek43y7vdkm6eannf57e5qlrqg7lcup5mc48xem5x36u0f47svkz5yu,889806.0,p2tr,7,1
bc1phakxnn8qf66k6hwracj8f29d4lp27y653h6zeweg9san7l65peysjxeusk,889806.0,p2tr,18,1
bc1phaq7h84stqvrepzflahdqtzvcxsznsuuvrsrqkdyt7fktpuje9nqntfwl9,889806.0,p2tr,20,1
bc1phatpy92352aqd3lntpfyctnk4ay2yeqdtaxnchjpay2mgw99uuks5pqg2e,889806.0,p2tr,8,1
bc1phau2hpv9cx2xvrp83f44kmpnqh878wuvx99wepr3mhmacmx77eyqux2mcc,889806.0,p2tr,37,1
bc1phaucqmk6hghrx86l5zfq2cykjecuew446cw8vs8hfjt65unfr2wsj62fee,889806.0,p2tr,62,1
bc1phc2m5kr4thus8ln5ykcr78f677cddxyhkhjxxp72vgge59kjce0s0lvy4x,889806.0,p2tr,11,1
bc1phccxmz8ah37mca88hcqf3letgzhs6853mdu9un7x63vk6x0eflpskjdt3p,889806.0,p2tr,6,1
bc1phcgvxgsxmp2gg3fen8f7pmptux9xcwhcq06q5umkq6e7wfd805zs5cfdl2,889806.0,p2tr,9,1
bc1phcr9mwct7uw5xeva6xsl9g6l8u55wxvv5anpddzt67juuzkc33fqlqfzdk,889806.0,p2tr,12,1
bc1phctnl2cgz0t9980tdy28l7dlerllu38yhh3lchk4h8dwafne8gpqzt60w8,889806.0,p2tr,8,1
bc1phddtsjlvtumnfn35uea6d53lekf03jdh90vc6z5aplj9nsm6kmnsy53zp6,889806.0,p2tr,20,1
bc1phdl0np2chmj9xpnu5rc5n9c7w2x5f6ten7vm52fzxch6n6jgqdwqnwa4d7,889806.0,p2tr,14,1
bc1phdy9kqfrvlxcr2w92nav9hpzg27a0e4vvapjynjsug80pfka6vas8jnzyx,889806.0,p2tr,16,1
bc1phdz4zk5ulm8r70n7wex0m8r2mkwhfhqntatclz7amft33nfh8q9q4n6vvf,889806.0,p2tr,20,1
bc1phe6gtjr2g46g73w3jedevdgcqkda4lcv8l9xanql2vr6grgrhfssynkr2n,889806.0,p2tr,4,1
bc1phelkwps2nt6ut6e88v3lndxmcvpzw76dpxc3zxxkx665rpd76xus9s87m0,889806.0,p2tr,13,1
bc1pm4dqy6cf86gp7ftsdg0jkhs7fuplewpr9zecadl3h3p3s54wwyhq50yfmm,889806.0,p2tr,23,1
bc1pm4pvqwpgw4yu4r5hpd366jlmqqlzxws0z5rdnrfgw5dcgmvppn3shw3n4h,889806.0,p2tr,17,1
bc1pm4pztq8xeh9rlrfflkrf3nsm5ssnnjsz8x7l9h78ecl65dtfa75sk7yjj6,889806.0,p2tr,4,1
bc1pm4whnwxqsfetlxzpplsc2ln6295u85zzcjxlqgv02pkutlsmt6nsxcej7y,889806.0,p2tr,9,1
bc1pm4yxp5h03clvhj48fvfsy6jc70ler5sr3pdevh9z9eee62j546cs68lmgm,889806.0,p2tr,13,1
bc1pm54x8eh9flc8qexs6e9s9wruvld4aawf65w5736s6tzaekhu3rfsrz80cr,889806.0,p2tr,14,1
bc1pm5ca8hs3cj9y8hkmh0t0v49l4aayt83plr4c7tnkuq0l8406scgsesrcpk,889806.0,p2tr,16,1
bc1pm5g2qz4aqy0sz8ju5swvze90qetzemdjgssmrkrfc38vapntkgdqdhdmnx,889806.0,p2tr,44,1
bc1pm5tpeqmktnkst39skxvm0ejer7clgl8wjcvyguugg6s55kvt6yrqrlgn04,889806.0,p2tr,8,1
bc1pm6djujn2dj4etztchplsjyy633ks6dnkh8xhh59z8ll8hvqxz28sruege3,889806.0,p2tr,11,1
bc1pm6nk02rw39e458hdnpa4f7ka82cchgl6lvu8rqvfyyseyl34dj2svctzrf,889806.0,p2tr,15,1
bc1pm74ep4cznkep4lsu6wcn9qvnjq0scp73zqj4vze9ytf03nz26p3qlk069n,889806.0,p2tr,6,1
bc1pm77sh7k9ycxm54yy95vkulxu3hagqxf0g7qv6fvml3cwf7uk68hqhlpghw,889806.0,p2tr,8,1
bc1pm7eglrwkkyz5dqun6dc9p0mtyj4ntx5jw58d5xlrze429l4rekwspdanye,889806.0,p2tr,10,1
bc1pm7fdrjcr0utp9qx3xdl9n66m5gveafjs9xpunftv3sgaytygwu2qf0fa0s,889806.0,p2tr,8,1
bc1pm7juf83raz5zwlyqyrqq2wjyaw5fudefkmerm0h4pz5kga0sfqeqvs7ve2,889806.0,p2tr,24,1
bc1pm7q4d05xnv7t4wlcctpe4pqpqmjhjp0ql4720xkdjgelqzh5x53smaj0u8,889806.0,p2tr,15,1
bc1pm7qk6y9zhs4yk856kehylxm8222u55eyjs40f5yt7zflxrz660vq7rquk5,889806.0,p2tr,8,1
bc1pm7vksyqgt0x5mqynz86xqd03pkgpducdgsqt087c7cma58mddj9sy56yhl,889806.0,p2tr,8,1
bc1pm8035rmcgl593uq29s0ck52kyaqnywppnp6g98eyyqp62amh00ms63hhc8,889806.0,p2tr,8,1
bc1pm8cgcks28a9lgg8jlg8luf6wznr6mtke3w4tvfsfkhgcvdy494dqegyz2y,889806.0,p2tr,26,1
bc1pm8dmf6ce7jgvf82eahe9v63jpfhmqtftmlz07a0z9dt2dvhswwnskxr9fx,889806.0,p2tr,9,1
bc1pm8ezp7f2gawsys586s4s70vufjdt32ujurrpj6xhf35qt4ef46ystmz56y,889806.0,p2tr,28,1
bc1pm8jfg5x8ajzv9va7cxwx3rhagstwsrugzl9345ex45ex79ecz5cs2xk0p7,889806.0,p2tr,19,1
bc1pm8pd5fvh5gpp2mn53glrp6gfx9y65g36j6rnjagv5s34kf2a09nqhpz5vu,889806.0,p2tr,11,1
bc1pm8y353kwtuzs74h4d6km4kwyknjjqcxjlreh3y62hm98vkhy6kuqttgepj,889806.0,p2tr,57,1
bc1pm9225j4ewm9sktcxns7zjt6prs42eqz6dvpzup23v8ct63x90k5qnju4s4,889806.0,p2tr,15,1
bc1pm9dy8ufhv8tuhm3asmcfx5d67r52echckk4zc3w9qf7vqv2u72zszprxqq,889806.0,p2tr,26,1
bc1pm9ehxujnjh36mz05svtj5vnl07285sdskhrqgzdjrhfn23fzrzjsakjej9,889806.0,p2tr,9,1
bc1pm9v4pkmzpzndg5tdyjfkud9a8tcx4pfmh6vxp67k0sqtz87qgw5sp2rf4j,889806.0,p2tr,6,1
bc1pm9wkxt420nyh9p7ecrg06v9x78x4mh850umrfx6m8hlp5hsw8dysm9mhtt,889806.0,p2tr,11,1
bc1pm9yt78q470cwm4tsjp5mxfqkt3w3y8pwghjp97ucyv66wn47gdmqeax6jc,889806.0,p2tr,12,1
bc1pma4mlqamg5jeplmcxnexn74tza0shqr2jxwl3c3z3g9ym6nacjmqqhxasc,889806.0,p2tr,16,1
bc1pma8pe0xhg6qqc6qwqkwfj4czaw9k5h4xnz7tluh3f9e9ewxk5wmq8l6srv,889806.0,p2tr,16,1
bc1pmalkgdmjfd47wux6jmfpkf7njdgjwfxr2t3v02f8dyv52pwwknrqq59l7k,889806.0,p2tr,30,1
bc1pmap038v6zhjga8r64xrxn3ln6l6p5vkyya5g840swx7m9ph04gksxwqvcp,889806.0,p2tr,12,1
bc1pmaq59jwmrw0mkq2h39g7zw6np397s9rj0fdg8dm7ek85jdjrxkmqxe0d9q,889806.0,p2tr,62,1
bc1pmarujxkre4ge223vkxc3wvcma9w87qugy06wxjq7ufsr3glrrpnqa6dtwf,889806.0,p2tr,8,1
bc1pmasxfhzak7eztx8k4r2jad7034wf589nu3gsd6af4lztudg5wlrswpp42q,889806.0,p2tr,25,1
bc1pmatwu2hxqqdvunpgs3s0pn4rxldxm70a7a0urugaphyuwd9e5avswt42uf,889806.0,p2tr,10,1
bc1pmcgexapscfwn5a2fl5zjqjlta2yfva3xwe6n2hp7w4tzun96x47st429me,889806.0,p2tr,4,1
bc1pmche7hskcv5lzztyk2hrakgurd8m0hyp2uc5rneuvsfc29h63rns6fa60v,889806.0,p2tr,9,1
bc1pmcmfd29xqtsyup72872jww325hqu7x22mfvx6jsnla7e40et5rfspg8yx3,889806.0,p2tr,8,1
bc1pmdjhtrad7dh83e08upcg67rwp5r6hms9347fklle9gnfc8cfjr2sxd7983,889806.0,p2tr,17,1
bc1pmdrkcw36amvratpqkw599nggeknk0gvw87dz2apcfgqx7fws7xvq9t0z4z,889806.0,p2tr,8,1
bc1pmel2e05ud9jkfk87qdnrn3eyv6sch0yr8ufvegrjr84k8e3w39msjcqhwa,889806.0,p2tr,6,1
bc1pmem4m88xwl9eyh6qwfyhpury97y3cy2rr3xd8q9vp8djwqfpj3hsp7nc9x,889806.0,p2tr,27,1
bc1pmf0m3p0kpdgqgx50xurm8pat7qks4hpvyctlps6p5sv2nqhswmls20q2js,889806.0,p2tr,12,1
bc1pmf9u6gxvy0ppmp7ytqnnj0rmav03geup69fsan3my4ftjxzdk2js73vk6a,889806.0,p2tr,10,1
bc1pmfadg4cpfrukry0cdr2n4nm9pdhpnt6dztvlxhgr69az7p8nmr5qdwgzua,889806.0,p2tr,4,1
bc1pmfd8g2zrcqqlrsmu3nxn6summ89trm3j0z5gtf7kxmu0ahdm4u7qk9xq9k,889806.0,p2tr,128,1
bc1pmffq6rp02th2tmjax5d2zn3azeulyxg7ljcshdt3mr8zjn7usm7sp4hfp4,889806.0,p2tr,10,1
bc1pmfgavzs0zxgmmz2qwkshkymq6aldg9xw68cdfd6vlqj2ayret9qs8z839u,889806.0,p2tr,18,1
bc1pmfs4t2j093zn8pgqjrgkcfjwh4rr0n3r2fxlu8654w33vkw7rfqsegwdda,889806.0,p2tr,9,1
bc1pmfxfw52lanaqe6426az7exnpfckwvsxxs0hdwegntdzw7gzfw03qpngkcv,889806.0,p2tr,82,1
bc1pmfy48nms8gvd3s9djacpcm6fyj9n978a5a0u757u03lg3m6e806s32g373,889806.0,p2tr,8,1
bc1pmgjsx2e776kj7s88u574m0avvltttgr7lzhh4d3lc64d9ah3jgzquk9err,889806.0,p2tr,10,1
bc1pmgpd8e74c8aznqunhf8qspxdya2vpekwtt9u9278fwsf6g4mlk4qnvf9rf,889806.0,p2tr,9,1
bc1pmguanzfjdhakstm606cljuekenl8al2tzdj8kjqnjgxv98wczz5qqsnugg,889806.0,p2tr,9,1
bc1pmh4urzc5hlq7sdtadj56mu68cppa0w2scsh5pku924cc0kgveufqadf5hr,889806.0,p2tr,46,1
bc1pmh59fy7s5pjldwhvvynfe2rvxku0m7aua5pd5ctluan309mfmd9q3w559v,889806.0,p2tr,22,1
bc1pmh96vpr5zzatgsw39hatgcm0tzkkcry4wuutc8az6mjlu3n6zsms2a0hmr,889806.0,p2tr,16,1
bc1pmhmvjjx3qywnggkx96uvp6qd8u4sp5rwgaqqkvvjc7nvsw4dg5rqm84vdw,889806.0,p2tr,10,1
bc1pmj30fsymy22gn9qu3kc8lfsypcmhunfzzwu2l35cs9jmmx3xupjqkkv9cv,889806.0,p2tr,19,1
bc1pmj8fu3ldyx3wmk96mvlqn9cky7pyuclntfa09h46fe88n8ghrrpsegm66t,889806.0,p2tr,13,1
bc1pmjcvav453m7y7v7x63ep3qsfe5wud5m8pax8s9adlrc4drm9f7ws62a9d3,889806.0,p2tr,664,1
bc1pmjdnkavcg2cyf7lvkud50jx03eksq92h68qy9806eptv70a6fymshtzj2f,889806.0,p2tr,25,1
bc1pmjfwxevspscndav0h3d3ss2zavjae8ugdt4w23lk9rcfv9xtcveskz4h03,889806.0,p2tr,25,1
bc1pmjrqaz9mlrre7vmj8aezj9fhp92mz8jdjysfl25ce6zdg4y4pg7slty4vn,889806.0,p2tr,12,1
bc1pmjuszytqtwqdu5tm0yuuk2qhrnqmfyurpazmzfqwku8l3ah3t5qsxd9mr9,889806.0,p2tr,12,1
bc1pmjxfuycfwp9rl6jkm37s2mjh8tdt4hjhh2kathw2c2r2e762pgzqelff4n,889806.0,p2tr,10,1
bc1pmkh02r6n2np0wsnyakesm0tfwzgavlw9qucj7q5l9puevry78ads0axh6u,889806.0,p2tr,91,1
bc1pmkp4rj58cg08wxjdtcekf5wtg3ukp57q8sj20ygwvv9ct7sl0peqsnhv54,889806.0,p2tr,23,1
bc1pml57xq0mzm7jrft6fqmznm8t6pvl9wdq5tp0msjl9gpmnpwec2vs2kvcke,889806.0,p2tr,15,1
bc1pml9t6y8s8kstyr6pmn6zrc24wp4gv92ath60nakchuyr3tph4ngsg9r9ea,889806.0,p2tr,12,1
bc1pmleawdjagxl8lytv4m8aqecpgwqmx7wupw43d9vx5n0njsrevapquv4877,889806.0,p2tr,10,1
bc1pmlg7nhgck44h5kfyzuyakcrj4dqgvy3qur3rdpguxy77qkg0taasvctmu7,889806.0,p2tr,11,1
bc1pmlmzgt8gaufama28kda8622hv4wywxvhzdqmn7y7vw7dgq3a28rqhu9xqs,889806.0,p2tr,15,1
bc1pmlvzyp4h8ygj7z2xjgl9frp7eml8c7g40clstg7v804jk5d2mq2qjuqfsh,889806.0,p2tr,8,1
bc1pmm2vk6cc3yqlw8mucnmutnpcvkwy88tpctuzp6m3xswzgp028wfs5c9ufw,889806.0,p2tr,11,1
bc1pmm4ehc3u5269n4tr6np459jfyfyw3zma4dz33skv7em6xs0d2vts63whyx,889806.0,p2tr,10,1
bc1pmm5qxdly0at47w4pr6u6nssvl3c0wh85lej0ttv5cyk2uygur9hs6228hf,889806.0,p2tr,13,1
bc1pmmxlhs8kk49vgv649a5vnljd5kmjkwnf5fxu6lnh5p3qk3v4r8tsjfnglz,889806.0,p2tr,9,1
bc1pmncfc7t8drddvtcs5wuq00uxtffkt9rhv02ze4weytzvtpq29qhsrk09z8,889806.0,p2tr,10,1
bc1pmncpdsn6zk4xq9nmtg9uyhljdr24phe4x0af28f7556crl3tl8lq627kfk,889806.0,p2tr,7,1
bc1pmncpy7r0lrntfrv5sghkn4x4vv6v075vah788hhdmnn9kd8sm6ysx65sjj,889806.0,p2tr,12,1
bc1pmngst45cg48dj0jwvz0wl7a22su8n0a4x4nqn36vtx5vykxrezgs302llm,889806.0,p2tr,8,1
bc1pmnls3gw2q672762kmn30znknznl5nmcdpf6kgx6sn6adjnxhp3hq65rxl0,889806.0,p2tr,16,1
bc1pmnqhc0ce37u7djt74kzpdqy0z78k30ltvce87uluc9sktn86wu4q9e88tj,889806.0,p2tr,16,1
bc1pmnv4lmvd5fr76hw948fg8snpcg3wzd3d2aqz7tlr8vawhtl26ulq7ycgzl,889806.0,p2tr,8,1
bc1pmp45t0hc0h9gfwmal2vd3hpu7nka3w9v74sa2zmys46hnccwus6s2jw2al,889806.0,p2tr,16,1
bc1pmp5926sz9yrzuueh459c8rfgzk23f7h7t9j87797rqkp0euxsxtsuj9hv5,889806.0,p2tr,10,1
bc1pmp5ee89ngcvkvcw3syd6lx38qt4tsv7p86wdldhrmkl9pdqhgd7syg44rj,889806.0,p2tr,22,1
bc1pmp824qg82p456rtuc5fuftvna5pjv225xtj8g374sqgzeyd9hw8qslfy28,889806.0,p2tr,14,1
bc1pmpcx25sd8rfzu5x82vfun6mm62qqzsyx0qxfssjhfj8pnlhgzr2sl8hk43,889806.0,p2tr,9,1
bc1pmpfl90thyfdu5rusxrpwarfly9n0a2yvtmt8suzr7kdtlf9uv6vqmw7fh4,889806.0,p2tr,25,1
bc1pmpm5tlf2233meym08347hc9klaffkmm9wd5ts8ee5j0c663qtvys3360vt,889806.0,p2tr,25,1
bc1pmpsc34tsxz3073x3uhdyex5vmxumxx3k932xt5pc0kfg4te5hk9qd4rems,889806.0,p2tr,8,1
bc1pmq2ps9fdlqdcsdcqxct275crvule6ad0p7qnhhk38f9y77dgp9zs0yx8gw,889806.0,p2tr,37,1
bc1pmq5s0km637w4m9nt7j3khhcwfcketdqncw732dnne4e2a70q038scg9svx,889806.0,p2tr,15,1
bc1pmq7ntg6l6pkv32qcasu70f0nld2zfdstmdtymzs3kw4d08k55g0sjtnm0v,889806.0,p2tr,12,1
bc1pmq8cemz6zvcmc53exgt3f0659wy7x324pqkewkyww4qyrc9dc3ksxsc25p,889806.0,p2tr,23,1
bc1pmqa67g5mt4rag7ky0lep9kx4c6kjmaqaa4kshfrcswnnlxxtnthsmck3rn,889806.0,p2tr,10,1
bc1pmqfre4ndjjeq3apt4ydc2jyg5g0rvdf3dqxe3zdrsl3wmam8z2qqgy8kpc,889806.0,p2tr,10,1
bc1pmqjdh0qzjctvte6secwnvarzg8m4wg67g45azqn7yqnmjn4a75aqx3ryxq,889806.0,p2tr,8,1
bc1pmqjzlvsst0443x9wlmevl5hvpzptuwehlpz4l5cat9uu0x0a75asxd6k3q,889806.0,p2tr,12,1
bc1pmr0e7y8wmv9yjqx43vdgqex40qkay48ej0tgdkhx4t3gyc5sx3asyw384v,889806.0,p2tr,9,1
bc1pmr76t7c4f4jkqum4yt7fglkfejgzenp0c7tms8s6exdrrzkktz6qzzu0pf,889806.0,p2tr,9,1
bc1pmrfv4fptnx2p2rkmmd4yzmakd0ddf3jzmyx7z6uw8z4mvyqx40eqclyztx,889806.0,p2tr,9,1
bc1pmrj45khum0qtl8qqk0xdq0h84hj37l86jd4tv7n59mt5y8qsky0qpalc6z,889806.0,p2tr,4,1
bc1pmrpruf8hws0r0a69lp94fank3ajdds6q4ryhwyjrtaa4fef0ygmsfsz4x7,889806.0,p2tr,46,1
bc1pmrunw4lp6r9ttdt87rn3nyvu3pjp7n9vaxq6fzwych4t3unxfhts2dp8ry,889806.0,p2tr,8,1
bc1pmrx8z4ymqq5dcam904hh3dnas6g4l9cx6agcwwpg5fuytcrtdt8qna8mqj,889806.0,p2tr,25,1
bc1pms49zgztdudc38jp0nsjkssg5xxga0ykfeuaf55sgqhzkqj4l24qcmqdnx,889806.0,p2tr,21,1
bc1pms4g0gdhmvpqvd9cnllwalk9ekpxhxr2y5fkpzvfkzdfd23m5alsxpv6c0,889806.0,p2tr,10,1
bc1pms5zm78qjs5nyqmuqfas42cw4eg7sfwzqa5mwv6uslueqe4kfhushmzvy0,889806.0,p2tr,18,1
bc1pmslh4ectsdg6ehnt99e0zerxjmzqchhnxwa05uvr5vvxn5uwwjksy2x8a0,889806.0,p2tr,4,1
bc1pmsq2drqss25r8nh5dfjz5myvr9hl20ha4uvkn698800ca8sdvvsqmm8esc,889806.0,p2tr,18,1
bc1pmsrtdrd5mpzemzp8mh8fh3vk88zwzgx0rz228enznxfgk2txqrasach6k8,889806.0,p2tr,15,1
bc1pmssddpxf5yr9kn0wkx9gce70smhjpzq8m9fppyvr8j0d9n6zs95qxcmvwq,889806.0,p2tr,49,1
bc1pmsv0mkna6ddsh7cdskdv9uvs25322sy0m35fph9xhdg2drztq2vq3jnlfh,889806.0,p2tr,12,1
bc1pmt3n9dssxwp4xd2ry6lp9xt0wxdslvrc8x76ldudx75fsa6naxvsyhkkxn,889806.0,p2tr,4,1
bc1pmtn75z3fd0sdk2096mj747n492lyw7r83ulaq98u3lw49cyphn8q8u69qm,889806.0,p2tr,32,1
bc1pmtpf770x84sesmmyst3u7takvzklzyvfw8qdac3e2z8pwm4cksjqetp82r,889806.0,p2tr,8,1
bc1pmturv3k4z32dkftpl5c8lzgtgmyfhx7fdnazylhe2trt0zkqyw0s8wvcfk,889806.0,p2tr,23,1
bc1pmu53uq5ctxme3ygrkz67ds9dpedlkw3ngr0fkp2zqvy263kv4ctsuupk7g,889806.0,p2tr,9,1
bc1pmurkfhe4r7t83juy0z93jxhuj80g6rwjjpealnlaa7psrag4ketstn4t2q,889806.0,p2tr,10,1
bc1pmuz9l659e3x52qyexxndelfqmkmsppllrt75guzdu04jyvx6zw0qhthjae,889806.0,p2tr,11,1
bc1pmv002syxvq7jy4adq94w76ndpuzqx3nlz6utfwfy73gxqj8h9x2s8dfhvx,889806.0,p2tr,11,1
bc1pmv2v04qwk67j9k5284p754djruzq3mm883fq88evgnslkuaqmnlqrzsenn,889806.0,p2tr,12,1
bc1pmvax46de5n8asehkc2yt8hz8anwzkv9j38eay9xcydgx3cefxdqq74gt0h,889806.0,p2tr,15,1
bc1pmvh3ggags7cxrzvzphuaz9yxa09cfqyd8lnh09lp6ux8fruhvj0s6wywwh,889806.0,p2tr,15,1
bc1pmvkfq9k445naj6rmmgmenhscq64uer4c94du3tac4pwmqnmmtzrqcn5r6x,889806.0,p2tr,13,1
bc1pmvpz24y2fddvv4srxs44suu84dpv2qdws66rcz2upxelah6gl0rszqas5p,889806.0,p2tr,10,1
bc1pmvrxj26s4hdteucnxe4lm90x47h6d4gk5jffe7scgcmt559c3udqhtfc4n,889806.0,p2tr,9,1
bc1pmvx2zj4fzfxqm875e7sk7pvjjtrfmpndz4wjqp3nxc00d2gmsn7q58xutf,889806.0,p2tr,22,1
bc1pmw2r8pptcvncm4g8j57q5rtjyqm2jsqpw5eycnk8tazk03r72s6qwaxdhm,889806.0,p2tr,20,1
bc1pmw2ygs2yrr2l93wlgd74ad43npjy2qzvwylljp32ju9r8666cd8srfu8s5,889806.0,p2tr,183,1
bc1pmw8egrpz9wddfku0d7afdk64htr0z40lk6ysymm7r6sm2kcl7mjsx8nvsf,889806.0,p2tr,31,1
bc1pmw8g3xrh7vna07pl026fqxa2rsqj4m0g04hnm3q4x3davy63kxjs207ftm,889806.0,p2tr,13,1
bc1pmwecs6pmxwnwnny3cszdc3fudlfupp2j5rzx5ttvrl4h304pc6psktzgu6,889806.0,p2tr,12,1
bc1pmwk962qzappxg2z9cs6jxawjd044ddullr4gwsn6gsrrh3g7wj2scs8w6y,889806.0,p2tr,21,1
bc1pmwwk2wn3guj553vlfaxyf9km59k34mggd960wm272n9y346c5kpq6prjzy,889806.0,p2tr,10,1
bc1pmx0wzpx79zfastmzp36s5e9t0pfknzpjsyprvhpq3wred9r5cxvq3maxr7,889806.0,p2tr,12,1
bc1pmx6fja3l9cvw2cpf26tg7fh7fvhun653fdrx4249xetcpahdzzkqc97lgg,889806.0,p2tr,18,1
bc1pmxphsfavs2v5uc94jm2edwsvvpu5js97mg7ldcucwz3xf6xcrglsdwlcqk,889806.0,p2tr,27,1
bc1pmxsvxzm2a0z8u68nnzw5kysxqvjwelhvsde0usddtpe5q4nrva2skzq4c6,889806.0,p2tr,13,1
bc1pmxz4eug3j94a64738a8kmx7az8kgyluxknfupsdzzd6yzu3shweqpksnne,889806.0,p2tr,4,1
bc1pmy8xyf4lvsnxat6e35xe4282lsx5luul6lfeznthyrghn54qfs8s55xx7g,889806.0,p2tr,15,1
bc1pmyr8jr6j2ct4tgnwu5lm4xq3rtuemn3yl2vfxseklhcqr5m79ymqyznpjr,889806.0,p2tr,24,1
bc1pmyszv7qd2pwc3krgq45hqvqq3det9lnaf369edtfcnachcy5qg4q57uky5,889806.0,p2tr,52,1
bc1pmz2z66lzhjrsze28cd7s0c3lvstnw3zajl8t8eyv7es68jxu08hsr4gj4j,889806.0,p2tr,4,1
bc1pmz46mgqmhjsxftmgu4zces77waqnj4520rz3jccjvnruev957tms0v2uqw,889806.0,p2tr,5,1
bc1pmz6vkgcnqwyzspdkmwmv55t27hqu8c6d4nex6lwhzcygx5eyrjxqggxx5m,889806.0,p2tr,16,1
bc1pmz9p7evj52cc8u6aw6xtz9qyuq0m7e65s24j6sdyaz3wyy4plxxqk80g6u,889806.0,p2tr,17,1
bc1pmzgdn8h2jptl0a8agc426nzc25jkn3akgzh6wlvtf8fann9dj6vsn7qutd,889806.0,p2tr,4,1
bc1pmzgxqn27luh6ydgl4u6psv8w2pvyhykeq456p9n98uam5l3nlyysg3vpn8,889806.0,p2tr,12,1
bc1pmzmdljqmmul3ptcadw5lkn2vepqm6wg6xaefqu4jufgz0rzg92xs4nuhgx,889806.0,p2tr,17,1
bc1pmzpx6a7j8dtf6622exezg7c8qp8sh5seg4c2vrhenkhgycfxmu3snaxjke,889806.0,p2tr,14,1
bc1pmzvcjlajuucd6fae5wlwqh5dskzzq6tdwd3fay6680vveacppw0qky9vfp,889806.0,p2tr,236,1
bc1pmzxazdkftje3vzm982ra7gr9mjs2ymq9855snpuee58v5q7pnh8sh6uf09,889806.0,p2tr,9,1
bc1pmzy73fnmtvqcj2e4qf3gst49avjendmzak6whdxlkhxfcwuyvg3q8e2ysw,889806.0,p2tr,24,1
bc1pn0mgwmdwgdp0vz2ltd9hkyzqwpmtsu6942pejn80a2r6r3rhhn9s0z9hcc,889806.0,p2tr,13,1
bc1pn2fwh658pnqmxw6tfw0sm3envma9uvkjw6dmpddes97qapxsa4pqtc4squ,889806.0,p2tr,224,1
bc1pn30h6vsvsztmpqjhe2tf6c27r2m6xzv4ueg4d3ph042cl9hyparqful7qk,889806.0,p2tr,14,1
bc1pn32c345vtat6lrkp80hg3lyd0sct08pjaaeqdt3r6u84p0cvv6jq2k4n95,889806.0,p2tr,18,1
bc1pn35j3spx40dn2hrupcpdgr6z39fc9scn8jz6u50ptxuzpzzpu0zsj9fm97,889806.0,p2tr,11,1
bc1pn38cqhacemwq65dew4nnrthvy7frftrw8amr7dmvp8zvuaxex4qqd8tk7p,889806.0,p2tr,18,1
bc1pn3dufq83ak5zw6p2whxsupprv7ds47kwm5693uk5hrdu4yfnyxjqec2pgr,889806.0,p2tr,9,1
bc1pn3fy2t0rvt6267gufy7xa5yfvc39sg2fgusp5n0vuyzplkf7p4mq09r9vj,889806.0,p2tr,13,1
bc1pn3wfd5mlhtu4e4pns99wvffnwctkw8jjx4ut6y7mh2y8h4rcdp6s4um78e,889806.0,p2tr,4,1
bc1pn4396ew2l0fteuvh0u6lhtv0lpkwjwefhv89hry8dclkvfdqyjhsmsuwwl,889806.0,p2tr,9,1
bc1pn4ecml765cwvqazyfrje94vxljhp9sg28a0j8jecjvxykjx0v58q73xh89,889806.0,p2tr,4,1
bc1pn4gk5yshsm9xp3x437sm3q9m6mmm9qnwdr76p8uycneqyzpj4xmq5daxum,889806.0,p2tr,4,1
bc1pn4jhtl2u68are4n6ryqzyrvv4j96dxz4clt970zwftj9czq8fumqc7l5hn,889806.0,p2tr,13,1
bc1pn50ml3n4uhjgr02l8ucphvk5ujc7sf42tu0nxj3g8f7x25jjsk3q8gvl3a,889806.0,p2tr,4,1
bc1pn55dh8hs62mv308n8klp93v4dt9evk0xwv7x8tp32z46mmgwzkysj850cv,889806.0,p2tr,7,1
bc1pn56m8g4xw3hnvku2jvxtydj6uf5x3439skaluqrgqcyahqs2c26qur06am,889806.0,p2tr,4,1
bc1pn57m4xr6ued75aywrjndnnwljkt8dfclkdshemk9gw3mdx3whl2sxezs82,889806.0,p2tr,9,1
bc1pn58328e59ylwj72q8exm06nk0lw9k4003k6mwqzqaht37t7e2geqgty3kk,889806.0,p2tr,4,1
bc1pn58xzy7lrwr9y88as90qcl5nsehrdakr5v30krpwvc3cet8uga2s96mm23,889806.0,p2tr,4,1
bc1pn59u6slcvedhvlzcatqk8mlmdxsfm2ghzulfcszjtgn7wlzmlmnqvkdj5g,889806.0,p2tr,8,1
bc1pn60jrjmhvatvhnrwgk8k2mgsmsyj0fvh2zsr8y6sujvzm0mehxas93z5f3,889806.0,p2tr,145,1
bc1pn76v4qgq9zju2w44pl8jprqdrsuda0amx7pux4pnm3qgqzz054wsyr9f3u,889806.0,p2tr,9,1
bc1pn79m0clgud856ulpskgquxl4h2ygsj6tursam46hpc4ccrs3ppfqangg4r,889806.0,p2tr,13,1
bc1pn7d9ekfuwgcj45937vdq4zpmyjp6qxycnt40ychmjgannl3uh5gqu2pwa2,889806.0,p2tr,18,1
bc1pn7t64s4e2ksrwn0z2k72j8xmfm8h7addkhfuexpnv25a8c0uvh2qt5c6d3,889806.0,p2tr,13,1
bc1pn7wsy8s3c3e6h775drv5anr4cqnm77vzckvc2kne9f5fmafua68qcm92za,889806.0,p2tr,67,1
bc1pn7yfcy8aw96me9v230rl083ewzqlfkhw9m8uqge9wmswlgf070cq4k55xy,889806.0,p2tr,4,1
bc1pn83jqumpy7v0f90udnyepkty8lrsp9d0w6zjv5pw8yys7eccer6qwj957v,889806.0,p2tr,10,1
bc1pn847uy9pwrgmjmeez8len02a08akuce0vcv2hc9rqmhnc2st9gxqjpsmcg,889806.0,p2tr,10,1
bc1pn87kr7ev3gvrhcfzqhr5e774c6jcf30tgs6kkxca2gh4j0e62w0s6xqw4y,889806.0,p2tr,11,1
bc1pn8anyrn7dxkeejgzgn7yx5cx3sh35ujdw6e2mt53m3mg2q8w46gq456d6u,889806.0,p2tr,31,1
bc1pn8k90u9pqwe3vuun0ds67v7us9kfwraz2q8cp0waglazs3gj8x7q6hgzph,889806.0,p2tr,9,1
bc1pn8qzyekal6d2luyuwsddmjf7pv2a4ey6qzq0wgh0cuae4hyk40lss4a4ws,889806.0,p2tr,15,1
bc1pn8v0lquynvmv6xdvzs5g7hwjnxj4dz9hl53ax7pg5w5ycqql2tcqkcahdp,889806.0,p2tr,13,1
bc1pn8x9ggsmav7kg066unlkmqmyhl3fwf044kke8nf6ntsfysfyku6q8s5m7e,889806.0,p2tr,11,1
bc1pn8xalajf2s6yuxkf34lt6rs4zdljydh92hyh7uh5ym500thas7qsjygrmd,889806.0,p2tr,16,1
bc1pn8ylwtpcnfk9q8stys4em3j9fl8y8r8zvxyeeclflvjfdzhc6e8sw340mq,889806.0,p2tr,10,1
bc1pn988k2pvl64gr0n08glxmq9e7kcuecrdauaccqt4x63z8qd2m2usc6hj0t,889806.0,p2tr,8,1
bc1pn9gphufdz3f0c26zlrwsyyxvwr5f8ayc7jgvfjzkec8wrfz3w0ts0q64kz,889806.0,p2tr,7,1
bc1pn9k7s39t08mfras2zsshn6jqyt85auwjx4klgjauduhgjn62xvnsp9enck,889806.0,p2tr,12,1
bc1pn9ntzkvltut8ar38z7pnn2crjd5sw483evper8j5tktep5eyjaksa3mayv,889806.0,p2tr,7,1
bc1pn9pak6pc0l9275ua8rztqz7cuhxke3r70k05rmllz9s66sxslnzsrfgr2l,889806.0,p2tr,12,1
bc1pna2zg8s0g0w69art7nltjlytn2n8p2n7jvlp0t7xujh53px4jqaqa7ag9r,889806.0,p2tr,4,1
bc1pnadpudprswkfa2njgpus7nkcatyatnv0n3rr7ufyzzc0033mcztqe4sztv,889806.0,p2tr,27,1
bc1pnagc2l25u970rvsusautgm2c698pul687kzm535jlzzd7axkeylq8wm488,889806.0,p2tr,16,1
bc1pnah44egu7ffehch2h0gr2cw0l6l7xvl2fdusjen6sz2m5mtg6y9qvahsw4,889806.0,p2tr,143,1
bc1pnalntd6zjl2m4ku9y2mrcn5ejfhzmv2w8uc9vzz9ts6dj4fksqkqh4yw7v,889806.0,p2tr,9,1
bc1pnas2fpq70zxdqfk7g7ljw3ntkwc48t739jmq99lu8757l4clcttqyy6hpq,889806.0,p2tr,8,1
bc1pnaxnfhqe4hqzfcp2mqndrfyevglz6g90rlvqdcut6v7wt5q088ssws93ph,889806.0,p2tr,12,1
bc1pnc4x7q6fym6g6wtgqslhv2j874tu73rwep78fwmvy3zpyps8vxjqjh5tt4,889806.0,p2tr,25,1
bc1pnc73aug5f9qt92ua9xw8zq7yyg90t7fj93ec27ht95p6vt5scyzq3775hs,889806.0,p2tr,11,1
bc1pnc8yvz2l6ktkaaw6f9n8sjkqnnujayrjd5jjvk65ltzyr8f973eqg7rzez,889806.0,p2tr,24,1
bc1pez342y7ckfsz44apvmtvdawm3s2t03ghnyxn9050kj4z8pugf66scjjncx,889806.0,p2tr,35,1
bc1pez8vahu3smts8jt8h8t8appza5zu5g97v7pzj0zwejxqpd7clkeswk6rej,889806.0,p2tr,32,1
bc1pezcpdyszazm37r6metdhpjcyx9et6c4r0xm62u58yy42ye3t2jdsy66lkp,889806.0,p2tr,49,1
bc1pezdg29mzfxx4rm9hpucxuhyv7cqtkgtzjf32n4p0n7v3ehr926dqwgnuyc,889806.0,p2tr,11,1
bc1pezk6emru9u66uz3k5rce4agkrn9hh6grz6w2g5tguzkvd0vx04lqz04dk4,889806.0,p2tr,9,1
bc1pezxcptewgr8s597qp8vn6esanw3pf4jnenuq283zxpn0cypnnzhqys7s6t,889806.0,p2tr,13,1
bc1pf03spgmttsecn0uwygj2rtsgnp3gxqz5qhllkrp4r6yxz8nml6psu78vcr,889806.0,p2tr,9,1
bc1pf25mufhgz54cs7wwr8l3pfevvjc9wnll4zfuypv5ruqfu68zjd2q968zwd,889806.0,p2tr,13,1
bc1pf27w9eqd08k7utcg8jqe0k20wjarpc858zjk0jn2ssxx5zhec9dqaur5xj,889806.0,p2tr,9,1
bc1pf2rxs2eaxhmcnh9cn8t9st9l2z8mkgr7fpqahx0tpvuk7eetd7qqysmxdq,889806.0,p2tr,60,1
bc1pf2wk9u3quuhlwymsle6xvu2ewcm9qzzkz3ntphw9fuqfdfxrjmfsqn00ra,889806.0,p2tr,10,1
bc1pf32mqy3dpqm0qsjpg04hkj86qhteq6kvf5s0439mgwtjvv4c3u4q05l5ye,889806.0,p2tr,9,1
bc1pf3eh7dyd2dv40n853ee5hdjum6x9ukjsv6t2lla9kn8wpus53yaqukc0wq,889806.0,p2tr,13,1
bc1pf3f00n5p6zj4d09dx35rmjjjyphvhlkj9jj269ju6z8mqlfs7t0s5esnum,889806.0,p2tr,13,1
bc1pf3jh4kp709qxxkp2wcz9s7yz0hn7pa5vzyzkd77yj3ej6ecaeupsn65lry,889806.0,p2tr,10,1
bc1pf3mxd4cp5yww0p0rg2660ue8qzdu64vs0fjpxpg3fjg6fa0zlauqau85rf,889806.0,p2tr,12,1
bc1pf3rhjx7uxdl95xzvt2dlmp7qxagsmm6s7cq6n43xkn56d9kecg9qcvaf3d,889806.0,p2tr,8,1
bc1pf3s3s6kkr845wp69uxu9c7zyls6z337gcnrvqtztuft4kec7szsqmpgghp,889806.0,p2tr,17,1
bc1pf3tmfmp0e6hwnmfhsjw8hr7ua69f3yhwlx850dq002xngrf3dh5qqwuld3,889806.0,p2tr,16,1
bc1pf3uxwtcghak5l2uv56zae4auja4je3jjqyvkf7hfvf3m3jdawr6qzdsy07,889806.0,p2tr,9,1
bc1pf3vxglzt0q2nfgwcfkmx02ayxlprfzjf90ulshvfjka6p8gjps0qzh3su4,889806.0,p2tr,5,1
bc1pf3wmvnxmvdrhnlx05vyvls7phpnhxrrneuue62w0vdppkhm82v9qxncvu9,889806.0,p2tr,9,1
bc1pf3z9l0vy0yk2x9wr9hvv640zdg7989nmnvfvf3y4g5z3d7n0teeqapml8u,889806.0,p2tr,16,1
bc1pf4aztvd4vuthszx22j88mlj8ezg53rxlh8yaa9hsvn8jszp2r80s2uw83q,889806.0,p2tr,37,1
bc1pf4d3rzltp6gqccn57n567dapu2vlvdfhxuusjmv7kjdwq3s5xaeqaj2d04,889806.0,p2tr,5,1
bc1pf4el3c28h7qes2vczrcdzvrgtj0pfh608t0ck3t8tkcn0xkpdkmq772rfp,889806.0,p2tr,21,1
bc1pf4hva3hteeyj67yryq47ukhc02c0tsej8uzs2kvxjg8t2ckvx0ssn2accs,889806.0,p2tr,4,1
bc1pf4m8hm34pwwl35nw4jf7pr2wtxm8hp4p6p5aqhudjwdek6vzxcesclepfq,889806.0,p2tr,12,1
bc1pf4nwy7gtju4l2u4dwtrw6wf6p57zgawlrlp67nr6d0n8vxyx4mvslew6mp,889806.0,p2tr,25,1
bc1pf4pgj4r9ru7ar32h9fuekkvqcmhk4vh80n762ywxrdydzj525lysxr38t3,889806.0,p2tr,19,1
bc1pf4xkrjgglvkvu678ncc2x0suc67jv8u9gatqx3ep6shtmntm5jvq6cxawv,889806.0,p2tr,12,1
bc1pf4y353lecsze3qs2h8qnvzzdc799ugqqaag0qc3etezyqyj9447qazrhsj,889806.0,p2tr,8,1
bc1pf4yj9s809jevxaep3ww902h3r3tammrzs4f706l2dmpljxw6mqsqf49us7,889806.0,p2tr,63,1
bc1pf5acl793kcv7lau7fha8pqxek909kywfnvv5n84p20pdkgk6nd6sn2wp0f,889806.0,p2tr,8,1
bc1pf5cuvsf6vvp370mrjk4hxzgfc5znj4revmc8xqsz08q7q9nzet6sey38r8,889806.0,p2tr,23,1
bc1pf5efrrxn8he8stpvqc590qzjlznyfysduzvcchaqyv2eeqke85tqdgema3,889806.0,p2tr,13,1
bc1pf5jfvxmhr77qlxqpdn6xpaw0gnz5pycgf3s3yry67eazg73cm2uqgxfpvr,889806.0,p2tr,15,1
bc1pf5tcgqz5p4lk8qjcxz3fgm3lkp89alwj9kz8akk9ludmmxezcmnsjsuvej,889806.0,p2tr,15,1
bc1pf5ucxc3gs3vhhvj9r4zjzn7r6vswvl745rg0r777ldyezmr7w03qvj65y2,889806.0,p2tr,8,1
bc1pf5wx70fqnavfmpdrjngdx9pptqjgtxjkvvq29fcca7dx5t06dwhskxsrn6,889806.0,p2tr,19,1
bc1pf5yn3ahszg5es5jkugwqqanfast9vnvujrnnsznajumzm6lcnyjq4j2mme,889806.0,p2tr,8,1
bc1pf62pdh7p3um8dcc3f53vdn6vdgpru9xscj49hy2axwxxeuywr3pqtue870,889806.0,p2tr,9,1
bc1pf6cmlflxlzdmaqpnw0f5azpgueaevc9zyvfe0q2szxychy5h8c8sfyeuh3,889806.0,p2tr,5,1
bc1pf6dvdh09nfagnqyxpk8acg6crt69fpjsxaac45556rqljl4zldwsy3w6s4,889806.0,p2tr,10,1
bc1pf6j96a2w7x69e24t54k43hgdyhnf004amdx5dgphqxnj8umqeunsnf7wdy,889806.0,p2tr,13,1
bc1pf7235k985g0a2wd2teexcfnz5syrrmea8smjklydj5f5f6e9h46srwppuv,889806.0,p2tr,22,1
bc1pf7353j4arr46y9jzr3d3dzu9pzsmzlrguqf70agny65rg6nmmdkqc2m92f,889806.0,p2tr,6,1
bc1pf74qrtp38yqmq6rrytvc9w6mt7ymnumzunzvhzlezushfmkeehtqsku5d5,889806.0,p2tr,16,1
bc1pf74xd6j4anl7x307gk7468uktq3trvgz78pnsv57wnx3rgznfqjsmnlnew,889806.0,p2tr,11,1
bc1pf78u9echnvzup70meyvyk654n06p6upnsup0tf5jd5m4kyc9lv6qgtnuzf,889806.0,p2tr,10,1
bc1pf7gqrq4nhcdgxged6ed65mvs5mxta3e394jl37l4s4yylg5ny37sm2jfeg,889806.0,p2tr,10,1
bc1pf7h4k7ek07z7sqzvlk06mzvxzxqpyamupwnz59dejpj4zacefxjswps5s9,889806.0,p2tr,9,1
bc1pf7mjhkg7s5l0k04wlwslyt78vxy97p5p8rlc5md70v93zu8yqv5qedrmdn,889806.0,p2tr,15,1
bc1pf7ptem2ztp9x4n7w62n90ddv40z0jrt4490d8lug3uasfwyjsccq4k0jte,889806.0,p2tr,11,1
bc1pf82m0kuxfdlg09rs9xfpj73m9qjv8grrp7c0884frq49xz7x7feqjm9p32,889806.0,p2tr,10,1
bc1pf84ztfdkv4d3pglaz004pc52432vwxrku36s0djcnfgt59yx3s7q3e4wef,889806.0,p2tr,25,1
bc1pf8avuvet6449jwaf3e4cgh4adyqtgyndz7t6w4szr0q9979npy8sy4wkfl,889806.0,p2tr,9,1
bc1pf8cvqlhf4vvfdn6pa2vjpzp34yvseahtwxja4ypzjvy407ph6apqxuy0px,889806.0,p2tr,8,1
bc1pf8jw6wmav36jmhy6dr522fsvqv3vatqddjnx7y92kd3fyz29dh0sjx2l5r,889806.0,p2tr,16,1
bc1pf8wnx353esj2vegdaah69pq5era08uuhuaslj4gad6nfnrr6pp8s06y4r7,889806.0,p2tr,18,1
bc1pf8z7n8m28ku6kksarr0q64h6k6csmlzyegkcqwlq5gxwrvqruhnqkjg5pd,889806.0,p2tr,27,1
bc1pf9d8fmmzdpsk8nnz5cgyrqttd6k37lg7zhylpgye0scc49yadz2swrshx7,889806.0,p2tr,18,1
bc1pf9erczgepuv230ewmylnjra2xhu8gy983dtm2v8s4c2mtdy8nz3q78s2uq,889806.0,p2tr,10,1
bc1pf9h5ht54t496nmcjayawz3xjjwn435cplyz8tpq935xkxw75z58q28tgfl,889806.0,p2tr,15,1
bc1pfa03pvwgffryusuaxyqmg26xrdjes5gv7cc8904ztpvf4nrja26qv9t02h,889806.0,p2tr,9,1
bc1pfa0fs0npjmyk5kd0c6gca22s7gv4rcs3pj8raemhky2g9gh4lwrq8u4jge,889806.0,p2tr,17,1
bc1pfa0nsz32t4gfx25v5snnf8jn05hq3w3475mvcfp520rmtv03wfhq9v7egv,889806.0,p2tr,9,1
bc1pfa5ldrr0kka9st4cajvesrlzdxf8jhmzwgaxv9923xe2stlqavesezgazj,889806.0,p2tr,5,1
bc1pfc9ef3nxvczzmcvqajp8ruwyupy3a9fe3tlslufum2fsjn36ff2qck5ws4,889806.0,p2tr,9,1
bc1pfcd7zv7l54d60vdpmjwxdsqzavfj03ng3f69dg2xfc8ftq0ym26qd3essl,889806.0,p2tr,9,1
bc1pfcggnchq0ud8uf6xy5r7wxkjg2qyr5ywgrgy8uzt89hezn8prwdqa5gyqe,889806.0,p2tr,9,1
bc1pfcmclkmg8gev5h5zdtlqg440749ka8mvgmage8n93qysxulg9rpqj2cwqw,889806.0,p2tr,20,1
bc1pfcpjqt9chy3k9226vn8l0akgp3xmf9a6s3x7a9e499p2zn2cdjksel3kav,889806.0,p2tr,12,1
bc1pfd9zg2w9gd02jd6qz0qywh2euzcqtgzlttaj86kmw2cwc49hpuuss5jxf4,889806.0,p2tr,10,1
bc1pfdf77j6h7dkvcs3j0n43pwted5yvc3ww8fhhymccduf2fk06l5lsnmsrgu,889806.0,p2tr,6,1
bc1pfdj86zetanl6wfd8hxfwx7dgp6cx0q550lturvv3x87zdjaltqwspjptka,889806.0,p2tr,11,1
bc1pfdvkry776m0kme3xv9u9gexayupt35p6yw266f3zqh56qy8wh3cq78qlpl,889806.0,p2tr,8,1
bc1pfe7hp4k9ypkgqrnv52kt343zykmtftqmmrjfmnlr3fguc4wms8jskut8qu,889806.0,p2tr,9,1
bc1pfeftp86h74k2k2ra456fhe7sng75cz58xh88rn66t6x2s7zks3zqnld956,889806.0,p2tr,10,1
bc1pfet3u39297jf45dzfvucfdmp4sdwyjdrh33n0lg4wvflx760thhq36qd8e,889806.0,p2tr,115,1
bc1pff3s9ev38nf33h5zsewnve7m4uzutxgtsr7apztfnaaewv479l2se704s0,889806.0,p2tr,13,1
bc1pff5q8lp2hv6v438y8cgn8z8lpe2m2yf98s4utcz6mysj9u2cfm0sp4w7tv,889806.0,p2tr,29,1
bc1pffhtsp2k5wxl80umy0u2ra095t42leqglzcg3pmjqxvwk0gknquq5nw3jy,889806.0,p2tr,9,1
bc1pffjmd6ulu4t9lmhcxnh7sv7j4wstvh84zvqxuqeqvv970ymypews6ycpvd,889806.0,p2tr,21,1
bc1pffntt6q5f4ng03qsguaz2ref8zvkqs2v56d9fuzwj20erzq7lcdq9xgwmd,889806.0,p2tr,13,1
bc1pfg7qy3ejx7ndawf3r47vrxasj9p6unh2suz9ljw89z5nljduwzzsszu22g,889806.0,p2tr,11,1
bc1pfg7vt25r5t5rtsyxeadszvygl9ngv9avjy9mqpqt88jxmrydv8pqm50lf7,889806.0,p2tr,18,1
bc1pfg907hq2n788t9ecnurzedjdslwl52jjd92t4yw8c8x262e02u4qvsd7sv,889806.0,p2tr,23,1
bc1pfgpt87pkwfgfcm50g8xpzkhxutdwjyqpjy0r8wtt4u0pna4ttf8q8kewgw,889806.0,p2tr,15,1
bc1pfgrfgsdqd6qlzvwjeh3ytmxecqxcckddmaztactu768uwlpl765spu26tp,889806.0,p2tr,11,1
bc1pfhgqzvvhhq3l2udympamjrlduc2muzl3cgvnrrxqnkp6k0hvrvwqqhvxh2,889806.0,p2tr,35,1
bc1pfhh8yuva3tpaa32wjk3hw2s8j7d5ftg02hxw2gl8achv7s7v5susvlylsp,889806.0,p2tr,88,1
bc1pfhrsxung0tw2j5842t6j9h9s6xtnlannsch5fy2p5f2kvuguss4sr3l60q,889806.0,p2tr,9,1
bc1pfhwk73sa82e75wcqcne2t5f0snvumxhphn0aslq7j2caqd4d5w5qeph8x4,889806.0,p2tr,12,1
bc1pfhz0peczds8h0ytc9ayednn6wxkcxrdsckuze42sdm5hjcrta66suvwaxd,889806.0,p2tr,4,1
bc1pfj54ekav8yc5nfmaekwh6dvzj9mfx0atf0wpsafhkgupyrj0spxqfg47yx,889806.0,p2tr,8,1
bc1pfja8wleje4xzkyxt5ze7vc036jqrfauzskg45dljwqrs06fs2vgsep7nml,889806.0,p2tr,45,1
bc1pfjz6jqp857xwtttxtanrke242x9q2f9d3n42fsez5hkqhyqaqnrs2nuge3,889806.0,p2tr,11,1
bc1pfk04h6cxj6n5304su3cqqel5n02aqvahd55tvkz09ecxq8axunqs8cnrvw,889806.0,p2tr,5,1
bc1pfk8xwr0uhlu8hgqhye3rf20a88wqshrtw7jqgzefnk7u8cmjgqjsta4es8,889806.0,p2tr,45,1
bc1pfkhz8w2lfdy7dkyttmscny33sm65k6ydg0uav28d5zmcjpn6vfmsdfhva9,889806.0,p2tr,13,1
bc1pfkhzl2nn7jqtr8ugdtk8tll2sfgypr74f7cp9k5sg556rpyvulas52awz3,889806.0,p2tr,20,1
bc1pfkqtersc6tdrneg3yfezkp6halfpkzgwktlgmswllaamtgfaegnsxles6k,889806.0,p2tr,4,1
bc1pfkyne80mhtp0jpmcwfyx988s7l4qhtx6hs67wmvtndd9dhm6lcmqlf88nj,889806.0,p2tr,13,1
bc1pfl565v7e0c3q5mtzsm8vrsy8j9eqa9mcy50kffahkrjq949xdezq4lkpn0,889806.0,p2tr,9,1
bc1pfld4pz32qw2pyx6mvytu985qnc8aeswpccc4xm55ljhy0m7anavst9uq7n,889806.0,p2tr,4,1
bc1pflgjygect5p00w0fz0h5c3r7qlj3qmgejfy2d262x9ept6kegees9s6gjn,889806.0,p2tr,14,1
bc1pflk6l4xqgzasape5g9u725ljsm9vflgpx6cnxs4f0z6t0569h9tqlwjx5y,889806.0,p2tr,4,1
bc1pflpjre2hzmfyrvj7q3wge29avvf3zzpvptsdp2e98874nx2fda7qw5l5vt,889806.0,p2tr,11,1
bc1pflwxyqpv6zcajml906sqlc499l2t8ey72zhcfea5r9pg5ueyu5gqcz54t9,889806.0,p2tr,5,1
bc1pfm9rr3pugqaaccmqgqn8642cpsd5qgm3z5sdl9vjc82a02kz0p7q58cjnt,889806.0,p2tr,27,1
bc1pfmd8mcs3n6zd9ak8r0cwef92aywedg237tff3csl0qyxjrl4gryqq5ge8e,889806.0,p2tr,12,1
bc1pfmh8t7y7vgy4fs8lkkn7qky5aeutuwjaa7pgnmv7ncsfu7cpww8qslpwjx,889806.0,p2tr,20,1
bc1pfmlh8jf2l5yyr0cq5j7txm42htl787a7xmxyze5rpj8dr8gkzauqdytpaz,889806.0,p2tr,18,1
bc1pfmmgtctcu0v30zjwykhdx2snjqf0mdrp5ctxxs2l0zs8ssk9j3lqedvsf7,889806.0,p2tr,11,1
bc1pfmqcqal55qqmazfatapd85ry7qev04wtc860kmr09zvs57qq67jqlh6cgr,889806.0,p2tr,4,1
bc1pfmwpn9p4rmjzqwtct85hfzt7k3rljtcy7nsltw8j6nkhqedqg95qes52vt,889806.0,p2tr,8,1
bc1pfn00tf3swpcnkcl20ljyrqczakm5wdkh95t0ucx5lrxkll6yjp2slzzure,889806.0,p2tr,11,1
bc1pfn2ut3u47y0gf4j086fv9ptya40dawwz4prf7cfygn896npcu74sxmf6w5,889806.0,p2tr,6,1
bc1pfn6efu7qm65hvnlktvk0w6v9lzy3geqprp0s9u057ugv4vds293qr49laq,889806.0,p2tr,9,1
bc1pfncegc6c42lz6pwjl82k76unlhp4w3hsfqn7p9c2mwc37ztzxchqm8aqml,889806.0,p2tr,21,1
bc1pfnlmwxa5pzx3x69n7hwtes09hjzcrza972vyjcjhtp7r2rgq60tswkx2pg,889806.0,p2tr,43,1
bc1pfns6zex5wqhq57w4e0gww2nsxdg4c2zxv7p5r8uv9mk5q3pgafxqz3klrs,889806.0,p2tr,12,1
bc1pfp98zdhcmqlar59cy0w6hep4s6zn0mzwvpc72duwm3faz66578jqq5qg84,889806.0,p2tr,10,1
bc1pfpdmzu3k6s5a6p3pyhsyqfq57heahl2dcuwyajuy2n8sa86tkepsqnfgtc,889806.0,p2tr,4,1
bc1pfptamrj2nta4uhslasc5u95ggw2sealt4wnxjmyu9mqzw5ts5gxqxnzc4x,889806.0,p2tr,11,1
bc1pfptfmszcu67ykk2m0kfmm37y7t6rfvu2tfm4jeakm0cg9pl20gcqjy0dzr,889806.0,p2tr,9,1
bc1pfpufnslpu5dz87ynrzth5xkqs2dfya9j3qnk8uxnnxe9q6e0mlcq4lla0a,889806.0,p2tr,17,1
bc1pfpukg5uch86uzh53yelavwrgtctf4akvwzswfyy0f2k7r3kp8rdsvc6sxd,889806.0,p2tr,13,1
bc1pfpzul039hw6aafy6t0eggecfau2mqeupknck7sjd7szwhhst4gus2clq2c,889806.0,p2tr,4,1
bc1pfq3jq0fuwe2ye5a0wyecgk5p79fvahl0kehrext0ymgfkww7fn9qspxnrm,889806.0,p2tr,11,1
bc1pfq8smxk6vdkzqafgh9ukpg50u4klsj4lvd2gkfr74j6cjz82zv6qdmeenn,889806.0,p2tr,25,1
bc1pfqedal3vruft3lxgauud8tl89k7872l9cl9hz5x2q6hd2w33sjgqc23rrm,889806.0,p2tr,23,1
bc1pfqngageqt23wg7wmnmwv33l2e9637p3p7n02jly3n2cwy2pfl2aqet4qd4,889806.0,p2tr,15,1
bc1pfqr8rc32z6hy7usz7mvqpclcm3letjdt523rtz8kjlys9z72735s0ga4xv,889806.0,p2tr,34,1
bc1pfqtqvu5rl9d98l74d3v943lc8qu5j40wu9zf8rfjw5c272gan93qh36876,889806.0,p2tr,9,1
bc1pfrc7daxanhsfdv7pcxdwxwvm02kjf24dyj3hw33tamykry2hpjxqmvjyst,889806.0,p2tr,21,1
bc1pfrcr2wd5vk27tn7ggx0jyv9wjgf6lqn9y6khuf8dhn8mzraxylvsynhudf,889806.0,p2tr,11,1
bc1pfrfvtr2ucsfhp3qeu3ykdghdqtfe5gsvlgdht83d9efu6y3whhzqht3uqx,889806.0,p2tr,18,1
bc1pfrm8n6fpku20ng27sq8shpem9k40fmmysrvamn02dkx82dnt0nzqfuemqw,889806.0,p2tr,8,1
bc1pfruud5t3et0w5kgql8he6q5pmd3n4c8zmmqyazhnpgsdycfg2xtsu4rmmc,889806.0,p2tr,4,1
bc1pfs2usvqz4mnq8lh7wd7ms3w9mm2fgn7rz4kyrdspkrjaga95n49q5swn5g,889806.0,p2tr,9,1
bc1pfs42g65g9w2k7y562tzng4093ptcnvadx0zzf0cn3hzjzrf9qfys2tvjgj,889806.0,p2tr,4,1
bc1pfs8uatjwdc55wugemk52hs5qml4wlxscf9qm5k7e7pw78zqv42gsc4qks2,889806.0,p2tr,9,1
bc1pfs904a2d0jpqa0m6cwq4d0a847l6d6rj32dqm9ek82xu9fjffyls8e8cx4,889806.0,p2tr,4,1
bc1pfsazkdl84g29s28gf7azds97y9f5cr5tffz7rh3jn5zspzaz8x5qpul9a9,889806.0,p2tr,12,1
bc1pfsgg9ky5lrc8r3cmh4qlsg963atmh6lw2qzawgp0aagud0eecekssacv9d,889806.0,p2tr,9,1
bc1pfsgkjmfr3r7fj439yk33zse792r2972px08e62htdhwczsgjjqys4n8zvm,889806.0,p2tr,26,1
bc1pfsm26q7h8pku4wjdllv0x39yl8whw39tul6cv8sdu964vap42k5qjnpjs4,889806.0,p2tr,8,1
bc1pfsxdlzg997txdqxyax3ctmy9fudgu3j5r6vhkmk34tq9tldjnlkq542v7l,889806.0,p2tr,8,1
bc1pfsyxl79fh2as7qkdu3k908gfjhgaz2lvdkzf8rlm9apcnwgk5uuqjv7cky,889806.0,p2tr,16,1
bc1pfszgxn62hpl8z06l3t9pz666jswzcf30qf60ka05uqd0vp79mw7q0npeal,889806.0,p2tr,9,1
bc1pfszh59tp9tqu6r7hlprdtll3h4e8najdh9jhvu04zvr3vhy4wl3s53ugh3,889806.0,p2tr,30,1
bc1pftqfndsh5f73u5pvc0ya4vw9nadrs3f96xpskruej28ra508qnzqwq6qpd,889806.0,p2tr,18,1
bc1pfu34gys929dvzhlan6p8uul8h9ndqwlzsa3ukypus4axyaxn7epqcv353j,889806.0,p2tr,13,1
bc1pfughpc3q5y99h7re8nt0vc507ns257hxhhc3xe87xk4842fjt3hqt753lv,889806.0,p2tr,47,1
bc1pfujskafswt592aqvsyva9qvl4tm00w3c74a3je788sqw0mu38t4s3uexk4,889806.0,p2tr,7,1
bc1pfur32dw9yjykx09vqaz0p8qj82utxdd9xp53hxqdzxwg4u45ahjs3crayt,889806.0,p2tr,42,1
bc1pfv54wmw5rzdcs7ur8dyqcsquhza3532tjune5e5ez8lp5uhtvjzqv6dj2n,889806.0,p2tr,13,1
bc1pfv8hqlr48n9da8qmgdf2fmqezhkaaduqzlaw3fct2ld9hnnyggssekql65,889806.0,p2tr,4,1
bc1pfvcte24nz5aslnw9dryuqqkjz70cqhgf733p7d798wfwphu6rycs6gdrc4,889806.0,p2tr,10,1
bc1pfvm979mtdn297u5esydpddqlc4vpuacpzq5zwk7ys4s598dad3lqxe4j5u,889806.0,p2tr,8,1
bc1pfvmjhdlcxdxckyg2nap4mk8hn3jr862l6vpn2kgudvp0he9l5wkqare690,889806.0,p2tr,33,1
bc1pfweerx55e3ch060ee9tgkemcft77x5nd3vwm3xc89lueway4xwysxn2sv8,889806.0,p2tr,9,1
bc1pfwkmt0m4a655wkpzr6efq7magjx35rdzz0eq5eh55y8mpvr97essq5teqr,889806.0,p2tr,10,1
bc1pfwljg87ak95e9rcu83mvm828quhf5gp5su9prp769sd97nszmfmqsjxcdk,889806.0,p2tr,10,1
bc1pfwlppyhgpq4r9cnws84pfas8hmhzsms9za0ph9ej6g8nzlgf3zpq9setts,889806.0,p2tr,4,1
bc1pfwq5twnewjlxtuzzvujxa0045r4zpm870ysdvvzel0p76rmqqlvsjxvaft,889806.0,p2tr,23,1
bc1pfxmnx2zrggdmeez4rwqmvlwl6pxgykcyalummax9nzg64q2dpglqa6ke3z,889806.0,p2tr,55,1
bc1pfxnhxp6c8h5el3hc7kjhefvj5rs9nqwtv4trzju0zfsphskn5ksql7xs9q,889806.0,p2tr,24,1
bc1pfxq80ld7k5d05y943y7xp6qf83jcpgahykjpe6hu6jnp7eg27q3s0l6uk7,889806.0,p2tr,10,1
bc1pfxre2tk5j2tzj87qjjmve50hqmrgqamsvwd9z2w8jt0w7a9fsz5qhh822s,889806.0,p2tr,22,1
bc1pfyd369vce5me62t3tf55k7srfqqx4mmf5zxqhe6fdpexpepudw8qtrcgnd,889806.0,p2tr,9,1
bc1pfyp0aq04me5qhryvkssl4jnxkhp7qtzzkj00yk6klj3lqrm48slsp0wkqt,889806.0,p2tr,34,1
bc1pfz3y6vttyw059ghnl6sg5202fj7vtx9dv39lcfknqq4kav95p46s5thme0,889806.0,p2tr,25,1
bc1pfz4dxtsawqv47vj08lvyd6vlzzkaq8hsghk69mmcka72wr5sgqcqh5kqr9,889806.0,p2tr,13,1
bc1pfz4s2qzkd4m3v5dlc54af5py32am0emq35h49c8crh9zhsk96ggssgmdda,889806.0,p2tr,10,1
bc1pfz6w7yccynkrnhq430wh8jj7r4l2cj3l6jpcnnmxgpq39hen8dhsuyesp9,889806.0,p2tr,10,1
bc1pfz8sveukljvu7w88yg0zmcjcjjzxztk9xt3wy4463cd5ys2uxh7s66gvje,889806.0,p2tr,12,1
bc1pfz9wcda8vu3d8985asnxd9gzl5jqn8wmpxrr2tjx6702y3zj20cqevgx9t,889806.0,p2tr,41,1
bc1pfzdkh4ufau68s4msz7w6308y25zl2e54xpwhs2kwh9zgke52ceks58le8d,889806.0,p2tr,22,1
bc1pfzj89yswtc3zrahz9caxlzwu0qne4emdtyddzhwkk8qryhdypg5qtur369,889806.0,p2tr,40,1
bc1pfzpgfr5pfgxd4zjdvgrvm8uqn0th49mx5sp8qzt80ht7dtkmswuq25kzar,889806.0,p2tr,4,1
bc1pg02mgtqzdutqrhqx7qjdy23czh0sntjk45k36sx8q62zg3xqqg9szp8m7l,889806.0,p2tr,14,1
bc1pg089ete3dp0aek3u8qkkqeqgnm96cu35xj0se3hyee0ugwaaxazqcs444j,889806.0,p2tr,8,1
bc1pg0awxq0fy8eq7t7zewk9sfsjkssveqpny3mcg94vp24hjtwemttqwpych2,889806.0,p2tr,7,1
bc1pg2luh2ggp5xwgd5mec7p73497gfrc5wmr0d34vj8uy8z5ylq5rmqr9keph,889806.0,p2tr,19,1
bc1pg334s76sjz7km4nw7v6ge3a7fq0eq8za5udewf59tleehe8uefhqgk5ds9,889806.0,p2tr,7,1
bc1pg3f2gcxdf6qx34mwd0854ths50ynvf8fvasfdrwemtwm2vq6mm2q59qnjt,889806.0,p2tr,15,1
bc1pg3llckydcz38k7rkyyrgrnxyejyemwveup9659dmet567umk0c9swrnjn9,889806.0,p2tr,9,1
bc1pg3mltxl52shphqh8v9ygqnvedcs3vx5m9ymqp9fqxf0rkknjhe4qyz537y,889806.0,p2tr,8,1
bc1pg3t83474q8565jqrvlnwefjlxy8dz2qyl2c3phmeppdafx3mcrjqc2fjnf,889806.0,p2tr,18,1
bc1pg3vspjlldv6svy9kazvajvsgmawkgm2a6e5yzafhdea86m707tyqn7w2lv,889806.0,p2tr,12,1
bc1pg3whj9hk6gv0cnrqd98f9pxdr3md9u4n7dht2vlw9acam3rnft4qku6pef,889806.0,p2tr,10,1
bc1pg480424slhdj2lcwy7efd2phl9fuwnq8tztnrd6d3zehh5mcu9vst647d3,889806.0,p2tr,7,1
bc1pg4dex2sddwjxlqumj3vd5e42zhv3sxh7aq8r5gt702ggxy23l07sdcqvxl,889806.0,p2tr,8,1
bc1pg4enhl335ctk73uvmh0rzfl5t6rs74yl6tn5mpxmn2ne678mujgq89tuyz,889806.0,p2tr,12,1
bc1pg4epsvuwgjeq09exj9laljd0qzh8slgl4m2c8xf0ypgf4v24lfdqgtw94x,889806.0,p2tr,19,1
bc1pg4f4d6v6e58s7fjkgdw79d04m2n9eryckq529m4mgxh6754eg99sqpnu2s,889806.0,p2tr,40,1
bc1pg4jkgsn0klngrlcvpx7l0s9lnlvmdfupqr7ntw2vh3hsmeavzz5sgvpwnm,889806.0,p2tr,23,1
bc1pg4lq806kxljkkk5ld4txwuhjza8cyg6uypz4xxgzzy004adp3spqwyt4er,889806.0,p2tr,8,1
bc1pg4lvw0m5axje80lk3y6e9t0erdtn7p5yg3dvfljzq56xelv4hvvq0z0l3v,889806.0,p2tr,8,1
bc1pg5683gyfyl3c6rucd3479h36e8mpktj7448kfckj2x4u337sa5aq5rdc2d,889806.0,p2tr,6,1
bc1pg59y3zftn803egzcappk44r90gk5hw26p4cnj8zrmf0jq6n7exksl5ttak,889806.0,p2tr,10,1
bc1pg5alnhn7j87x2dm57r5azrrdc0wysuevv5leda3t95zvmrq0hyrsy42zqx,889806.0,p2tr,11,1
bc1pg5d75akg84xck6xy5gzjcpg2746gjzd2pl9xwtwpz46tmju40peqmd4fan,889806.0,p2tr,4,1
bc1pg5fk53uj9fcd8ujxrhq62tv76peqvmukmrcml99xahjv4vmq83rqnfwjxr,889806.0,p2tr,8,1
bc1pg5jmmdyyvr9grndjx4rv0vq3mew39a3j7vqjwmd2x0e2rggcvktqlj9k5x,889806.0,p2tr,8,1
bc1pg5p7anmhgpyaqcrdkda4hm3kwf43h79wzsspgtuh8mur7zzga2qqkghm2z,889806.0,p2tr,90,1
bc1pg62n0nz2rqjm68ssghpmq8sp6ue0tsrqanah80lpst8j4qr4v8mqylmeu3,889806.0,p2tr,4,1
bc1pg68gqvk88qsk98kg8z5et8dz7j9e79l072apf3f5xmv3g5ftekrqf0z3yh,889806.0,p2tr,13,1
bc1pg6jujdwr4u2vmx55603zeuxk608uarjxy0gzndmygywjyluxjkxqrxjpm5,889806.0,p2tr,15,1
bc1pncjs40fsgg9nhe4xkcexkmmfay245g8k5nqt992qkh7pwwqrma7sadvpg2,889806.0,p2tr,13,1
bc1pncpnanduscz58dnr843rfadpmymp6hdeev5lrqgw8g3nnvdhpxysnkc9d3,889806.0,p2tr,7,1
bc1pncyq0ypugx9p8nt0y0e4g7a5m4tnu3hnmyz84keealk47h69mv8qm7gp8f,889806.0,p2tr,6,1
bc1pndhmp0q8lm3zu352hvy4gce02va6pev7cw69clrwysmc09devu3sj46y2j,889806.0,p2tr,28,1
bc1pndpl6k7zneq4uhuya8ghnukq609r9ueq3m07m3vd4r0nt9zj7aaqj2nrk3,889806.0,p2tr,12,1
bc1pndr3hzzcztpj50wjzrc7dsq34p2p8n7m4kd5rgq5g4nhplr5427sprmm3y,889806.0,p2tr,31,1
bc1pne4ykvhjpfrk9f7773qq4su5m572sklgu9l30kjsjlgpxzld2arqsyxtta,889806.0,p2tr,4,1
bc1pne53ygu7vqzt76a4qrd0cu05f05u6438g783sq3yysxyfmpj9mrs9pe0yl,889806.0,p2tr,8,1
bc1pne65v5fwaz679p4j2qa465e2axrnu30gsfdx5ra8q5huwvgh7uesf6x27g,889806.0,p2tr,25,1
bc1pneazyf3hu9yqhtrs5fvsrxxpdy59pkhqscm2q6nghaamf0mxugusgdpzdx,889806.0,p2tr,5,1
bc1pnelll2dhmdw02ey4z60l2yhz7zqrn0d3wjcwrz2wue5mlwu56q6squfql8,889806.0,p2tr,24,1
bc1pnemfndq4c92v3n92ndhvfdeumqjth8tmsn4smwz4sdzr2nggsneqmmef4e,889806.0,p2tr,19,1
bc1pneu3sfjla0sr7qpvz7yvfjlwjprv64vjyqpdsxx2n36x78px2rhqqmdmf2,889806.0,p2tr,4,1
bc1pnf0vd5san58rw4j5h9lzysyfakmzl25a5x6y7p2ylc0g4349pq8syl4wvw,889806.0,p2tr,60,1
bc1pnf49su0c8luhaa92earvc9mzgejka7v6g8msd2ann29fkzzshkuqeh9vcn,889806.0,p2tr,7,1
bc1pnf4uwm4xvkp063jf4zd4h6m8sz32gdvuknhek53e8lkjd9apzzvse43pqa,889806.0,p2tr,15,1
bc1pnffgc69kmlhhla8zpk8vr4cq97kjh7ujjs5c355m2jzw8qwcevpqq64hx0,889806.0,p2tr,18,1
bc1pnfhk9fmzqj30m3pdj2snd43t9wqc750ljzwek4e9cgn9pfg2wm8sc0h358,889806.0,p2tr,8,1
bc1pnfj3artwkhmu5wgds67z9tvcdymdu5eavsg7smfee8f2nw8wt27qvnamkq,889806.0,p2tr,6,1
bc1pnfj5geczftpe5vlrt8ag983mv886f9yzn6uyc2na0qw6v0zequ4qnja9pg,889806.0,p2tr,7,1
bc1pnfk07uujvrnu6fyxqy6lhvzrtp65tk87vwu2aqv5kj0y4qlkm0tqlcfj4r,889806.0,p2tr,6,1
bc1pnfl3ncgfpr992f4q4y3fq7jnjjku9zu05dxpgpmsq85v674ypy7s84g74g,889806.0,p2tr,8,1
bc1pnfrqp0wt6l2r8w28lfaucdurjskhwpf5s9qchqk5smrwmwv968tq465z8r,889806.0,p2tr,4,1
bc1pnggd7f2qm3txegnsuxfy0j80arrfahsl738h78zczj2mlwe53sdqexq7h6,889806.0,p2tr,15,1
bc1pngjz5j2j9f8j5k3vptlhlwgca34ermuhg2yn39rg7sewf4u7e8zs3qern7,889806.0,p2tr,32,1
bc1pngq9jm72cwtp5qxaw4wtm9w00kxqu596jt8njhne952dfcy0zans6st8f4,889806.0,p2tr,23,1
bc1pnh09frhgyf65plawvs9g63zaqg4rhx0h39k9pvle9fq3z6fvzgws523jmg,889806.0,p2tr,22,1
bc1pnh3c0x8600s4xf9l4gp8vsu0yu8axu5wywfz5tmj00spn4md02squ3sm2u,889806.0,p2tr,16,1
bc1pnh6wpxnln6szx5ujjerxchad9ss973enrlltqcy4l2hr8g60tlhqntekr7,889806.0,p2tr,9,1
bc1pnh8q2g9zuc73603c768v0sqmqkh99nxhhmylr7vr3m0p57gnrmvqhaths5,889806.0,p2tr,13,1
bc1pnhhpf34fafym8w2fp90zdpjltcsgwrfx059ytn3egr5za27s0a0sef07uq,889806.0,p2tr,10,1
bc1pnhjv3txgt6k2ph5mvppfs39pk8hej3g7u5ng89az3n3vjwl5ke9qmmkndm,889806.0,p2tr,19,1
bc1pnhqrezwpsa4kc8hk29wpw68ur7c88grcyngfhslucf6hpf067xdsys462x,889806.0,p2tr,24,1
bc1pnhqx96039kmfrd64945rk9u5c2z0u8fww7sy90mtdupwtsc9dpdqa8g6lh,889806.0,p2tr,10,1
bc1pnhzlsllkk4vt98yrleqyw43h62uy5kx30k35ehq5c0fjdhpp6lhquqhy6a,889806.0,p2tr,5,1
bc1pnj0g2dfjl0zw5wc852zc6fd689473u9y36c85j8u9ma9hek3dsmqvvrhw2,889806.0,p2tr,24,1
bc1pnjlcecnjhk4vyd2sp0e6j5qtc6ftapp9qy93avdvyrzk3jmjaj4qaqrt85,889806.0,p2tr,10,1
bc1pnjuaqgakhel8h0hau4k8spn34gk677crsd85xc83xymzjzu2lgdsqyy45e,889806.0,p2tr,19,1
bc1pnjuj97h63hw3senju48fakuw0ntu9waeq0r6m3kut0uxw4uuhpdspgrads,889806.0,p2tr,13,1
bc1pnjv6cqz0drep86vuq9vu580ng0nlzm0ye085ycpzaupnt3fcvu8s3qtyhv,889806.0,p2tr,15,1
bc1pnjz8kv2e8uj8rgt2k7vx5qws7hzay6l7dadg97ne3cw3uq7pp6dqelygef,889806.0,p2tr,11,1
bc1pnk5hqamv4cq9aep4hu0th8t5rfjx7sgpythuudx6apaulty2u8rszhujt0,889806.0,p2tr,26,1
bc1pnk6dtyx5n39sh458far0w56wkusfw8frj3raf4kftpgnjpcr4jes9eh7zp,889806.0,p2tr,8,1
bc1pnkcmjgz70fnmxumgkgl808ezmpnj04rynh87z83mpkw2uz9jss6sxhywfp,889806.0,p2tr,14,1
bc1pnkcr5ntsf7tw8kz0xsxjel7vxcgnwcax0yhl53y3e9yzthnle0fs74tfm4,889806.0,p2tr,12,1
bc1pnkhhgxf22ett04g87lqsljz6zts82g8lpsr44dddvk3qmfh34w8sw2xfm8,889806.0,p2tr,10,1
bc1pnkhrwpzjrvkmvv336trxw0vw4yxfazjed69hk9slxtj6g55chq8qmzymtl,889806.0,p2tr,20,1
bc1pnkj9muhz45ugcykeu8avvjtcukn67q4puumdtj448e3ly6s9634slals85,889806.0,p2tr,18,1
bc1pnkjzj0p552gels0lnggxm2acw582zsrqpykd8akgvz7k8sj2fa6qq24lal,889806.0,p2tr,11,1
bc1pnkz2hgu2sanzhhgkyz9vg9djktelupk3e5wespvldgsnmhckhghq2j0g6t,889806.0,p2tr,13,1
bc1pnl7zmaqlkt8helpmnx8xutqsuvsa2mse7t5nnkaeeq8h0mmy6wrsxugxys,889806.0,p2tr,13,1
bc1pnl9kq79wx0fx9m3zdx9ez6z4v80w5qdhkpyd0w44uy8jpj7mff0qjd28mh,889806.0,p2tr,4,1
bc1pnlaz96jyea4lnea78y9ckj0e7gjlz2z3f8eezwjqqyxlhkwgzpyqu4m2jt,889806.0,p2tr,5,1
bc1pnlh5cme4hugvczjttcx9ys6jddzc4w2azt0a2mcqjt6f9y0022gsxhnmqy,889806.0,p2tr,39,1
bc1pnlsc2d5chlyhlf3e4xmxne4nanqhmls9rs27z5nq2sf6j043ur7qr3e8ve,889806.0,p2tr,10,1
bc1pnltcndg2y8g7jqlqmnytnft2p750l4x3t9lhfwvgl5mmxz8j7vusdm5ek5,889806.0,p2tr,4,1
bc1pnly9gr4jhezrq348m9ylzp9u5vmft97vxchq0cl5xvsltfg23wxs8hm7uk,889806.0,p2tr,8,1
bc1pnm6wnmn7tnvkfzxv8fvkfd7uwv5gtu873497r65kykdkzvghszvq7wv0ww,889806.0,p2tr,5,1
bc1pnm77krnn67980vh7j333ww9yvyplgeq0uejnpg36qypm07k8qt2q3jd02h,889806.0,p2tr,11,1
bc1pnm9hmqgww5t3mz6y2a7cl606jx9dzdqdfwt82m5fkshe60yp67aq2zx7h4,889806.0,p2tr,15,1
bc1pnmmuvweald56k2kkq2wejypee5xvwn4p0z7q5geuncck9syurfkshehm0x,889806.0,p2tr,86,1
bc1pnmx3ddmg5h08zp4yq0gn79d5y38y3lqswca9dexdennvg50asngsnldtl9,889806.0,p2tr,4,1
bc1pnngy0vmwyyrvwmw4425nqwew9ma9ruskq8nkeegqy5rwzwpcyvlsj8dwv3,889806.0,p2tr,11,1
bc1pnp4dlfwq347rrycrz92nj7xu0rzhft2jvyj2ln7vhkhmydak5g9sr42y8n,889806.0,p2tr,6,1
bc1pnp60syz928paakg72qgz7dxsxvucqlue5q9uk4nx0cxe4dtyavsqh53x72,889806.0,p2tr,9,1
bc1pnp6sdnzv3cve6jptw3vkpqtek3r6fmratjgnflpqngnmp5lkxztqzwd0th,889806.0,p2tr,337,1
bc1pnpyywcmjjazz6mray9dfdpctewzksy9xfqglm3tngsg5vl9kuz3s99r657,889806.0,p2tr,32,1
bc1pnq20ftpzy3p6jqd5urtz6tcxehdpt5hvhd76kvk3fzjrm0eax5asj24et2,889806.0,p2tr,12,1
bc1pnq8387v3qwy3wmzzz58m2hnct2lp9mvykgl2fpun8nwzmapjkscqfc6288,889806.0,p2tr,10,1
bc1pnqh2rq97hh629w232sx027yx0zj55kguk9z909cutnlvz5vje2pq0f73px,889806.0,p2tr,10,1
bc1pnqk77rn2mcl9qd63lwdy9548ekz3qvylyp07aqvn0pcyqgw2xkzswrp7wr,889806.0,p2tr,20,1
bc1pnr2dz683uuumf3k44awpq3k8qqg68yhpmd9fx98u2je88sh3ny4spx4fx5,889806.0,p2tr,11,1
bc1pnr5t8cudsddrrwvnmglqvxl55vszsl6vj42em2zc2m8c9qvfxklsaqzwdl,889806.0,p2tr,14,1
bc1pnr7dhp9gg6ejm6vk66r7hx05l3fv2p0xxu5tp5fzxl9yewrp6h9qdqvvev,889806.0,p2tr,11,1
bc1pnr86u90akqan6fn5ps7xmca52v9fshya9q6hf4edw02qqv5x350qx57cj7,889806.0,p2tr,9,1
bc1pnrjzsft30hgd23v75t0ngr0c24q7w609g6tnw4r2547trkqjjauq8790vq,889806.0,p2tr,19,1
bc1pnrrgj3t2e726qeysfpdx0mx84h9f48kl7fxfucg4ln2n280avjns95k9ln,889806.0,p2tr,10,1
bc1pnrw854zk5grljf5k2tnjffwmz68dvnssyud67tl0sqwkyrnhfvrqs60cvz,889806.0,p2tr,29,1
bc1pnrwj3egn3uzw67xgqjjls8xaqy08c7qcq7qg8f5c5yrqqx870qwsk2uzrn,889806.0,p2tr,11,1
bc1pns3wxxwyv9mu9xh6w9u0ckpqlerl6mfpvg8lk897ql5jcq9k2spsw65fh2,889806.0,p2tr,38,1
bc1pnskxyxusgv0tvq3892x2pkwj74pkggxz9jwv387tjad0g89z2stsygtqfq,889806.0,p2tr,5,1
bc1pnsmdjf3uwy2ahquu33tx7lf39rckcds282yxanp03crfytds9kcsh0xj9m,889806.0,p2tr,12,1
bc1pnsr9dmtz3nru2hjhhkjqspjqhnkl249vwzp3ja56e87ggxd7fvnszqjadf,889806.0,p2tr,21,1
bc1pnt4l04p6mzrj0ssrzxpcwncm940nuqq0hl85sgq4a9uq0prchyyq527aru,889806.0,p2tr,12,1
bc1pnt6nzpvy4r69u9ae0zhy3vx8tjy7z4g23mxwhm52x478uq98hm5snvw22w,889806.0,p2tr,12,1
bc1pntg2nuv9kyk328n2hfww2xsagq46h44vndvh778433n4yj8dtwrqsvljnt,889806.0,p2tr,11,1
bc1pntgeskq2u96c7lv48m6402juegkyn3ph36t3yfm6w0efgcnlld6qugzqqx,889806.0,p2tr,14,1
bc1pntlat8zl0ure7eghzzfp2ju3ymaxjrtvvl9akskgdvsfzhah77lsuejshe,889806.0,p2tr,10,1
bc1pntmvekmuw83stlhg9q2xxerjw9xsyku867s3hcu0ws9l65x0wvnqyhwsj2,889806.0,p2tr,9,1
bc1pntw3tfd9n0e24j6ngppkhjpklywtlfqs9nsamtz3gclavet5je6q88wjt9,889806.0,p2tr,21,1
bc1pnu9t6nn9zyyy6emm5hx846fhc0rm0a3ykuze4thl7gtwaxpsk3tqckkf3a,889806.0,p2tr,63,1
bc1pnuekpn0xxlwa7xy0z707rzm0eh7xf6500v9mq8ey0dekkx09nafs92z84j,889806.0,p2tr,23,1
bc1pnuzp763hws2m07hwm2tt4v0qj49nuymhq8262m35za9yguld0ncqejj5yv,889806.0,p2tr,5,1
bc1pnvc4lnutt59h6uwqte6lzxtgphrm38c722f28fa67927tvxv62gsvdvcs3,889806.0,p2tr,23,1
bc1pnvgcs9jdnmntjqsf8dc3p2trnnph3fkk5h9lnfjwftyp7jr4jefs34cwp4,889806.0,p2tr,12,1
bc1pnvjyu479vwqgksncryadkp2z9gt58nvsp49vdkm9vsx0qdppm3mqqz6gvk,889806.0,p2tr,5,1
bc1pnvuvhkdkwjpz9f84rjncjrjt8uq9nz7swagats84870v3xxf0h7shqaa74,889806.0,p2tr,12,1
bc1pnvvzkrcwlcllspcff3lxvntm2eurswfprhf9xa325c6z0g5j353scfpx76,889806.0,p2tr,21,1
bc1pnwmnva0m0dt3acpljqdgnz68cnmuyp0azxlgmxqcyse8sq7kynvq7rqeat,889806.0,p2tr,19,1
bc1pnwpj3sznfau58wz408kc4twd0eru4ckq5f2n66ffl3sl0amydkwq5tytlt,889806.0,p2tr,13,1
bc1pnxal5wytrgvltc3re794yt7py8tvq2yz7wa07a4ztpdtuskskm3qawtnku,889806.0,p2tr,6,1
bc1pnxcyjk3c32xmrt8muxrs46apa6y3aa00z3n8z468l7ev3hv6hdrqwjcpzx,889806.0,p2tr,5,1
bc1pnxe8kcauznst6azydaqh4drmge86dyk8985fwgmc0p8vz9vg356sj06qpx,889806.0,p2tr,17,1
bc1pnxffhjmgq4ajp4qethwljfv0rc4mfldldfqgzzvp0aeu8hxc4vaq9x8v9t,889806.0,p2tr,12,1
bc1pnxhwr49zrhfu7y79zxxfk3ty93qkkvztuw9uyhwc6w7c2vwm9f6swmr5uf,889806.0,p2tr,22,1
bc1pnxygpuevf9mvhhu73vele80wr4qgmeyq7mxj8h3c4vsstfrfyjzs6drv6t,889806.0,p2tr,15,1
bc1pny5z0nwh3pdckg4f4cm8e895jmw09nq43tvpjl8t0x8j35g99h7sc6y258,889806.0,p2tr,619,1
bc1pny6qznmhhlcgmt9cyawk4ryw84h8ggpjzsr7r98shx6yxactslzqzhftxt,889806.0,p2tr,7,1
bc1pnyatmj8sc75n0j6fdkq44dww6dqllftsmtcfydglaycphkswa0ssq27n3p,889806.0,p2tr,9,1
bc1pnylhw4k74zm2s2uwmc4x26kr5n794pne8pnx3ft7z8tkff0nngyq50nu2q,889806.0,p2tr,10,1
bc1pnz67re8ew5mntyt4kucesmzlfe8sktz9ar6m6axgchvrtrgud3msg88y3w,889806.0,p2tr,24,1
bc1pnz6nq9mxe3ur3dmdqqk7lrfl4h8tgk4vm4e8mxq8fwflhrfcjmds9znulr,889806.0,p2tr,5,1
bc1pnznp2e2jem3vqtuyzakpwdersnuxkfl89atjgfflz5yxkngylmas8hqzt4,889806.0,p2tr,31,1
bc1pnzpfma2dm5pjxznftmghfe60yyc6dthe2xwyyspseq42ncgc72qsvcrywc,889806.0,p2tr,14,1
bc1pnzw8gvwr6fgh50m0zwujlv6zx6gjc2lpwj82xne28jykx5eln25s7shhdp,889806.0,p2tr,12,1
bc1pp00d72na0hekzq32dhascaz5axg30dnrv0pdd2mpr4jp7pjz9unqn0rxle,889806.0,p2tr,4,1
bc1pp07cp9w69z2wazv6n7gwj3we8r4ddfeq6hygnpfqcvg9ufk65pgqsqxwnf,889806.0,p2tr,12,1
bc1pp08f6zlx09x5fn6zt2s75vqrfu4ngku0hk4n0fq45fgqtz8q0mlqegag7w,889806.0,p2tr,330,1
bc1pp0ezlga7y03zjt8zafvl9qn840tu6n6hfwsdujdj47cga53dmzfqu47j5d,889806.0,p2tr,11,1
bc1pp0sucz7uqs49gjjfhjavuwu3e8f2se7cq8kgw65wxe6t3y0xr05qw89ncg,889806.0,p2tr,11,1
bc1pp0z9tfsx8y7vf7sx693pgtstmvyxgkt37zwmkkj8a03x93knznesr7j2fj,889806.0,p2tr,10,1
bc1pp2ah7hwnx58grn90vwctcgf5sc8fh7u5tngxxhn8x5vyhcev4qusag5yp9,889806.0,p2tr,14,1
bc1pp2dzgfv9ytle0dsq25t7pkc0n5zh69jncqrt2my7sxygh0aumwtqslhqp2,889806.0,p2tr,16,1
bc1pp2jchf8he74z82sw0nkuyqw63ekjy0j226lla2lv68w5fyrv8znsdk2njz,889806.0,p2tr,11,1
bc1pp2lpyhlnhnmjyxyemjmj2k72ft8yslt3cdkd9lgpwp0fx2pjmyys370ghe,889806.0,p2tr,7,1
bc1pp302w78p28gejuh9ytpmnnepqcrth5rl95cl82y0ysvw3rzpvjsqfry6np,889806.0,p2tr,8,1
bc1pp38lfrg77ls2t5g3jhur39pzysv2l0m7v2uvflhax0wlwy4t2m0s5peg4w,889806.0,p2tr,5,1
bc1pp396mwl4d3utr6d6z2fr9gcw4q6hvrfzq69xacd5dvqhhnfmh47sgc36xz,889806.0,p2tr,26,1
bc1pp39dnemw0jcl83z79kq8ppmma0d4tcxealr89rt2dscjqga7fnsstnmxjw,889806.0,p2tr,65,1
bc1pp3j3ptvcxv2qz7hyz3sfz93wyjs686snzfmyry5rtcjuqaeceh4sc5pcvt,889806.0,p2tr,4,1
bc1pp3j7tw5wkh5yrm36ephgts805k9nlf702hg8pep274zselwsvd9qh3g44x,889806.0,p2tr,23,1
bc1pp45pac8umqalwh5hv0wf2mqr3rt479yrdd6heun7yrp443470cnqhtnu8r,889806.0,p2tr,4,1
bc1pp46za54zlq6wvr98x9z30lzz3fujc4794fplh2wqpdurg3dm5kvs8yysdw,889806.0,p2tr,4,1
bc1pp476dmcyclqkk6c9ty6pxce8jpl77ll4yc2hewjgtfud2hhm2anqyc6jf4,889806.0,p2tr,16,1
bc1pp4cumr30dqpaxusutfkf922wfl222c2skcq3rsqx9dlzyr0jy2fqzk3053,889806.0,p2tr,12,1
bc1pp4emhaqqpkpuud5uy5rpc69z45mvjhgu077hmnwaekrus6yd749sky2vpy,889806.0,p2tr,13,1
bc1pp4ftvr0e8tvg0tujnr876r99lhfenygfwepzwuzwdcrnmrv5zrvqv500xs,889806.0,p2tr,13,1
bc1pp4qkr3t4vq8wrm2mz0nlj6jatg2qjh3akstnk837jmslnzk8840sqc9c0x,889806.0,p2tr,18,1
bc1pp4sxlu2mwta8ex8y28ysd0tumz5vwz2u2zp0jucwvkcw4sd9slzs39r898,889806.0,p2tr,31,1
bc1pp55wvhem9kw8e7075ktcv22asv4ckrl0tags8a4h4ples42hezlq7n2lrn,889806.0,p2tr,8,1
bc1pp58yelt60m3jzca9esndzy8s8gn2c64rvz2e33tlr5mzu5ss58sqarnz4w,889806.0,p2tr,146,1
bc1pp5eylw5xnaptawvdx25s8wr3hkwjvhr6908umfryl86srqwjeawsut9kl9,889806.0,p2tr,11,1
bc1pp5lek9430sxgx26pk4qjrn36r2mmleuhp2uzshwkyc6mznrg5sgqkpqjkm,889806.0,p2tr,12,1
bc1pp5tny6vsknqaxszacn5y4k4nx75m8xd0p2778dkzhumw7nh4fdwqe8kfsr,889806.0,p2tr,10,1
bc1pp5ujz0j8345q3zgtcrz7q0svx4lkdd8xg0a5237x32earnzemjfsnvnnp8,889806.0,p2tr,74,1
bc1pp600hda8svvq8ckdk943djv7td2ddmdw74qs2eaqvp8yjfazws8qwk0fyh,889806.0,p2tr,8,1
bc1pp69prnj9uwz6r9xee86cdfhzj96penzexrsah48694k3f2f98m4q0vgsej,889806.0,p2tr,4,1
bc1pp6w4zx7jmrdazqjfnsk8l9awt6cfcfxpe3yhx3df7vywfu85d9aqjrjs47,889806.0,p2tr,23,1
bc1pp76e5ay9qdsuwupth3v5qw2t3qqkp35f9pssqpswqap4klrcrzksk08w7x,889806.0,p2tr,96,1
bc1pp7kctggeln4wkechq89g647rxe96kfy87ak3e50nejcfnttwq7ss4kfe0v,889806.0,p2tr,23,1
bc1pp7sgwsrx6nng53gv7lrcarw88n66cx5qgq9k93mhrcydyzsf428s4r6uct,889806.0,p2tr,13,1
bc1pp7z8zhx80ejxpvrkyg58m6hfuxtd5y5fzcaz20c3f8hgwjxkajtqudutpm,889806.0,p2tr,20,1
bc1pp8fm2ulwar2sr0qycnju8gr2ltwew5sg33wqhn7w2khytkv5wcvqqulexn,889806.0,p2tr,4,1
bc1pp8nvwjgwsnp8r60sv4xyqqdcv5hezzze3yemvltvp0ty39gulztqfcqs59,889806.0,p2tr,11,1
bc1pp8tmuvj9uk50m6dgvmcv846tc9k4gyp59ceak89v99nshpgmp5cs5f2aq0,889806.0,p2tr,11,1
bc1pp8uwuy4000rejh2af59n2r3ugrph75ms5fmmeu3hqt9jrnkhq3ks0xc6rx,889806.0,p2tr,13,1
bc1pp8wmettn0xz3t87phe82tzan79r47r4s6ycn0ad8ewlz3y4zwfls32m04p,889806.0,p2tr,6,1
bc1pp8zkctzavjrvehu7sph0wz4znc74z0dk8nm45exv3j85l055kdwscfgh0t,889806.0,p2tr,12,1
bc1pp90ew7jg0dm3255hmkz64nl7v2kuw378296vg4zz9p47jqxrcwkswfgsrs,889806.0,p2tr,84,1
bc1pp93x3n497u770y77terl3z4jafyk8q02veyr9q70ks5axnqfxxhsdq6mh5,889806.0,p2tr,15,1
bc1pp9jqtvrn46uryjpthpdprka07gets2765pcrre4tddpvr9m4na8qd9c8w2,889806.0,p2tr,15,1
bc1pp9kadpd2kq49zm99hguc8fch6r89rc3wm6dt87e8xdjg3vj4zx0swk6jmk,889806.0,p2tr,15,1
bc1pp9t8nfqsmpv5gdu642v90pn447ne7ca2d8suk76e9jcfzy9hdheszhcgku,889806.0,p2tr,28,1
bc1pp9ujp76l4tprv202mrj27770lwk2mvfk5pz4wa9jwf8xyrlu9yqqts3t5g,889806.0,p2tr,22,1
bc1pp9whnkfdajgqk86gzv6egv4hdad02jw8n2xvxs8zeu94s9uwqsqs24u30c,889806.0,p2tr,8,1
bc1ppa4kcd90leycnmv3dscsce5q7v9tvd6qn90gwfqqahr6pcnukesszdpq4v,889806.0,p2tr,12,1
bc1ppa6vtd6p3lkkpduzewwpjhx3r5dz2ak8mh4aaz9nyjhx89ez0jnsfz3l6t,889806.0,p2tr,10,1
bc1ppajkxe5puqktch55fmx5kxlh8jpdd3rhw8uzwedhz00v2gvg0l9s5dnnjz,889806.0,p2tr,18,1
bc1ppamkssa9rlfm7wdewgpr7km04kkkxmp434d8s9jznf345e4xzxuqhum7tu,889806.0,p2tr,6,1
bc1ppap3tc0pjw9f5v3rcxfka2y2gaeuht8wqaghqfc0aezs67val7rqvm07xk,889806.0,p2tr,32,1
bc1ppc7wmls0x9y47k94g9kw58ysp2wq66fka5hjufmtsxmvruk5ylxqjrrckw,889806.0,p2tr,21,1
bc1ppcdqulnw2uhsd7mr2qwa8hrrr5yj2trt58qf6ppj7ney34f2hhhslkwvkf,889806.0,p2tr,15,1
bc1ppcj53ndxhgp0qk2sz99shype6na2k38z7vnzm9fk5rnmafa8l05qpf6cze,889806.0,p2tr,11,1
bc1ppcpfhyy92hr49zy4j90582n256qtjgeu3dj7kpq9rnax9njgxq2sxya2j6,889806.0,p2tr,11,1
bc1ppczrp43ujnlfsdznrrl3a9ueddqdkrwk8qvzzj7hydzuzfg5w7wswv0y4a,889806.0,p2tr,9,1
bc1ppd0cgse0ur8daqvephv30ac6rc4u33mmj3akw0gc5urgmg55fmrqz8xq5k,889806.0,p2tr,33,1
bc1ppdahntgepfazz8epchnff0cxcen3x6z3akc2xn4xqcfqweh2ry0s5h26c9,889806.0,p2tr,13,1
bc1ppdk0kxvmxz0nrfpgm9qevyuw8v52qz3gk5gh87r0awu0fdznrgts0k70z3,889806.0,p2tr,9,1
bc1ppdtregsu2w6fpcg624m8jec3eqtjyuuxpjh9rglvtcaz8l5jp84shqekpc,889806.0,p2tr,10,1
bc1ppdudmermlmudrhlfx0hlaan6d6ul9cnyk6etumd6mmf3vzxl99dqnlmnzc,889806.0,p2tr,8,1
bc1ppe2ryvhs006x54vg33juv5z2m45had7h6yvx46ged94359e6q7gs5p88c4,889806.0,p2tr,33,1
bc1ppe8uv2mhxte8j3g92af0q04fgd3rlf9j9dzrpd4ffc7uhsfn96esq3v857,889806.0,p2tr,188,1
bc1ppejhz2w9tlfqu3a29xeapgjmhc8shsayw8ffyu9w93af9uwmv8mq9wpccq,889806.0,p2tr,13,1
bc1ppevwvndkhvfcz5kn5gtq5xug7sycdk6a07dyl3h4nzlq0vqmpceqzr2e5g,889806.0,p2tr,23,1
bc1ppfhyae2egklvtgec8dcf04qyecqsdn08vsx7w8pce0cvhqdrwfuqqal9l8,889806.0,p2tr,16,1
bc1ppfvd3zxrlu65nkgy4e7kmpuemma3v70dfk2x9kly83gzqa2x37nqkked65,889806.0,p2tr,12,1
bc1ppfy3792t85cfs0x4zukw4jhextddfncy6s3ss9kzjtmd5w2m2h8s6kal0a,889806.0,p2tr,24,1
bc1ppg4ye0vusdst04vtpnykh3xg34acm6em6ffekevueklqun3ln30sdy6gc3,889806.0,p2tr,58,1
bc1ppg7dl0y4xslcrg64xugjj376tu8fygvgw8m702stagvsf0qge97qkm449l,889806.0,p2tr,46,1
bc1ppg9xvem9ez88mlrqghazsc7jfg4fjxxdck04mqtr3mce3phlz2aqvvuw7x,889806.0,p2tr,33,1
bc1ppgcwrdnwfntteqhn06yarxpy64r849lycy4hp75fj5v33z98c2eqrz9xyl,889806.0,p2tr,85,1
bc1ppgcz2aedajgedj9x5p7uve5dr3atxrxcvjuc8w2usyjh55t97g9skf84u3,889806.0,p2tr,4,1
bc1ppglp8tuyzkq5r3ulkh8vc5tp43zpel3wczmwm6dy9m6neuc9tf5shqym0g,889806.0,p2tr,5,1
bc1ppgmjlyh2gmwxsyv0tmf5494us3akewd6rmwwddzcus5qn4f5w2kqykcq3j,889806.0,p2tr,11,1
bc1ppgsqmmsn83ufddjmzwcy35gxp65cppgtlhuem9fnc2aw5pp37hfscndvay,889806.0,p2tr,34,1
bc1ppgue93se5y597mz0e3em5q3s6t6mp2ngqzr4rahcw0h0kgezjaxsj3raw5,889806.0,p2tr,8,1
bc1pph3r3tulgf7saj0xytnt45ajysvzqtnqzfp2v089g0fv454yphes34cvwg,889806.0,p2tr,12,1
bc1pphcfnuglhpj99zm7gh5skkufqp8jnv9ue7l7a0p93fdtr5334essd0sfqd,889806.0,p2tr,14,1
bc1pphj529e4url62f26vyf4qkvavx4578krdm5xvvt2rc8e9eqp9rmqs0s4v5,889806.0,p2tr,53,1
bc1pphmqskvwqwy6jfmp9nqadk6es0pqaj09jusew4hc6yrgqgntteqsws640t,889806.0,p2tr,9,1
bc1pphrzdryk3petsv2lurawv8u93999n6x4hv6ykjgq36xfuxh7r6ks6mw8hz,889806.0,p2tr,12,1
bc1pphupdf6e5jy8u8kzkhue68lz7lljp52jfzdn0q369e9jftpn9s6santajr,889806.0,p2tr,10,1
bc1pphx7fjspty86ksqpsxps55hd032lavtyaqwmmgd9x56yqcgenulszd6360,889806.0,p2tr,10,1
bc1pphygjl3qhd29ngll06qypytzv93qh46svcd7t6tw6p4c44vtdenqxw0x77,889806.0,p2tr,38,1
bc1ppjf3rhk6ta5dns6lrtawgnz9smeegv6mz9kk89yc3slykld3dj5sggxa0r,889806.0,p2tr,14,1
bc1ppjhz4ys0epun780r8d848udqq436zdrr5t80qu5m7n5agvuwlcss9j0eu4,889806.0,p2tr,19,1
bc1ppjuc242u9m08ggwwkhuhm4nrz03gn8u4nw5je2u2tr0jf2x8lspsxhernc,889806.0,p2tr,27,1
bc1ppjvwc2t257lrg0gqx65exuveknscd2qc2fslzxak7kty5vhm3xlqff5yj6,889806.0,p2tr,5,1
bc1ppjxp09ty9e48xdz9us3ky4h2we2d0l9skxvlrafx897p0wn2wvfqs7hlaz,889806.0,p2tr,14,1
bc1ppjxu4gje75q65r378pc62vwjsvjrsppfkgl7slwna2y4smy3rf0qwuzg2z,889806.0,p2tr,19,1
bc1pxygrk0a836vqh2wpgzfav7n4hhpa9sug4ahzv9d0hv6j80435hcsn77amh,889806.0,p2tr,5,1
bc1pxylspyds4cup90hqqsjdlx5kr2e4yd2r8t39se74v7rshapa4neqvayntv,889806.0,p2tr,13,1
bc1pxyysk0xcnwcxe98s542mmah2yy7wwdtjf3y2mzd74nc4yxxat4yqtkwz4x,889806.0,p2tr,23,1
bc1pxyz06qn7pn7csxa56rzkcy8vux20mk5fasucu2ymktymxnsg060q4dj32c,889806.0,p2tr,12,1
bc1pxz85kaedudh6y03zgg8xje7tc2dqtk0uvf0295n7tdpn6pc08u5suuehxf,889806.0,p2tr,9,1
bc1pxz8hzqk9965w7dkl9s7v62mtmed628r4jpcckxntn5c9w6k4vdhs2c4ml9,889806.0,p2tr,35,1
bc1pxzazsz0vtz069cz9adnlyremedv5ytfgxnh2jvwmyknzsak9epsqvyw28n,889806.0,p2tr,23,1
bc1pxzzrksvn26enr6fgpeq7g0r34fs3q2u0kcpfcfym2nq3khxjjjeqgrdy3k,889806.0,p2tr,16,1
bc1py00gmkn6fn2tpys0qeqp3wyjqpc8zsu33xe7qahu4pn9h3pnwjsqrj937q,889806.0,p2tr,13,1
bc1py025r99ljy8htrpjl0vun49tmzg2jr69vlf7s38cj06vny3juykqxsdh79,889806.0,p2tr,10,1
bc1py0cerhv29u4uk7exp3v6886zv6f9jw3w23jj9wavc023n8stsmys3xmjp2,889806.0,p2tr,32,1
bc1py0nzu64audxhqaaq77xq3xfxd389wruz0tx2xg8nymk9eeerears8j2qpy,889806.0,p2tr,15,1
bc1py0rpp3n94kzkfh90s7fd0w0lm0pk8cpx9mmjykaxsf2llf62jynqphx25k,889806.0,p2tr,20,1
bc1py0xn97z6vua3a4q0pdk3q2aqzsccacvfxl8fx65hgp7d48tzhn5qrnxny2,889806.0,p2tr,5,1
bc1py2cl0n38tpeay5gh6tqaqp9le8vy3xc4ua6a2n2gt6fy4h4h3cjqe8etls,889806.0,p2tr,8,1
bc1py2f0769pavn5penagf9hzsg26dpu2he96t89l5h63u6xqkpxgqts4ua6dt,889806.0,p2tr,9,1
bc1py2ml8mph22e9h668s876ntwa45g6xe2s8kgqwsan6838ly9z3ffqpavuaa,889806.0,p2tr,8,1
bc1py2mpcdnjce373th8ps9dgpn5kug607h34hz3ce5gzpgw9230p4hqjf3umy,889806.0,p2tr,10,1
bc1py3405dahdxat6p9q4za3nrp9zwj45zp2qytwswxyp2vhr88gqdasp5gsyn,889806.0,p2tr,10,1
bc1py34aq2d567axexfjlw27x307uhpumtf0xnjkm7v44x07gwgqv4aqxxnv3c,889806.0,p2tr,4,1
bc1py36jk4lr0s34tgp9yyz0wkehcny04yq8wexk3kwcpp3j5ekxa3sqq9f4rq,889806.0,p2tr,26,1
bc1py3d5y6nlcca2a3de094tugap7cpnm67r2yqvzc3kzsxrhfmx7lqqxerz5z,889806.0,p2tr,11,1
bc1py3dg0zlgvx4ea3grxuxrsxyxwp0nyja8ayyjdzlaaeggjepm2m7sjf42ez,889806.0,p2tr,8,1
bc1py3etkl0y8jpz28yvezz3mzaakr42uxfa5n7w36mkm8luqsshvj6st2d6tf,889806.0,p2tr,17,1
bc1py3lxxeha24k6m2k4thd6u2pf9njkucpuekt224ujek2m2mc8ez8sfa30jq,889806.0,p2tr,16,1
bc1py3tm0zza4jdhxfwyp4trfjq3fqlxfnmpmkdecgq4pelsustgamysxewffu,889806.0,p2tr,30,1
bc1py3usn6a49zpd8u7c9n8furahyanjtr0my9ux3smz70zjvws2hchs40puel,889806.0,p2tr,4,1
bc1py3v5sx6ez5p94xh3u2wsxkurcqs99g94juz9dra08zhkh73t4vwscqyjpw,889806.0,p2tr,9,1
bc1py436v6pkk5mvszcvsg0fhp82fzex7vlyrj26p5ygdc8z4hfefyqquvdv8n,889806.0,p2tr,16,1
bc1py44dqsr399xnxnevyu7qqpf68tzszmfle2smqumv89998u0y0vtsmw8rvq,889806.0,p2tr,42,1
bc1py44smdf2q8s3dwdlpapn4sncw80tve8q7je30xhrd2nq8f9xmw5qclv8m5,889806.0,p2tr,44,1
bc1py4898gnes3tlgg8xzv248dsf7pj6ac9czlklu8yvsmssza5nz7hq0lm7uv,889806.0,p2tr,12,1
bc1py4j5crdg2e2d022wuyljjslf5yl3wmt2he0y6xs3ty238lt8nawst2hxlp,889806.0,p2tr,8,1
bc1py4z7xd5z9h3cqwky240e29av9pln5m0mulsy0rhv8gd3h83a2awqyjq6zs,889806.0,p2tr,4,1
bc1py53ggyc7qt5pktgzkpnt2fu8vxh0v05zv3tfq0eyevyq6t8rjc7s0aesfd,889806.0,p2tr,9,1
bc1py57n0al96h0t7kujc9rr7mfd9890wga2mjgr2c7rhzat5f26tugsx5ks7h,889806.0,p2tr,6,1
bc1py5ad9fv06xfe3ll6ypf2h6gdmm0ej2ua8tnkhux3dqmusgh72dlq66lfge,889806.0,p2tr,14,1
bc1py5js0gtrg04xexrjpzeppgg8uatc9x9xme5xp6h9wzn0r7ceepjssf4tls,889806.0,p2tr,8,1
bc1py5y2c4sepqwz0pqljfhwk85wm85u6ucm7lem7mqcts506qq0ccrsw4hfka,889806.0,p2tr,15,1
bc1py62jtnrgr7g8p7l38levqxtmfu46mtknlnjprymcj3a3wmv5v67qkt3nal,889806.0,p2tr,10,1
bc1py6dsfnugyjhe62xkf0sam4ruetlynm0e8nlwsncwqsx9lm9v7jdsmlm0al,889806.0,p2tr,8,1
bc1py6jjprclhh46wvxv5s9q57hg6qdymzlttp395jpmvyfrf26nr0hsyx6qsp,889806.0,p2tr,18,1
bc1py6kgn2tcmsg3fay5qgkqhqxztaqas5g4mt89mxsd3aqnytyjay4qkmqnum,889806.0,p2tr,15,1
bc1py6m0k2hwkdjv8we7w57z9hk7hjhfeyyvyqttnhk2yxh96wpsynlsdqwj56,889806.0,p2tr,9,1
bc1py6u5s27uulrh0qketwrdqas7ctru0wgmcg0ecyxnt3c8uprlkvws67djqa,889806.0,p2tr,24,1
bc1py76ugfh8mhwnjzgm799lzgsw67yp80hfhf6y4nm4kdxhzvf5zdxqkc8knu,889806.0,p2tr,23,1
bc1py7hut62pzv872e9tdekwhnvd9klyz398tax3tzklnmdurzhxv64stp4mjx,889806.0,p2tr,113,1
bc1py7hxy3sx89nl7ulxyy6supqxzslefah0lw56mym4k6yj2gv8jskshct8yf,889806.0,p2tr,22,1
bc1py7j23gkx2p32hht20h8zesjt7kwvzql2m400z238um68svx8sc4svrqcvw,889806.0,p2tr,4,1
bc1py87auedlrewhe78a3pr6qap2jkdr9a84yh388sm7g5w8gdp4rq7qm03xdz,889806.0,p2tr,18,1
bc1py87fgvkms04fnhxkcpq4egga8dyejn7jsvzfzgxwgy7ea2v8nqsskphj2f,889806.0,p2tr,10,1
bc1py8dttqxxahgh2t3m002rnslznrxcxll8sck22pcdpankhsahv7vsnjwctn,889806.0,p2tr,8,1
bc1py8lkrf6vuh92lwta2jktxggxmpf23v2tk6ngkh0m63ht76f05kcspps94y,889806.0,p2tr,11,1
bc1py8qs58qwp2e5r56kcpz8a54k34hktd7r23n22aqk383ryluun84qpkd2wz,889806.0,p2tr,13,1
bc1py94kktf6x04rh3rn4738utlq2vk9pac5v0fede0s2u6glzr8x4hsfkry90,889806.0,p2tr,16,1
bc1py9hhjrcvtwahny5llgkfpsexscvn6tdgt66psflx7cj0rd4ssk2qa4de8r,889806.0,p2tr,9,1
bc1py9l6hxlmsknzu5qfcf8e8f3vj04adldktvewr5masdw8dxgycdcslclfuw,889806.0,p2tr,28,1
bc1py9pvp4mfaryyj4x7ylftc46p2vl7a5a7d3592wg2ckhx79p9ls9sjjjunq,889806.0,p2tr,10,1
bc1py9zwppf2kkmgkexcl8hcm28x9809trlvvlnnzfuwj8lfhsvrxe6qzc38n6,889806.0,p2tr,107,1
bc1pya2ktal3qd7ltrnwp6uz4ze9u0tzrl5pnrkrpzdrh9acg5atsrmstjegf8,889806.0,p2tr,10,1
bc1pyan2tlgwgv8c4p65pj7z20jewjjv8pzd8tk2f09snjkvy7aedwdshgee4d,889806.0,p2tr,9,1
bc1pyc904f2yggkjmrfkagn4eqtpkww30l3vsc8hr0mwch6psk9lmstsu7s0ex,889806.0,p2tr,11,1
bc1pycn49cehsqp0se0gam8vmn3c22uskwt2u9gk2ga8zd95mjs4nrjqc22cd7,889806.0,p2tr,15,1
bc1pycugqaklhvk9arra6usqvua8990shdkthxzprxahyk62xqqc5jysw5ptlu,889806.0,p2tr,8,1
bc1pycv848r3vgpcdaap87xmzlmzk80q0lyhv23xdymaj9dnt0w5jrasfrxccd,889806.0,p2tr,11,1
bc1pycvahdj97ckr40dffjr59q7h754rn7kqsysfr8l0e69sx2xhhhxsmp5l2f,889806.0,p2tr,10,1
bc1pycvnjyrk0g845cjj3a6ppv4lqy0cdlzagspdt5k2j4fc3ddhxn7sn5u6qy,889806.0,p2tr,13,1
bc1pycyx3feak428cjfhr286lkmx3d5wyfe08vaypuswq4a577crhg7s765yx9,889806.0,p2tr,4,1
bc1pyd5pfeu87s6tpfyuma9r7f92xde4jrl8ya3mfwpyw6jfttepp3nsp8ax3m,889806.0,p2tr,24,1
bc1pydpcczrfy5nulxa2yyv6l00cpgfu3wxhnmz2njyasf6gthxnrmmqqw3cmz,889806.0,p2tr,5,1
bc1pye37apm6zmqy3hsdlhu9jjj25xqlk9amxug4crkvq8y8a2wshjwqef3nau,889806.0,p2tr,19,1
bc1pye76w55gp4ypq3lxtuh6529z26m0f77kkyl697m9vc43ssz3enxqwk0y66,889806.0,p2tr,8,1
bc1pye87env5zf7uq9k39qp9srx4j8jdcl8wuhaq4snuqxg8sl8hu9fsdkjcdn,889806.0,p2tr,11,1
bc1pyeewv7ekvnvp4p4p2cdhjfwg8gcwpyjxxf5640ag7p4alrl6zjeqkx42lh,889806.0,p2tr,9,1
bc1pyemf7ncwyszyy0zxds4sax7ram8mryuszzv476y254mfyxqglvwqatxvcn,889806.0,p2tr,14,1
bc1pyemwela8tpskwpaq2wmt32wgqnarnjljzlr6rsgxqmscwpq5yk2s4wnz4s,889806.0,p2tr,4,1
bc1pyenj6pp0ht4sv2ssvelsz5vzwfndkqk78y4jf5cpsxu4estp3jescmc4ex,889806.0,p2tr,5,1
bc1pyeq93v4epd357f5aa57k8774pw42ju7k3pp4vmlmyr3zwfcjzyrsh7yem8,889806.0,p2tr,21,1
bc1pyez5pwk7c4rmu9rtak9dnz3gksw9ds8xuuz749lqxu2dapz7fg5s9a3svm,889806.0,p2tr,18,1
bc1pyezz6ljvp27s67s3pnhq7lhksp8sluxnvt8vf755agntwtjcv5jququr9w,889806.0,p2tr,16,1
bc1pyf7xydzn79vejs4qr54ryx6se73ufe9njtdsayyjr9edcnjtwxcqk5qa70,889806.0,p2tr,4,1
bc1pyfqs39mehn9ggdrm6sd54prr7frjnrjw9w4gm27eevlmnx2hr04s6zpyxt,889806.0,p2tr,11,1
bc1pyfsks6p9vj70zyvpm5mx7tn653q7k3q7eet3ydtejzwh7hvwaw9qq0p3vc,889806.0,p2tr,8,1
bc1pyfu923r3wf3qt6nj8eu30l8ycj2u2amkxqdxanwh9fhl98ts0qhsstesll,889806.0,p2tr,8,1
bc1pyg5d7fu0d48h599xp2vjh4c7f9tr6gten436ywhqyt5mxza4r7yqv5ehtn,889806.0,p2tr,9,1
bc1pyg9n54h9wsthk6pdzvjwj4xj249j7ggy80sukev3rhsk2wkdy9zsl5d3r3,889806.0,p2tr,23,1
bc1pyghuf5kfnzyy5zgczun82h0696mtkmk5x756ynfjacy6zuq0u9wqm2zjxy,889806.0,p2tr,9,1
bc1pygq6mjvlf0re9v32qczufs8cyh8lf2q0da7qdl6jzngf4cxwry8slaam7e,889806.0,p2tr,26,1
bc1pygstaawv5leqzezyug9n4akfrweaavrm2flxpr8fuypktu3dgxvsq3w904,889806.0,p2tr,11,1
bc1pygt5qt5x8v877893st7d4hvpj5x5plzlepfwewyrw2z6sy7yrhrq37ckxq,889806.0,p2tr,13,1
bc1pyh2fcgnst4xyfhhra9jsvcldlse0vu6nsrlwyl45vtghdk4dhfuq8xuj2u,889806.0,p2tr,18,1
bc1pyh3ysv0cvcqfg9qzcwa76kjp4jtpt8e543vvk6324ydw5ugafsas44w4jf,889806.0,p2tr,18,1
bc1pyhaml8cv5x552dan383t4uhhfjrdjen06dm3svpsmur0gg57rkks0539am,889806.0,p2tr,15,1
bc1pyhflr4unuvvsfdzwezp7xrv06zpm429hlnu3z6hp448v0uyhm2xqrupds4,889806.0,p2tr,51,1
bc1pyhl0gqpvpdg3d8kjq7rha8uemefw6jjnlrpxnxg34tunzsjlmazsz6ujnw,889806.0,p2tr,8,1
bc1pyj3yt0n87qmgza3svurah8pwmq0780zlepm38nmyyulkfhk9ajzqfk5can,889806.0,p2tr,30,1
bc1pyjgz0mlkyu3lzs9whmc72k7fkufeq43re40ajg3ennv3fz93p4mq6zjv0d,889806.0,p2tr,8,1
bc1pyjj72usm66djsd0qrc3j0q9rtrfm2szvrhtlrerw5ehma4p4pgzqpwxtjc,889806.0,p2tr,87,1
bc1pyjqp4x9lygcjhrg4qhe96fye6s4vf8shkf04ldw43lxqqsj2zlhqhzwgu3,889806.0,p2tr,9,1
bc1pyk7x40rqtmqcy7wnc5m4qlmjnpaanqvfeh67zejgucqmevx45acs3z9wve,889806.0,p2tr,8,1
bc1pyk9k4tdry7r5nqpn27hja76vnulv96hv0w669wafaqlyfwvdm6aqxaw0vr,889806.0,p2tr,10,1
bc1pykc0a32qhvfyu5edrypfv6x9awtzn0n2v2uk8qa86w6l5dv8286qc6vkuc,889806.0,p2tr,16,1
bc1pyl5j8mcrf68nelfge7h9zunqr5xee5p68med6fypwsvcnrcqjzrq5nl55q,889806.0,p2tr,21,1
bc1pyl8c2fav007zwlleauy6vsqt47h3v399kw0mqsxux247jy06wwnsw6jtnu,889806.0,p2tr,18,1
bc1pylc76w6ndkusnsj4qk235jns8x5tmu6au6873kd454nxjvquw2fqv5575m,889806.0,p2tr,15,1
bc1pylpdrv6uuyjy2wa45sprhezzr9e4asac03nu70ed7yejaru9rrnskx00v6,889806.0,p2tr,18,1
bc1pyltq6rk3prjvrhlqjpva0t4u9h4yknjx88hn3rlr5gt3uuhw25zsjjus8z,889806.0,p2tr,4,1
bc1pylzg36ucd00jky6jf4wlznvpkz6t9ngc0vxq6zdqn4a6pnpjgcqsksgn29,889806.0,p2tr,15,1
bc1pyme5sa7a9xpnww95gm6zwzvvqqf559ydy0jele2gj205d34lewkq0pr83p,889806.0,p2tr,61,1
bc1pymkdrrzppya4ujnwepn0aje5g4w345dlddkthcl6t20xlfwu8t8qqmnwsl,889806.0,p2tr,23,1
bc1pymkna3yfp3stcphxm7f0lcnl9qs497ahx536x3s20gna9t4u0u0qn4zzql,889806.0,p2tr,5,1
bc1pymlrv88rcvww9vyw4xd5t2p6j8lz49nuffh48m67m38eh482kehs6cndsq,889806.0,p2tr,8,1
bc1pympjn8jelz65aux7exd0mh89nl8r5un2v44r092tufvrsh0ewydsyngapk,889806.0,p2tr,6,1
bc1pymtkrf3qqmt03m8zc24jna739ntlzdfmyhadakr5f64trlvyh69sepy3uh,889806.0,p2tr,4,1
bc1pymvdc5elc9688xrrfkutpefl87kqwh4d82lhg4dwf5w5cakq3hvqv4vftp,889806.0,p2tr,16,1
bc1pymw0lgt2e420q2xfmk444c5qrfyzz9xzdlktvacs04q57084famqza7vzp,889806.0,p2tr,30,1
bc1pyn4ky4sst6enl6jygwekr7lpajc0r0m0t0fw9u4y6ckfauz0dxaqrqk6j2,889806.0,p2tr,9,1
bc1pyn9h30tt8tcsx702jp8cq9kx5gs8vrg79nrmdcq54zzf7626kq7s403aeq,889806.0,p2tr,7,1
bc1pynf4ky95gzj7vakkf7gf0hq4dxkq4j33cmhdlrfj7eyc73pcdsdqsvljq5,889806.0,p2tr,20,1
bc1pynl7v8720w3thqnczlp5wpruma2y4kgsgpjjpwqcpm9n27al070s24x2mf,889806.0,p2tr,8,1
bc1pynnyerhxqlrpetmnswxmak4svcwcqjrjfmjmdnjsnals8klyyryq78uwk0,889806.0,p2tr,9,1
bc1pynqn5ymcjzfmxpya76g33k2qhjdt74urgnfyf8j3ed2sll6zqqjq0p5z3c,889806.0,p2tr,105,1
bc1pynzcrh5f545gw0z0xjhzkqr3lzs5kfa3w9uqvymng3vhezdymnrsgvatc2,889806.0,p2tr,4,1
bc1pyp30m5nflnlv7ephg0ga7qq2yuwwv8ha9crkpgnx0u9x6ea0cauqg56tx7,889806.0,p2tr,10,1
bc1pypqt73jqqtzenl4pwev7nj2k0xk4j9h2xjtss3agsf849a59jutqd5tvwt,889806.0,p2tr,8,1
bc1pypt0t8mc5v3dsx0ff0mc72ftv8v3f4nuwqul7yftglut5vhcyr9sue9pfh,889806.0,p2tr,5,1
bc1pypzg2h6sc93qsgyyak6e30py0z5mpusqkc4scwq72mj5xzkwn8jse54at5,889806.0,p2tr,28,1
bc1pyq4a6veljax0gxt73yfw86wmuv8nw8mpa34um3vpfct5e983k5wsfclfj3,889806.0,p2tr,9,1
bc1pyq55ardpl74kyv4yqzrhzqwu7lclal2g8j433vd6dc5km74dal3s3udhl9,889806.0,p2tr,13,1
bc1pyq8sdgtsjccf7fz8j7s5g2lz57vk5rcw86h8camx45lfc5sr83lscv5cym,889806.0,p2tr,9,1
bc1pyqp7zxvxlag9hyglju4d5tngl3444ude80tq22vfjufv02u2hhzsd3u9sl,889806.0,p2tr,19,1
bc1pyqrsa0ps3mr8yvtahfr5gd553hef5em2vmh70mqea4g2zkcysnzqelg42q,889806.0,p2tr,12,1
bc1pyqtnm4358lz9j0hlpv6y48x25qrg7m8dnwma4cyvyzprjsvyjzjqs7jd3r,889806.0,p2tr,8,1
bc1pyr0fzdsszs746jcqrndnpuye7t7gvmsnv7tvlen5lzz5h4a0t7csmfyzt8,889806.0,p2tr,8,1
bc1pyr73cdg3snnh40d2qhkyuvp7z7e3pnuyhyp2ljk583lhgu0j9fyqc90gqr,889806.0,p2tr,15,1
bc1pyrmqg3g4lpnezlky00nxa6ykd8832xg4dcmkcac7stg4exaxclrsgtd4qm,889806.0,p2tr,9,1
bc1pys0q2fz8jj30xaaq3z4sp283mjxklx0y336rcjsr0g4hvrd0ds3qvfyn54,889806.0,p2tr,8,1
bc1pys2y48p8u0kx6kagflfv6zrxd9jjdmeru9yn3hdmslj65k55hgcsdg5gw3,889806.0,p2tr,12,1
bc1pys9686xsshrxgz36jehl22wwqalmfrjgdxx7u3rzuacxu7968l7skrnqge,889806.0,p2tr,28,1
bc1pysr2dpc6rwt44ypcnjrcawfu6s6pt2t8s2zm7lz0ne4suuyycl6qul3924,889806.0,p2tr,20,1
bc1pysr52uwtm05y5vs7frxwvgzdwe6hcnjtdjayx3wm7v8lh2lpnw6sztw6dn,889806.0,p2tr,17,1
bc1pyswayc8uzf7c5v0atddd98asqugjc9x3wvyptstysklgjzz5eguqd4n0de,889806.0,p2tr,120,1
bc1pyswnjuv2nmc4am8jzysfktyp9wldkxclrzlks7l2dshlspxzhmfshg6yph,889806.0,p2tr,4,1
bc1pyta7el0z8xg3g0u502gp4qzxdpgakkz0xr638vygplq9rwc5zzasncpgkk,889806.0,p2tr,16,1
bc1pytdjanalyux37r8nvkjy8ustd7zrrl9txm4nsz8jjfrcjzm26c5sfuneth,889806.0,p2tr,6,1
bc1pytk440s6848e6nfp90a3x4p54ees9f20l8nylk3ksm256rks8wmsz2k8yh,889806.0,p2tr,171,1
bc1pytptq2p4yw8zrnhyamt5x7zqdeurr3gk62gge6v7lzvej303hrzqn4mu8s,889806.0,p2tr,10,1
bc1pytuhpckfpnuekvrzxurv9jlwhq4tmhee20jjqavqa6sh3tdcmrpscqqj4s,889806.0,p2tr,10,1
bc1pytz4vg3gvvgakjrx26gkuaaj4ujsxch7atw5wc82d94avzelaujstgd9lf,889806.0,p2tr,14,1
bc1pyu3fqfpk6e9e80sthu73cqmvqxqlh3kfsyxvrqrg53tpt9tey22ssav74a,889806.0,p2tr,6,1
bc1pyuej2p99avr0p80lcex4lntrwxr4km383whyzxrx2yk2hqfhlw5svt34aq,889806.0,p2tr,8,1
bc1pyugdg2tefd8g3cr52769t5tt37yrv3a7vj67czjsanajvc4mcpuqldtxl2,889806.0,p2tr,10,1
bc1pyuvxg95lqngqmvkt5266n8cqyzr8me3n2vcqqv7f7znmu4xqgq9snx0m42,889806.0,p2tr,9,1
bc1pyuwtqmvpfkczr2r2u7ytcqpvz0zp6umrvmwtv7yuah4kzt40plxstd74sd,889806.0,p2tr,23,1
bc1pyv67nxzwwakvk7pxyr0f33ey3u0k96u6nqtu366hykryzskauynqtyg6xh,889806.0,p2tr,13,1
bc1pyva6y7js8zj03cptvgj63raq2qjgufyc6x9240wmvqtzjgsaxs6qymgq3n,889806.0,p2tr,10,1
bc1pyvm36exy4p8afr6jlmeufr38xl9dqss6q6ltxnz94z53ckyj5gvq0s79xt,889806.0,p2tr,19,1
bc1pyvtpulrrqtznmju3hl9vk48ltea55e753uwpl7pmusfnhg0z07rsxctdke,889806.0,p2tr,8,1
bc1pyvx33uy39kpy9045mhegy5swuta9ht8zyna89qn9xu6njrrc8ytq6s8a4c,889806.0,p2tr,10,1
bc1pyw0sddlzm6gnaqzyw93397syt6fhz87q78a2httvux2ma3zdypxsxadwp8,889806.0,p2tr,28,1
bc1pyw2wnemma8dgya3ftg5ftcq4cvdfqwypart8ayfatzpf3rqtaq8qgy57w8,889806.0,p2tr,80,1
bc1pyw99uz0s2at3788m5yjf9kv8fewj5lzy9shpsccqtu3ajns3kdls7smzuh,889806.0,p2tr,7,1
bc1pywjsjpx3eq820phc7zya23eq6hljvc8tzel2zy6s7r26dm408zps4lszfz,889806.0,p2tr,12,1
bc1pywpp4j3wfszj52gcw4m4dqwdfrk4nxs0f9g33tn3jwnv3kgrnn0sfkaejn,889806.0,p2tr,29,1
bc1pywtv55zavf7tzl7cm7uwjf307te0v6pxaucz5yhw6jncdx442ggqjt4y29,889806.0,p2tr,13,1
bc1pywu8ch0gfgkhma49qfx5vjkla0smwh7tl3pm3kadqu6t0dpl2qjqt3z0js,889806.0,p2tr,8,1
bc1pyww77unf979q5vv23q32zd3tw4chtxd0te2h737fzj80ms2el7dsh3pqu2,889806.0,p2tr,13,1
bc1pyx9fxhxg3jlq06mrs88gqxckju0ndrx4x7xmkruptlmc9d246tuqyc3hmf,889806.0,p2tr,18,1
bc1pyxe320c3zj07rafwewa7nhhg2k5gyen2ar09mr7g4dz40cwpl9gqpfkhyh,889806.0,p2tr,9,1
bc1pyxe4yquutexzeyetg7dy9hr303anqlclq7hyvgap9d7hdu3yqezq0a5mtr,889806.0,p2tr,11,1
bc1pyxkpn4dh3l337wupzpt9p5yluq79tpmrwvww377esqm8npl7jcuszhy4dx,889806.0,p2tr,5,1
bc1pyxrjgvt779jzs3j95gv0lsrg8eckf78xm693vyflz7xjc9hyzrpqx03dn7,889806.0,p2tr,10,1
bc1pyxthk2895q6juerryh9m9wjlxr5zpdrqr29qqs08l0rarruc5w5q0zska7,889806.0,p2tr,15,1
bc1pyxz6s099mep9x38zdsujcj3r5nxt8k78qung5u55p5wslmyh33ms0f69g9,889806.0,p2tr,57,1
bc1pyy46562nerj3n0udyy62jwytxmxesrxp7xzpppg297mghl9rwvfqmgg70w,889806.0,p2tr,17,1
bc1pyyj02cyk5f200l6ul9fe9ydmg7y7umtej0lcwhydgrtart0f5mxq5ptfe7,889806.0,p2tr,11,1
bc1pyz2j8g37neyq20mp4a8gpp82hrg9pml5c6ucpk5s60tq0dav64esvd60lm,889806.0,p2tr,17,1
bc1pyzknzshv2apw44ual54ac922wgdpazhknprkpwxrzlugw4h8h3ys3aak9u,889806.0,p2tr,10,1
bc1pyzq7gvuk2e5st9uh6zqkzzf4kysykwx5jy7qr50xtn9m3zkqnagsu7r7dc,889806.0,p2tr,10,1
bc1pyzw82j4jaq9yw4sg6pyn7ypxmyqt4lkg5qxrmv6qmf8p0pfcanxssg4hu2,889806.0,p2tr,12,1
bc1pz0073xh4swew2suw0n9wtkg476ng2ylgt3s7c8mf3dph4xawrddqqx9z5p,889806.0,p2tr,31,1
bc1pz03vp9n5huy9z62nwe90zcry4exu8dufmmxcpeacvp9cnesh6z4qlv36mh,889806.0,p2tr,7,1
bc1pz04as2qfuzcykmv6dfdrc3j6vfsdam4uqd86e4appz233gu4m6esu9fn3q,889806.0,p2tr,4,1
bc1pz04rlh2scm865yjh8yg5sn7qh2h7hsk5ya4hrfmdc9l4p20dx2fqceq6ys,889806.0,p2tr,7,1
bc1pz07c84fjf2whr33x8n08rk4ggepvw6ysz09pd9yn7j3chnenh2ysg52v2e,889806.0,p2tr,9,1
bc1pz0gldagje929zzr6jqq2tz6sfhaurjc6t833eqny45un2jgmtggq09glry,889806.0,p2tr,111,1
bc1pz0u3sc2dg3a520nv5wztd8n5z99m6ewxg428q7hfy70wf24cgzssuh5lhy,889806.0,p2tr,60,1
bc1pz0xgxadm3ch7nght0zrnmmwwlpax4m63t6lujta5gqw352y80a9svxvtth,889806.0,p2tr,6,1
bc1pz20tevfpnvcyld7ua4xl4eus57j3w2da9e3tfdep4yrfpa6j05lqlwv2ek,889806.0,p2tr,9,1
bc1pz278txhxhgw0vcwc0j8dncpl42cn70e5k9sy78pstwj3rh097mzsxezwmv,889806.0,p2tr,8,1
bc1pz28hd4vtf89hp66n7kuje9ral8th8re6s78pxdg0e6krvw9kd6vsvkwpy4,889806.0,p2tr,10,1
bc1pz2kk0hap6yz24cwvj74juht40pjur4y2p8j9svhyz4ls8k20djzq4ru7zx,889806.0,p2tr,9,1
bc1pz2l0cecthpp53j4p0umdm3ysqcxtf5fyharpe609v2tlwzfkfessvw2vfq,889806.0,p2tr,21,1
bc1pz2qr0cdrp25whg7e6w4ptus0pfr09p2l75smfra6ttj7l366wt5suylgsw,889806.0,p2tr,14,1
bc1pz2s8wfaqeepleea3hzwy7jfzshhnzkr7v7yurhpjgdw3eja7hn4sy4vefe,889806.0,p2tr,19,1
bc1pz2ypzg45c9lqlcyh3p3z9vtygt8xx34fq0278c40dp98cmq0rt8qg2su2l,889806.0,p2tr,4,1
bc1pz30ed4jullfm6xsvqyg2hmxex7nsvlmaduwvn3szjqu0acky5ycsmd6nwr,889806.0,p2tr,4,1
bc1pz33uxpqr3f62hkgpty44zrw5pw3kxsa5cz25dk7jsqh2nk2djtcqa37mya,889806.0,p2tr,8,1
bc1pz37wfx06mx6vxkfcxkczag67nzvjscvyvajy6ghfggvss8z78rlst0utlz,889806.0,p2tr,37,1
bc1pz3pag7ka3yjf02mmy28qnz2crf5j2q0nzjevwaklu7dmfdrfc7dsgzjlee,889806.0,p2tr,19,1
bc1pz3w82d62h35pwzjts902nzyvfvxyl8j3qkmqm08znvmnkskvp4psdvkdl7,889806.0,p2tr,13,1
bc1pz43csjvzyem8q0rp5kwr95exnmy0z7n6e2uysvuwgvt7rvqwgu6s55cqwj,889806.0,p2tr,4,1
bc1pz4e4ttc72n403cd5dq96mz0leag8r0ne5uf4skv9hnzaw40vz7wqrqw60g,889806.0,p2tr,39,1
bc1puejv73ruxrmh2yhmgtmxytn8akt7xxq5nr3m846g497eclxher3qsgphyz,889806.0,p2tr,21,1
bc1puerxrwguuejhhd9d6844ahv3s09aght0ud3e2nh2mqrm38uunryq35ux0j,889806.0,p2tr,8,1
bc1puf0n2pr40d4ekm45h56l5lmmje3h3pqzv6arp94styyf86rc29qqf4mkp6,889806.0,p2tr,9,1
bc1puf57hwrsh0ffzhs30svjd7tq3aksa6fll4y6zy60kvysnrp3rk4q5y8jxp,889806.0,p2tr,15,1
bc1pufhst0qp0w3kg4ljnljzmu3xnxmr3sgvqzg9akcxhxk9zs5ndcfqp4j86m,889806.0,p2tr,23,1
bc1pufkhfq2l4draz8vuw66fmg43lu9qw5y6nrj7h6pjyssj0tztfegslekx0g,889806.0,p2tr,15,1
bc1pufshaucjm89p9us6dflkv33qkt3a6ff4xw2fan4sksk9fwwn5e9selajhj,889806.0,p2tr,5,1
bc1pufuj439q97qvne7vm62dlhpvcwjle7jqg5w0w0plk7apztvpkjvqgxfaau,889806.0,p2tr,10,1
bc1pufvul6g0dyvnlqsfjhnknm6ztwqngtetehph6vrlgrh2aaq6y75s5gq2qc,889806.0,p2tr,10,1
bc1pug03zdq4uyadyswran2ra9jde3q9phd0rxxnc6ek2cwtkkm5cwgqrcsfg8,889806.0,p2tr,16,1
bc1pugr356k8fxrvms2gf8ndt9lxcr34390s7uf6mjsfntjhs9lqapgqru0r2q,889806.0,p2tr,52,1
bc1puh53z0lxszv8765mg2kdwg3q5kpeqwht5a6zm74fv8v3z757jzcsjlhdgj,889806.0,p2tr,4,1
bc1puhp5vhdtansxpstevnsffcs2lcyhg2pkvlfcsqytyz020kvw8emqsaw3rs,889806.0,p2tr,13,1
bc1puj906hrslw8f9lkn8p6qc7pptp3mcg3l50km3up2h2maufm8p4eql6j7vs,889806.0,p2tr,12,1
bc1pujctq253mx00ku535l2psdjcjc0xp96d85zjhd3gpvvfnz5s44lqh4r2ug,889806.0,p2tr,10,1
bc1pujhakjy3nzzdle74a34nj76r39rl50j79wugea9pcns4san359tqn3rn0e,889806.0,p2tr,25,1
bc1pujjuczrmje8eql5ppuarnzh8pv023w47hvcz225q83fqmg85y09q5sa6j7,889806.0,p2tr,21,1
bc1pujvq94cwphu6f4f2x4445vnkq4p87m0vlxusc9gualdz2lwj2huqtfzje3,889806.0,p2tr,8,1
bc1puk9lm2y6hr4pdpzrpnwgk73yudnzeghwgg6mep7t976uzpv82xwqz0ll2k,889806.0,p2tr,7,1
bc1pukmgqdyz34xgpq6nflljq46uw253lp05grvysdkq06ap8exscdqs0zpvr4,889806.0,p2tr,14,1
bc1pukp8epk6hqsu28t2hskjl4fht33syty7p99ax8a4jz8075qquuhs4qr45l,889806.0,p2tr,8,1
bc1pul27xqy9y8dxxyu50ahgwqjpk58zgudwk34r0mmtjktqmgejvltquzzwr7,889806.0,p2tr,9,1
bc1pulguqqscdgrsnccqa9r4n0ln4v2afupksu0pu56d8vwvj377xllqsz7ggw,889806.0,p2tr,12,1
bc1puljtn63acshrsajgzvj36wt0pusdqywpavftz5nlev7d3krq3ufqhkx6r8,889806.0,p2tr,11,1
bc1pulsy49rx4xsg7k3yvaace2ezcsywgj55ld7a50nra56j3qs7zwls06u4x4,889806.0,p2tr,4,1
bc1pult60642wy0gzd4rwdjzjwr8rmt8gw6hfscldquqsumvlksnzscqtnsyjy,889806.0,p2tr,10,1
bc1pum0ctptl35pvd2m93gzxv6k6d4g5xm5xm4qwsaamtp70dec2rheqkqw5lg,889806.0,p2tr,12,1
bc1pum5pg5q30rwudxv75qycsg7s2xg98wmy6m8z65jq4lgmclnqajfqz0wgwz,889806.0,p2tr,48,1
bc1pum7emmzc5etmyv8v87rwyw4q7sd8h63hn3nfvhdjgglf5uj52duqfqzrnp,889806.0,p2tr,5,1
bc1pum7tw72klf7c7wvjg3352yyghg2xht8qws03p6ucnw58tzv3msxqv9nwe3,889806.0,p2tr,24,1
bc1pum8z5jattuw7apwykwez3hr3rpqgqr7e8nc73p36p42kpe5x09ss27z25z,889806.0,p2tr,23,1
bc1pumn7szp8lsggp29nqs2j93mm5fg8j2j5yzp8sttvtksaw5pcazuq0pc3qw,889806.0,p2tr,5,1
bc1pump7p697cmu4g2gfxmrtw38jrx4hdw9ywqvugd0yyedmxeu7q99sdf6w0e,889806.0,p2tr,20,1
bc1pumsda5s29nc8rj5f33e6hck6ra38uhkvzl5ghtmukdejxa6sy8hqrtfwpe,889806.0,p2tr,11,1
bc1pumu943643str6hxcksuhs4lud8y2schscd5wvta7vl7z8uv3lhssxwguj0,889806.0,p2tr,12,1
bc1pumv4dzhcfn7u35ax8nhyvl8665ecp4mj0q5fsau62aqswtfr858q9gh7a5,889806.0,p2tr,26,1
bc1pumwj7msze2xqwzmhtlvhnx9hpcuurleyga50mmk8ys7zw5q8ljmq76um24,889806.0,p2tr,27,1
bc1punarfs32x3z5q5073zf6qtpvp584usglgj4tpekgwevk774wejksnz3fm2,889806.0,p2tr,6,1
bc1punglrfdarph9lg085ldea6xcj77krqw3hw0e504f989wcdyhv8us2vx032,889806.0,p2tr,8,1
bc1punh0vy5dzl98ls5f5659vtsjmgy8y2rx9m3aknhn730wkpaq7e6qtc8mrl,889806.0,p2tr,8,1
bc1punx7ceenv7fpks92pf0trzvyvdjhd3y7efwvaczp3gk9nanruvaqk3zzvm,889806.0,p2tr,216,1
bc1pup05jacld3snyvjujhg3mza665y3a97w37x6ttv0kzage6ltqdts5w7a7x,889806.0,p2tr,22,1
bc1pup44ctj9kedmtvpxqngn5z8anl9at9qpk6ahszd6zd6x2luc7vnqw2z578,889806.0,p2tr,16,1
bc1pup8ac4nmdna5zdrse5x23gq0wxxtphuzfgee7g332pmpzcvujw5s0g2ew4,889806.0,p2tr,4,1
bc1pupdkqny58sap4q3q3nguxg9ja58tun7avknt36qqq0fxkd72a2lqc4s24u,889806.0,p2tr,9,1
bc1pupzkx0hczqtkw2zft2scd88hv4ssuft8ekyernt5fzae99j3w4dqye6act,889806.0,p2tr,4,1
bc1puq4cy9h6znnrhea3l55yyuy8k6sa6qerkdsw4ayjfrxesd8nnnlqqj3rln,889806.0,p2tr,15,1
bc1puq7pxtwz7psurypjr260pw9fxq4p6pknudx0v6rn9rrlnksgkgfqytdj4l,889806.0,p2tr,10,1
bc1puqdu0stkfjjx5uedldx9plkm0rna2jyudqzpp94n7n6cj89yj7psq38n4z,889806.0,p2tr,8,1
bc1puqhmntfsngs7kywvat8p6h72zhcmaue64r27ke2c9z0yce360ads740t3n,889806.0,p2tr,9,1
bc1puqx0700pfu98uttfrmh6v8ljsxs2n2tpyw2f3vnk49hq5nk4pdksn8jsr3,889806.0,p2tr,11,1
bc1puqyc7djype45p4l4p2mnhpqqv0uklu5el8zcger6gu8vkf3nzt2qwhtnsd,889806.0,p2tr,16,1
bc1purajnpcaqcp2uapkdr6vq9l6hysw2nzqjtkgetelveff9jfnueesjnpjeh,889806.0,p2tr,27,1
bc1purl9pktej382vc4ppj5rtkrpqqf4eztl0ek3uwxk2qkr33fy0gxsz9yta4,889806.0,p2tr,30,1
bc1purska9xllfr9eqxvgcfdxm6c94nc06ag8m497u84sskm6m6jd8ssydcqxf,889806.0,p2tr,11,1
bc1purunlc2d97ps8uuywstk769knhq8qc2lw082ehmmn55wgn56w4eskv3kf0,889806.0,p2tr,9,1
bc1pury6h4fwvcere4fjye8hr40dvj6n983682pns6afdkgd274wvs4sl307x9,889806.0,p2tr,14,1
bc1pus4nrv2d2emuxpy9dwjctcfpxkjdkhqra4xem5y0l7tpntf6n34q3aem3t,889806.0,p2tr,17,1
bc1pus5drh3rgrw3e22mqwydqmg5xn90zh5mj7gjn3x4ecge8w9qmsxqncs87g,889806.0,p2tr,23,1
bc1put2zcclv93zwl69lr3rmnthlvyqa29fm3ndnd33yw5ytvn60tmxqymn55j,889806.0,p2tr,11,1
bc1put3tj86ju6e3w54mt5mx9t7y63565v63g5xeztmc4yu9n7jc429qx2ytjc,889806.0,p2tr,12,1
bc1put6t58ee533hfk087cveqaezsufmfjmg39wjmz8aa40hes93g5jspg73xv,889806.0,p2tr,16,1
bc1putgn6ehf7yptv2n7c8qht94w2sce359j4d86tekeap27scrta68sxpzesd,889806.0,p2tr,26,1
bc1putquuvum96xuxvnmkzkf7mf7ejnw0yl60e8faqzwwersecx6ul7q5u6rzl,889806.0,p2tr,46,1
bc1putydhlczsrfljr84lzp98xf733jp7selfru2kv9t5wrudlf34zgqm3ffuc,889806.0,p2tr,13,1
bc1puu0qlg36eldk5e4csc905r848mfraw79jarqrn0szz2wuz252erqcrc4x9,889806.0,p2tr,10,1
bc1puualdy6v8zr6ktamhkg2amtg9ldgkquq7slp8f7ytfhnjn5alr6s0slfpf,889806.0,p2tr,9,1
bc1puucrwjdvsggykh3daflp42ujvnxyryaf9s7ees23lqzh3vhwgktsam0w05,889806.0,p2tr,49,1
bc1puuplke5w6fkhckv6zcu6grx95ymll557srkl5hplyuuzt6warrksaxjxn4,889806.0,p2tr,20,1
bc1puv0lwtmwjz9wvqqs0fe45q47plq67wg5ys5ke635gcqfa7g426ssx9hra2,889806.0,p2tr,20,1
bc1puv2lf0g2sw42txlaqs94hshxgw4au3kvxhyqqluw9f56y82r48xq9r89hq,889806.0,p2tr,9,1
bc1puv3eg0rj5c6ny4q63k6spa0jy2panwt0hul2e94nwhm4nq5m3ktqnnc787,889806.0,p2tr,22,1
bc1puv5p5hc80nplsvn6np6fxnmwqlvjy3nnaw2pyuagjlza2vvaaj9qgfqypl,889806.0,p2tr,21,1
bc1puv6kpz9pc4skw2wzwq663fng58jtyyfj937d8mr7v0gdgapas24s94kmv7,889806.0,p2tr,9,1
bc1puv9yxj33ga98ms7wvpg65w83a6eh7k92kxyv2w2fuhnqswzk50vqrmge0w,889806.0,p2tr,36,1
bc1puvfdxaxj04wus494y8qfnuzsxsv22delejmamyzu53vscjefezwspz6fcu,889806.0,p2tr,18,1
bc1puvkm4wf3v630vwtk2kq28jkuh66huwxm3py3xjxh0pp4nyh40cws5h9kde,889806.0,p2tr,11,1
bc1puw98pt6709uk4qsddk922t04a3nshqq5s4vlpxwncykzz57kq5qqk0ct0y,889806.0,p2tr,12,1
bc1puwkx3m4ax4s0a6n0chv4jmu5my4w9h8q9qhhpjvkkkcuyzp72tvsz32gys,889806.0,p2tr,10,1
bc1puwm7aezrjj9q04e94n64yfw5cc66p04m3xn97304w7vs5wgjkutqkksc9t,889806.0,p2tr,13,1
bc1pux69nuprvvkggmqvq4tp3vtx2rxancmckuwsvy4zm8jkfdhu3qvq9jfnky,889806.0,p2tr,9,1
bc1puxhh46yac3eaj6jyld5fuzeq3tls07jzf04rx967xlc0rwq2d0kqnnxtrk,889806.0,p2tr,17,1
bc1puxjfvpl85nrur7c2l2vmqgyzznkgq2v6vy8uvfpjvzymu8kdzwtq3kdka0,889806.0,p2tr,12,1
bc1puxjmc0ardnxnld6sprc3f7336v7vn09nnsz03f4j8weae5xg2gss2sq8uw,889806.0,p2tr,10,1
bc1puxp056e3k734ecpkke2uv0mcr23cy5gdg6squhmhj3syh38vjf9qkclwj6,889806.0,p2tr,10,1
bc1puxs9n7mr493jy0ppft9p8lyerjqux033anufsasd7a768ndkxylqlwpp62,889806.0,p2tr,14,1
bc1puxskexfu4ryn5v6l6g7z4v9lr8ghl4mlv8wpattmn9amgl60vd0sy3k8x7,889806.0,p2tr,11,1
bc1puy6xkq09udgs0l5t26r8q5q0jmj6ztamc4g95lmvk0zpelajtq8srfu94x,889806.0,p2tr,132,1
bc1puyauunwq8sye8st8wl7n4qn5y8536ealstgh03mnruu4mhwr9vdsz5gx39,889806.0,p2tr,16,1
bc1puyktce42hvp8kfa0n7gujs6y6c8jtjdgzchszheg0eyats565gdsmkz4en,889806.0,p2tr,10,1
bc1puyp9rsc2xjt67efll6vtjsx5pyqe9tfey4ctvh63fwtgcfdfztpslls0lt,889806.0,p2tr,51,1
bc1puyrtvn74whpylqtqppmq49qhpll5v3rn9h4yslejcqmf8we5qqzqw2d8ej,889806.0,p2tr,53,1
bc1puysw44gnun5s6jx9ls33rf03hvjnqz83exym3ee3hcmc984hnhmqfkwrv7,889806.0,p2tr,11,1
bc1puywv9n6lqdtk0c0gxhw2d2fmtfz24fe5hvw7nn4zmpfuj2yn8jwqmgvtu5,889806.0,p2tr,9,1
bc1puz6gnjh62mg29jqrn7whfqq2jh3zzglz08tljx0vsmuavwwcxphqyfw4ed,889806.0,p2tr,11,1
bc1puzahe5tgj96lyy9sr0ewq3m9v2x42njvu6f4gkjujfef4ndw8ltq4pl3ul,889806.0,p2tr,9,1
bc1pv00chwq37vgr88fpe353e25zqc2rknaatu9n93an5gmxydjp5n7q0a97d5,889806.0,p2tr,17,1
bc1pv00cyvkuwz7l4jdk7wnyvtj9szvpkcrgxqn8s65un3zgw64agurqndf3xn,889806.0,p2tr,9,1
bc1pv036rvjaamcyk93fyhzp0rcr9dg9sg9s8uar5np2hkvyujgpa68qpx49ks,889806.0,p2tr,19,1
bc1pv03adhqfjg8x68jqxfj4xwr2m8n8f3pzrdxh6wt7qcuqva86cp4qhzplc3,889806.0,p2tr,55,1
bc1pv0adkkzkpysqn4wurcxuydkp88wp78xuxt7996mnhr39dhfzkdqssawrjc,889806.0,p2tr,26,1
bc1pv0fn5skpsv7pxs2d489up3ncvxjvqyacmvmn8p8hw2hyjkg20vzqdv5rxa,889806.0,p2tr,8,1
bc1pv0gp74pxxggqwgcry2z9gkszl8un0z67cx85fghwn94043wtklssjlk59t,889806.0,p2tr,28,1
bc1pv0n8ngl689tnfykcsmzqjlm905wgqfeyagdvw2g0e8h7fmk33hfsctc5e7,889806.0,p2tr,8,1
bc1pv0p9zzuejg9p7jv2y6nenuu5xwdh3a33nmxhtvu8cy6y58xk9f2qvhqwuj,889806.0,p2tr,22,1
bc1pv0q3w2h9tepp3dgdclk3dyf4899kf4x4mjyx7760j0rulx5hfz6sd7vdhp,889806.0,p2tr,4,1
bc1pv0us6eemxvvsklhmzsjkaaus8wcrexn6vughlt68t8x0px6m3rnq3zst5l,889806.0,p2tr,18,1
bc1pv0yn9u8hl9mkkj7aqknl8anxmuau0690dvay6zg3elsvrrfn3quq4tflu9,889806.0,p2tr,10,1
bc1pv2677qpdpee4fz3zpzfszh6z64m6xcjntddtuqfwze0g84re4w2sjv2npm,889806.0,p2tr,52,1
bc1pv28ramwz6ygfqnjwgsshc3nscyhyqjsg7v9zyhs2qeas59f7uuaq9h24y4,889806.0,p2tr,27,1
bc1pv2ayc7f63x47uynuqnje6kzeduhz6vkcqhdghnjhddgtvg7lk0qqjgj8lv,889806.0,p2tr,54,1
bc1pv2n60hrc7gqpjw48jk2nx4mx37tellv5280ult37pm2mg7fjmmvqldty5h,889806.0,p2tr,11,1
bc1pv2ztpg0cz9nn9shaj6w83yt52wdlh877xhrwcfs5vcy6ahf30qnq0wdzf3,889806.0,p2tr,8,1
bc1pv2zzmj9myeluwmwmtp38c6nmc9t55yv2y6x3nrp5rkt8gxtjvz2qf6emhc,889806.0,p2tr,10,1
bc1pv30r6g909reuasp2lnzdqa7h85nrhjqv92g9cxhuvq3x2luqgu3qs6v0pv,889806.0,p2tr,21,1
bc1pv30sepy3pv7cxlrk57cwv67q3qlrrmxagej004tklypgtzcdkpvq5ycd4t,889806.0,p2tr,36,1
bc1pv37pn08fpaqg7mwxg0njq53xy7qtlnmwr0snzpnqs97rrt7y0jwq8tey8h,889806.0,p2tr,8,1
bc1pv39gz3fhrvrm54mn0q3n4rpmv2jwmrqvmn7fsawyyulyqkwy04eqthqzsv,889806.0,p2tr,17,1
bc1pv39mkz7ge2hgg0xa5u2qf5d8tyhwlfsarnz9e8kktw5ewxtwtrush4sj6e,889806.0,p2tr,10,1
bc1pv3e4h83ma0njmw5njakapa5p73ppfy2mvchvfg2hnjq845ah4gps2zx5m5,889806.0,p2tr,8,1
bc1pv3g4qew39y6ys2lys6498q0ljm2umuc28hltdchredy3tzkg63nsfd7df8,889806.0,p2tr,10,1
bc1pv3q5uzu7q5hsade6fn09fz27ye3j2w4tez80wrrcnvft55ja8udqhh4az9,889806.0,p2tr,118,1
bc1pv3qkgkumf9v5jpfezwwfj2t0azm4ncx6am6m9ptqg7497dt7fq6shysweq,889806.0,p2tr,10,1
bc1pv3wfx8pn5jrlp4efwhz2ealkdgjsf63xc4cn9khf6uaftr5ptkwsrmw5gc,889806.0,p2tr,5,1
bc1pv3wjml0yh67e3lk3msh7f9glddpkkurn84hda8g246nwjpz2fxjq0tq3j5,889806.0,p2tr,14,1
bc1pv3zs4p5vsjdr0wzcmmlx7xr5w0er4e487227sgk2j0hwtymdqncqaa8lks,889806.0,p2tr,21,1
bc1pv43gd4lt9q5du5rjm7cuujwk4wa0n950z6r49cthjy77uw4awcuss78807,889806.0,p2tr,39,1
bc1pv44pe4fhyayzlpsek6x8kd4z90ema947ausp9dgujkut4qau42tsjp2ln6,889806.0,p2tr,32,1
bc1pv462h7m6dvpqn03fcsgxrn2nlfs6wk9x7esvr8pa5vhtvsrgh87stln6s9,889806.0,p2tr,9,1
bc1pv49y9kcyz3apyukcyu22sewh267t90w5el69wz0fphzhh87xrq5smq73m5,889806.0,p2tr,9,1
bc1pv4ap6h0qc63k7pm26h3v2kzxtm9sykpxw8mx76nuaynqna8htpmsr8xapk,889806.0,p2tr,17,1
bc1pv4cl8tva8q4jzr7k0edjj7x7cz58w3dmvw07yxpccqqmnzjpqq3ss5zdrr,889806.0,p2tr,40,1
bc1pv4jvsm2c0dn6g5n65zyw0y0tdkvatk5hefgh9jzwqmqzglpvpc9s4d0fsr,889806.0,p2tr,8,1
bc1pv4wq6twwazjda8re03nh03mvjpt0zewtm2kl2wz5vuwymgp40zjse985tv,889806.0,p2tr,16,1
bc1pv4yse09d9xysqc8hhf9r9ajcdrum8y34t0a8d0hfkz0tcxpdgfzs3qc756,889806.0,p2tr,21,1
bc1pv50d04pkqe0j5vsdamejcpca32sgjf69v9gqtt7v7pslgh32l4ssyjvfxv,889806.0,p2tr,9,1
bc1pv58mp5j2x257m3pelrlehl0d8yejz2ynymwarpn0x0atdkr8ezmsxd262j,889806.0,p2tr,12,1
bc1pv59kmhl95pne28jzre67knfncy4dxyyrj4jzp4dwd8frywqhasjsqgyxkw,889806.0,p2tr,16,1
bc1pv5e6usft6jedd5hvag5hnv4tma2tj92exngg7k3swrgmkwkp3v7spyut8d,889806.0,p2tr,17,1
bc1pv5jga83k34jk4g3ymc0pkntwe8pdmrpqqcuvmd86ng4muf9f04dsglwdpk,889806.0,p2tr,10,1
bc1pv5qhnm2m0835eq0q8edj8cj0xkp0adr0mvc34knmhg7usde5hlmsdwez23,889806.0,p2tr,22,1
bc1pv5wjr6hmakceplqutdsjnq376fstaxl6cxfae2led5amjwlektws0wpm76,889806.0,p2tr,9,1
bc1pv5xs4r3np8y9k5nu6kpc98p3f3faf6lcxqr2jfasdkd8wehkv4zsshqxrh,889806.0,p2tr,22,1
bc1pv67cptcr379s6yfwlu38cj3cm32mk4yevyuf3nqqa8r094kn4awqlcv79c,889806.0,p2tr,22,1
bc1pv6aadx4k9c836k7eckf25fjrjjxplhjd9prak4m77wdget8cjsys7sxvjh,889806.0,p2tr,14,1
bc1pv6hyl8sfll93cjr3dl22rnel38kqtd3mvgjrrnwr9vsaqf76aqkqcc88jw,889806.0,p2tr,31,1
bc1pv6ldjt86kd86edrxtlxtq06paw0wjetq4v6dlex2s28d4zu6qfcs2m3334,889806.0,p2tr,4,1
bc1pv726rqhswkk9wg59mka8x5salu8h5qvczv8wf5d37w4ygcnsjzzqrsa0pu,889806.0,p2tr,33,1
bc1pv75e029tv6fsh737s7fyaxxnewnx74qzg08ks2hfucjz38r0899sx9ch8k,889806.0,p2tr,24,1
bc1pv7fg2c3u75crkm6nutlpjp0e80q6uuprs7k3vf34wy557s96mrmst09waf,889806.0,p2tr,6,1
bc1pv7gevy8fxyfdw5vluru8hksvsufpk6lqg76l9uu7e467a2xaduvsx9pak5,889806.0,p2tr,15,1
bc1pv7kwmt5ptac2fykmdf5rvlszcf95jkvpk9vyfuj9mnw7kukatzvq3w84e3,889806.0,p2tr,9,1
bc1pv7qam4mathuf8tvdka7az6mrtm525rwsesvlz30npymq34sq6upqjvmeaz,889806.0,p2tr,6,1
bc1pv83r73zh46nmg6yym02wjxcddj6w3jm3a257hazh4pxy5aysyu3szq7mxq,889806.0,p2tr,11,1
bc1pv87g0stljd7hx44xgaeu6qf4pw8ut8p0nupvn7a62uj5eaej49jsltrake,889806.0,p2tr,8,1
bc1pv8842mr33t79tpf3mjyv3cv4z4ntj6e3y2h7cj9y7j7vxptvkpcssemfd9,889806.0,p2tr,12,1
bc1pv88jkuhsp6jv85smqjntpq0dpg2thwv5yud7nj73xyjxuakjj73skx89l6,889806.0,p2tr,16,1
bc1pv8c9f22a3x6zg7lndx5j0kwk4lwpgrnjhvzuy29x6mpw6t4ckmzq6lf427,889806.0,p2tr,11,1
bc1pv8n425h4c9k3q4mkhqpyzgh42l5spvtn3p7ec6lmydqsw554plrqhf0c57,889806.0,p2tr,15,1
bc1pv8t7rjjfnzpud46hpp0uv70udese6yd95j9k4q5zaqekchxtvn9qe7g44l,889806.0,p2tr,13,1
bc1pv8w25wd438p088p3lmkqpduvttwcaap9cez0ap22vzllm62p34jswwhtzu,889806.0,p2tr,8,1
bc1pv8ym7k4a348r7lpx0hvf350wwkwfn3eyyps4u8zcd8qwagy00q2q9rnacg,889806.0,p2tr,4,1
bc1pv98k43rmp3kyfgw04gnyanr2njs0uw75vcyn99v6k3vjn0nsmtzs9u3a3m,889806.0,p2tr,9,1
bc1pv99syf0ht2mygzfxw6rcx2q9zjgmxqvrel7s3dw26ykz0auvhn5sqkr6zv,889806.0,p2tr,5,1
bc1pv9dd5tmf99t408h504dnqqpgpksyecsykm0h8hycq8r9wvzw8uzqrsp8wk,889806.0,p2tr,18,1
bc1pv9fv2362h0n94l07a22erneqgdgnjelal4p8rru0fdyflxxh5y2s963cac,889806.0,p2tr,25,1
bc1pv9fyya6jxtrr8rpnnxl5s4kh78vefcke27cpflerwwp3w2ed96yse5lghx,889806.0,p2tr,14,1
bc1pvca9t7g0wz6qm0556pznwwrzr0nj27cr3m5ct6xddskjh7ufrgmqf9ak2l,889806.0,p2tr,12,1
bc1pvcje9xckgu3gw7vg07g7fa06p75jw5l8g0hqwz4u98ltukw8n0ts5wjqh5,889806.0,p2tr,15,1
bc1pvcsjshkpjch6pmpc4wc8wakxxuxc0jmjlk3euqxxdzfr0fstzd3qkvxm2e,889806.0,p2tr,12,1
bc1pvctugjn2t28d99s0fwnmgpvt9yzk2d2m7j4zpy9frprrkum60a0shyn5yz,889806.0,p2tr,8,1
bc1pvcyktltw02vksnz4zgt8ekav0f0f4dyuhxwwdl5n2tele5wgdkqss6j8xw,889806.0,p2tr,16,1
bc1pvd4chd0wx0jlsg6tdlcjenga5x4nfhd3x3xjyqvjrgmyl57d2u6stx3uqd,889806.0,p2tr,13,1
bc1pvd4selnseakwz5eljgj4d99mka25mk8pp3k7v7hc6uxw8txy6lgsf7lmtg,889806.0,p2tr,131,1
bc1pvdz206j5qf59d4ywjxcx74cfspyhtz4ak295jgqcx07hjcrkydwqtfmmst,889806.0,p2tr,25,1
bc1pvdzcdephtp02dgfaaj77nyyqe4ygd9h46p77lg8zfdsyx72amnwsdm3s8s,889806.0,p2tr,14,1
bc1pve7rjdceeqjj8s5p64g0d323nsth6hhgzxqxaer88luc24vxlwpstsnxsh,889806.0,p2tr,8,1
bc1pve8lnyr9l6juv7n7gufxp8yggpw8q40vv86f6vms2u6r6fh9gkpql49yn9,889806.0,p2tr,13,1
bc1pve8qugqps3uw8m4kwlchp6jqj4la5zzk5kdf54znp88kgsaux02sxmjtlt,889806.0,p2tr,53,1
bc1pvea7l7jsa2gtahqq9gke72rc9e2xkgrq2l5y2jpjnmlqjau88l3srkspkf,889806.0,p2tr,29,1
bc1pvej0ht0c499vl9a68wkvqljjxc7dqwag2urq0rr7gn7p2lwxalsqmvshtg,889806.0,p2tr,8,1
bc1pvejhf7sp65kqgf88e2gj2sexznh3slkqmrlp3q4tan4uawr3amzs503vtw,889806.0,p2tr,8,1
bc1pveqj7xq3km3y99t743e3z7vw644cyvaqjuetzzvqvh4rrxw5jtgsjuewl2,889806.0,p2tr,10,1
bc1pveu4jqye603pp7nvg5kdlkc6xpguu0yfa8mwwtzs2yyqkzx59ldq7j3znr,889806.0,p2tr,60,1
bc1pvey4e9uh6k3uk30nt3xx8yp7xy9vez8hn6fkpkznqyhpyrawgpxs0wrvxa,889806.0,p2tr,22,1
bc1pvf52xhksmp5er6gsvafj797kyrk7xdwknf48w0vj7em6k27zrfusm2ewtl,889806.0,p2tr,18,1
bc1pvf6njc63jx3007reqgvrcn3p0hlkcqljs0wnjpfnw2k0xsft0rxsyq9qf4,889806.0,p2tr,11,1
bc1pvf90pu0pwu6r6ncfupx6pypqsv0598s336wdfvjpnm28kdaerfaspwx0e9,889806.0,p2tr,12,1
bc1pvfcl2ds42wa34py5e0u44umlf92hgf4uz8ufnzy3vjxwc6mk6t4q4e2vjx,889806.0,p2tr,12,1
bc1pvfhtekccyl22jsks7cn66kdzjma2x2yn9exe7enwz4ym8m64fxjsm2ltgt,889806.0,p2tr,10,1
bc1pvfrl2jf4fxpztq9rcaw8ndfpdhk9h4wv0glkxzzmgaswuu2ynsksyd8rl3,889806.0,p2tr,9,1
bc1pvfrtc0walx2y6yt2as4jzggj3p0r3x6njfkpeuqst8fv2znchexs0c748q,889806.0,p2tr,9,1
bc1pvfuffr8z6zluphl35khje5fw2pe5vxwkqjujnwmpfuedg22hz4jqgx7ufk,889806.0,p2tr,9,1
bc1pvg50zku6pjh8xrqtcd0am0c8fc4arzs3g8sheu2gp8pdjwefctqqpdtkvw,889806.0,p2tr,15,1
bc1pvgplscv3preflkr07m0chkv4yhcds5mpxu2v49v4zy9qfqs2xg3svk67sg,889806.0,p2tr,6,1
bc1pvgwwkw4nq3mmngrfgrnavsfkxhkw4p3xnayfqm0wxjt2c534lhjszu0aew,889806.0,p2tr,19,1
bc1pvh4ftuw00red42e8ergaz2c6ke7mnynju8yen845w5jluc4x9u0qafpwyn,889806.0,p2tr,10,1
bc1pvh5agfpf76pr7mmr63ya272eg4l8354yj8k09f7gy4w08ftaydvsxvrf0w,889806.0,p2tr,8,1
bc1pvh9ahszuevdx4y5v73cvjsqck55mh69qjwnyzxahzvvqde5klveq4ed40g,889806.0,p2tr,13,1
bc1pvhdmxyyk46gc8w8n2e3xxgcvv7glyhjwwte2kayr4elzjtdpzshsqj9ynq,889806.0,p2tr,6,1
bc1pvhev4zceklwpg5gk6lfrzsmdqd88ls4ag304ggx2pfrwwat8sfpscl35cn,889806.0,p2tr,4,1
bc1pvj0u4tcpuyrfrztv35zur2lgap959nmpzdqjd48ss8srveafhy0sak5p2x,889806.0,p2tr,6,1
bc1pvj3x4xfatx0s7dq6hzjrmn67nlxf2sgenqldjlt4lqth8js77meqkmtnz4,889806.0,p2tr,15,1
bc1pvj4w68q855zv3py95px76sajzwd94e0uk24hzrnn48et6nmatxzq5507g6,889806.0,p2tr,9,1
bc1pvjl8yrx4up9nmx6cfed56ssxull8xr7h9x5uacg0w856yxp7h0xs3g8lqw,889806.0,p2tr,13,1
bc1pvjumswgg92hfu9gxz9xsdua2t9emzn6eca748mky46x4glv2cqrsuape70,889806.0,p2tr,42,1
bc1pvkxe6cxwcypah4tjqx4jm7wtsnga5vtge0r6x4sgteaxt3p4xyys848mwj,889806.0,p2tr,25,1
bc1pvl2v2rmfahwtzjuwrvmk6dm4v3uqdms8qr4d42pl2ucnjfjzmfuslxfy6k,889806.0,p2tr,16,1
bc1pvl3fftx9rlea0xqsp33zfk2fyxxfhhyj5en0uenv0v4uquh3dlksfwjywd,889806.0,p2tr,20,1
bc1pvl4ha08v6k5tsh8gyeq88f29wpug6d7zqvv3kxzfe0475t0zsvqq7nkhhg,889806.0,p2tr,11,1
bc1pvlevev4mq65xnpmqaj0z5pe0qzewsrh9r3l34anqvwnlaglwy7zsfj09em,889806.0,p2tr,43,1
bc1pvlh6ac4yczpk9jk5nefrc0txnnmvyekegzssmj5s994rt3cvnmds2ak4as,889806.0,p2tr,12,1
bc1pvlkhzsz9rux0dw2rertnz55a7v2a3l6uvhclwttug2mkmz2z0f4spvmf5e,889806.0,p2tr,8,1
bc1pa77qzphp05z7jcslxw3dlf055ecrxr3kcnqthttt7k29qj09s9fqrrxu6x,889806.0,p2tr,15,1
bc1pa7c2dd0ma694qvd27duw89lhjvyg6aglenktx7rzkkkuhenfzxcsldnvh8,889806.0,p2tr,129,1
bc1pa7dqyk4ur6z5v6v2kvpe8aghg0vqfjudl9u8guhlr4xtrah35p8qen95ww,889806.0,p2tr,31,1
bc1pa7qhcwj7k84qeq2msv7levs3zpvm8gha9l7c8rz8xj655gnhhkgq8ncsjs,889806.0,p2tr,17,1
bc1pa7t8cc5pztsg9cvrw4g26q6vy94fdeklp7k9jqxgx9xcfsk9j0ss2n23ep,889806.0,p2tr,12,1
bc1pa7zvsz2sas00zlz87esdfh9uwu082rc7ulev364nj9n8marf99kqck75ye,889806.0,p2tr,10,1
bc1pa88sgt6s3tv6t5vkup5z9dp4f4gddjunfe8eenpapawwaqrhtm9s3kgy6g,889806.0,p2tr,22,1
bc1pa8dzp423e3g2fmwllr2d6mwf9xa93rze9ejh307x4ze9g37t56usfv60rg,889806.0,p2tr,25,1
bc1pa8gzu0k5telmj2cj2py38scspjnqwd982znmflwryjw66cg7hv9sf945fx,889806.0,p2tr,12,1
bc1pa8qf9a828gddnmjuut7e44ne3fcd427dfuhy08xjf33fhk5a3h8sxlge82,889806.0,p2tr,8,1
bc1pa8vxvrg2wk2clrda6z4wwulaaa9jsx2m0r35g5287k0ggflxzn5s4eulxz,889806.0,p2tr,1021,1
bc1pa8w79fdf4rl5w574qev7h2vzfc7qxvl9tpj46rrdtufal4cnsszsdgamnk,889806.0,p2tr,8,1
bc1pa96ey5zekppamqvwrnujanvwn4rxty8a430mx8g6csz6kh6wltgqmdqc6u,889806.0,p2tr,4,1
bc1pa9azufmtae425m2med8kd3geuqlxa8qmrs7jspytgz773uwuw5vq04zzzt,889806.0,p2tr,13,1
bc1pa9hustfq8kywa64e73uhwqdp3dkla3guzkrr3uy7pdtrzef4pu4s3egkax,889806.0,p2tr,15,1
bc1pa9m4avmrmz640dpvkc7z86sth5va3u98uv2y4tn52wzz86pz25tqtz4h4s,889806.0,p2tr,20,1
bc1pa9py0xya5xahhtd3xtve3lvajeh2yhg0vtmhj40lvuh4cu8javnq5e06k7,889806.0,p2tr,11,1
bc1pa9rcqd3z5s3gentpzvkwm7knjmjrgr2krttyfx3wx28gxfnefevsxvzl9q,889806.0,p2tr,10,1
bc1pa9vzuur9c6ux27rydc343427gnc2vk048qx5ehwkg9xe5aht4v5sgd9zky,889806.0,p2tr,20,1
bc1pa9zcyjq7wyyr2ye9frll06d05shn4a37805sa5lvl84y9djaukgsyxm679,889806.0,p2tr,22,1
bc1paaat8d53j82ax4wkfdg9zrjxrs8uurt3985sprcmytk90zw2a6csl4qm57,889806.0,p2tr,28,1
bc1paadufvtyy3yrcttdfv8cles293sdzm9pjwfd428jrj7up9r4gadsyc7488,889806.0,p2tr,11,1
bc1paaeakas0n5tdsjfsx68njlvgzmjalfzn6eje0rapgj4r0z2x6kysv3jd30,889806.0,p2tr,9,1
bc1paahj9k7jug0xhluytmr5zvz24jylt3zhvq9jgj9c2m83zvf8kh2qc52njs,889806.0,p2tr,15,1
bc1paaued5g30caymzjhfpxx80tr4dlh2jd4vhldjtgqw2fms03nx5fs2zgeta,889806.0,p2tr,17,1
bc1pac008m9xtz5epa2kqcjdmm5cshzld7n46724jml2q6qcjtj28tzshx9kee,889806.0,p2tr,73,1
bc1pac3hhxs3xphdhwnrd4xtuftjf6lmknktngkfmk8nh3m6spg4twdq9nt32p,889806.0,p2tr,16,1
bc1pac5j6r3a9x9lccsfh9e48aqhdl8wxsm5zawlp85wzl73xrymnp7sjuelgn,889806.0,p2tr,11,1
bc1pad2u79s5gcufjtktqpurg7s8uhs8y7sd98t43u3cqlwnf080a2xq3lxel2,889806.0,p2tr,6,1
bc1padfjxgp77cw3gk5p80fr2jl3cgh0yy6ccqdfzzmswj0w9h8j23lqe2ynnx,889806.0,p2tr,11,1
bc1padwapza9k5kxcxj2ysxxw0wdn3ry9pen0pvshgz07qryqs6jjalqaacsxp,889806.0,p2tr,45,1
bc1paeavrkqatunjyhqmew2cesh5v7ukujdkfxvmvm2czfvjvj2cwx5qcyc0kt,889806.0,p2tr,17,1
bc1paeggh2j5rguc684d4eluqmtp5v7nc23s28gueljhhayackhhg6uqr5mxfw,889806.0,p2tr,20,1
bc1paep7f9j6wx5zecekz5sn3vxlvpxa2md9y8ypvsp7480vgl8cze3se79xf7,889806.0,p2tr,32,1
bc1paerp4gxcnsv5xw3ntnuzduak373wurvdgpg5uv7ztyd0c3gm0edqlejcfh,889806.0,p2tr,11,1
bc1paete99prx9ujlu0e7j7x6wdz25sdks25k87m7lnuq40scy8lwpnqteqxml,889806.0,p2tr,109,1
bc1paettgvrvxkcfx0zvaw5ndq2spqzjc4v7juzqf50yj23v7nsq4usqq4dckl,889806.0,p2tr,22,1
bc1paf5czrdz93e5zpkwtns28yslduvk65s9mguddertw6j6x8snkwesq2qgt9,889806.0,p2tr,14,1
bc1paf82698tkajxvs3juhsvtkwa5an0ryn4ck38hunlkh06a8e2dqhses2yz0,889806.0,p2tr,32,1
bc1pafd4jlhe6mnd9tskpct9lxwfx565w8n7ye986fs74mtllntpk92sk9jfud,889806.0,p2tr,784,1
bc1pafx6twy2ljw6jaux0vqxejmc8v8y3zsjgv55g48f97dt5mlrvnasrrv8p9,889806.0,p2tr,21,1
bc1pafyear6zrjf42k0smlkvwrsutdq8es7he20rzemsrv5p6q7zl8vq8qk3p7,889806.0,p2tr,21,1
bc1pag9zprr0r3ct4y576kc3wgal8u0489tys09qn2pjcqf43t607dcqunr9ku,889806.0,p2tr,4,1
bc1pagfa8jg9av6kpmjk5xgpvj5rdrvrcahgf7jcmjcvpq323plnz6qswktchs,889806.0,p2tr,12,1
bc1paggx88kjrlqnj4ggch8vml8eywpz6v9v72skrsaqqu609fpkjuvsz5hkkf,889806.0,p2tr,10,1
bc1pagm2ez56gl5upc3azdzth8vrhvcys50jwsqalfjzhpkf58x7jyaswl9xuk,889806.0,p2tr,4,1
bc1pagrlwhch63gaqzf84d28rufpwxsv8gd7tkhyhzwtuj6ntma08saqmlgzhs,889806.0,p2tr,4,1
bc1pagxppms6p39s3dvvxqns8g4scukf6ey4fz9qv7duaxgu2ul6cr5qwteh7e,889806.0,p2tr,6,1
bc1pahfdw6789zyk0aruqmm4yshqnm7x4kc42qpxxuk7jx53wptwvars5jatag,889806.0,p2tr,4,1
bc1pahjk57vz0ln0q73w723385fl52hw25vkkr7xg3ctutratzgcfhgq2002ta,889806.0,p2tr,8,1
bc1pahnlzwwrltzeakvvgkzst6kf7rx0veaxxc8x7e8fu6czrqp233wsufwdus,889806.0,p2tr,10,1
bc1pajqepkjtr8wmssvpdcurmp38he7l3e7gy42l222whap65ymxdpts2lwzv3,889806.0,p2tr,4,1
bc1pajqlf3yvp04d2nqk8rfn6q2ldnqvxy7xay40tctfn5300nufu4msy2m680,889806.0,p2tr,9,1
bc1pakee452mj0hqzppyq5ljxnvzsdmcdx2xfuaj6clzm7zkysr50dlqyd40js,889806.0,p2tr,25,1
bc1pakhsd4jxfvfs9udx9jz0thqz8gnzp5nqpvuqpfc9racnuca4y2vq8xv0pg,889806.0,p2tr,7,1
bc1pakvnsrq7n495sc7uu3h827s6jawquf6u8ehf3xzcm0tv6ckrpd0qkx97sp,889806.0,p2tr,8,1
bc1pal4v366hxzue76qmfs44q83gqx5qe6lfzgl0fzdygcnqzqpq65jqv5mu4c,889806.0,p2tr,8,1
bc1pald93fs0tale0nh3agpyys0367tmj4uy5kk2xtj7w0sjqrptmqlqfspas8,889806.0,p2tr,6,1
bc1palhgh006tdtvzvjfcautgxg6when6hwgz4v0me536wnlkqpraxzq2vn3mh,889806.0,p2tr,10,1
bc1palryuhcz0qulpdrr9eaxp0gwf5ptqsserula3895tr83lnt6e7tqe3a3zt,889806.0,p2tr,4,1
bc1palww6f4mr88a27w7grhdfk532v62w6flza9cls224trfa7n0qttqaljwfr,889806.0,p2tr,9,1
bc1palxvql8knmjhxajt8ekscpdl4k9ancqqg7cf377uv25eh4034ussqszh86,889806.0,p2tr,15,1
bc1pama5wdu5ehryjwvuua562f6vjmjgjrs4m29kvzsv7vyx9kghpcaq39h9v0,889806.0,p2tr,10,1
bc1pamelwyppnejp4kqrf4enmp4hjj7e3kupl64wh2zl234tgne7lnsqv46zk9,889806.0,p2tr,8,1
bc1pamlzlgc0vlj7zlz3m9kze0amqg22enldh4alezgs4u9puw3lydvqunrl85,889806.0,p2tr,17,1
bc1pan92w7mq56x0dm0c6jlxsvhmrkqnmd9lx9uk97slnf678wx8c90qykjp6v,889806.0,p2tr,13,1
bc1panfjshdcu6855dluxnyxnutlh758a4yjxqgsq7de2dqh5mdvgydskzjwyu,889806.0,p2tr,19,1
bc1pangq6y0pgf75zfefq3muqumf79xxdv8tr3zzsfsnteed8d0dehcshjpug3,889806.0,p2tr,8,1
bc1panyjv6uw0x76zzcyf6cnzh4849n4g83vy7e2uphku08rzfvhd77qgdt4lj,889806.0,p2tr,21,1
bc1pap3r2mutfffcwaq3xxfvmmr5dk6g6a5aqvs55ed49unygqfgys0qkxjj73,889806.0,p2tr,84,1
bc1pap50vqsmttat3gpggyx679ve5s36carc5rcdxxhdzqtj4zw4araq05742p,889806.0,p2tr,7,1
bc1pap65jews55lxddt36s8ensv7gx5cw6cgnyrqgslly2tth2vhay8qu5u30v,889806.0,p2tr,9,1
bc1pap90rsrw6wz3y7hh5ne59ctq7rvlpfm6gv820z3s829w8mckfa3syqfq0e,889806.0,p2tr,16,1
bc1papctnu8m8s072d82c5gvxdcmfxxnpr224xvjgu2945hqdec0r3dqppw839,889806.0,p2tr,7,1
bc1papee675naxunjnwkmwdhta87qlhdyg3wnnfacujn0ke4n2s6sd3qufxlwa,889806.0,p2tr,19,1
bc1papjg398jg2fk2wumsanek8gdtzpsx2u38nntr24y300lyryq0mjqya3r00,889806.0,p2tr,9,1
bc1papmr34lwpamd2np592329x0yl09w6wtk7p6dnf0vsjxvvhje2mgsqa3efv,889806.0,p2tr,27,1
bc1papqcjzh54w8ha8slcpyj60x9f9jucnd02rfxjpsgc5p6xyntyhes80cchf,889806.0,p2tr,25,1
bc1papqprrjd89ksr9ks7w6gc5gm8z7yr8q209cprckppxw58jaj49jqhs6vxx,889806.0,p2tr,4,1
bc1paptgmjwzlq5uhtyk3s368d9mu4nt0rf9hrsyta9v69ptmzjddp5qzan6kg,889806.0,p2tr,11,1
bc1paq0465tu0g6ww8hkfusdm7trls5wgg64u0l6yhcckaa9k290awcsndt345,889806.0,p2tr,19,1
bc1paq2llcuw4scgjt6qyjkdyzpkn600sevyhqtrw3lsdk234yathh4q2cjl6q,889806.0,p2tr,5,1
bc1paq4dtpkm858whgz7ewwu3wdyq0he2jm6epgmhasmt5xtkfaz4xys3pc53s,889806.0,p2tr,9,1
bc1paqguc2hwy4ar3ygjya4lnrrajhs93nuraau5892v0vutea5rsnwqk90muy,889806.0,p2tr,16,1
bc1paqk6ev0cjgecfh7jp8jzemlzy0vdmu6jzlhrnpa74886wrg48uqs2auftc,889806.0,p2tr,11,1
bc1parc3jwan6l85uf4qcdvqmv344dh9pde3rr0z75jttstqlcpq97xqqmpfeu,889806.0,p2tr,9,1
bc1pardw3lcdcenmq4zny2gr5el5vf8wgwsuj84fgzqgpm7xd28k8y4q05x6pc,889806.0,p2tr,10,1
bc1parfzgkj8k7p8se47p8ycvxvlzflpr9xftq4rz7atpwv7wz6h943sntw96v,889806.0,p2tr,11,1
bc1pas4fp9jy8pr6su9q9gdymndzgduthvtejqgcjkf3p4ex7f4jwlyst6glxc,889806.0,p2tr,77,1
bc1pas62g03z42j9t4zf35dgf8lzmuhny3jg2zh774xdn5gv39fpyels79telx,889806.0,p2tr,4,1
bc1pas648cvatnv3tsw7u45enej04nq6gtlu2gs3sen2ae73rcvpecgsfxyz2c,889806.0,p2tr,8,1
bc1pascuy6dy34pwqv3y4c6jqncwnpg7qjgy6fua8hh7tuv82hf5d03qw54mud,889806.0,p2tr,28,1
bc1pasdjnffv062laawe5y3tc4tjttedsm4wv8vgwr4q9dkdggljhu5qz7m58g,889806.0,p2tr,20,1
bc1paslqz8rg306fl22ep0efur8tllfelyhtjvh9z3qvry5d2je89n9stl58y3,889806.0,p2tr,8,1
bc1pasqwzfraacz49cujtf9ttjtk0np0rj3efzha90wkjvudpya0wq3qrnrusx,889806.0,p2tr,4,1
bc1pasr3ahz8k4ys9n7nmq6sgqdgnpxmp29kfm5udztu9d2t49fzde8q5yr49t,889806.0,p2tr,33,1
bc1pasxxcv7fr8zjr544jy3qnde8uxxx7ljzwuvz5e2jn95acuh2u3qq6uucpp,889806.0,p2tr,4,1
bc1pat4epv69tgamxx22294tpz6h3leqz0qkh9qnn6pxd46p0fcgqecsqjhhje,889806.0,p2tr,24,1
bc1patnaunhpg72ytkqjm9njduv3sxmhrp7y2zcchp94el46emep08vqsj6phv,889806.0,p2tr,53,1
bc1patnladyhgmet84t6np4y280a5evs3xn8nt47a4jmaqj6xn5nsf9qasxyhk,889806.0,p2tr,29,1
bc1patpq36ur77lmqvxjj4tdew8crtkmngvlx24mpx2yylsr5ce0k3as4223hj,889806.0,p2tr,8,1
bc1patqy7mpz3agh3a5ly5zrulnq3jeclprpvpxvjpmut44nr6zehhmqeuwl2t,889806.0,p2tr,9,1
bc1patsxsdrf4rw0yzuhtgwzqsk22j4s3lt4ptlp70flr845umj2u4jsv75csh,889806.0,p2tr,10,1
bc1pattk9tnyl68egnrdudnw7ynfnaagcfa9w885p7hr548z52w4y0js462f7x,889806.0,p2tr,9,1
bc1patuadjw9jpmmagem4yfyr56w9at0793q7ca9w9pktaqk3ltp6gnsl02h4l,889806.0,p2tr,22,1
bc1patzptl56s2gna86f4g8sh6uyu5sx2avvrycr2cqnamejwsgjvymqs4f58j,889806.0,p2tr,19,1
bc1patzxzlps86lvesfucvgl52ta83l30s6r0g8me40pvrak3hvr0c2srnqyn8,889806.0,p2tr,12,1
bc1pau2amvslfsthy3678zxujw8et63tjcxf3srr3e7eqz3ap7js7g4skav8ul,889806.0,p2tr,24,1
bc1pau3xr679sur9dmtr6n8rwzyy6eaupjg0aaq0q8lckfv0rt9j6zeqyqvc9v,889806.0,p2tr,15,1
bc1pau4l9h0k2xqyyeakxnwnnyvnl4q7wwspfzkhxsd6negd950rnf9slwyxlc,889806.0,p2tr,25,1
bc1paugc8r00m3n7dxhn377gqdupa28ru66ce493a3sgpc8zl9yegkjqan6h60,889806.0,p2tr,9,1
bc1paul0xu0erj8fpxd0ph9kdkv7xrv2gm2054vurdg0vd0wa7m5t4wqla22ve,889806.0,p2tr,10,1
bc1pauyjy8r4pw2z0dzc7q8lm5hj3xlsju7jqnu77jek3pczp98e3c5qf2h4e5,889806.0,p2tr,26,1
bc1pauzywajtsgh6sgcy3rmswzc9d0ar53v8yscz7uj9mtuss00yx46sw907zc,889806.0,p2tr,20,1
bc1pav6yyva3tyl3kw3n9yp9ug7hvapcjg9pf7lay7wddmtvh02fekds32dem5,889806.0,p2tr,29,1
bc1pavk0qekpgpkcaesdup8att676ljz8zf23j3c0lqsmlaqndxqwwdq58ac8j,889806.0,p2tr,4,1
bc1pavte0y4c97ty4np55cuxvx4uvdtfgdphwu0x8twzqc5w6hzucg9ssuf7fy,889806.0,p2tr,10,1
bc1pawdpusuper42yye4xenyh3fdqsyy2yypr36tfwwpp43s4zkpsu0qf8p6jg,889806.0,p2tr,14,1
bc1pawkqk2ewn992tt98f8dpv9ks95u0004fc5se5hkevk433z5ll27s0e3rdn,889806.0,p2tr,11,1
bc1pawz8djuhn4azn9wp3v4pvfw5kndj2pq9rp9w5w6kpnnsm85tjhjqsrdyrt,889806.0,p2tr,13,1
bc1pax5s6sy550jujcz25yjm8faaxzewn2z6gcym9qfl5x3vjtpswdzsk0fs4s,889806.0,p2tr,19,1
bc1pax6rq5qyvgdr4dc56tu2axm4c0vjyl20mx96u528gjq8dmlpar5sawm5j3,889806.0,p2tr,37,1
bc1pax8jdynmnlteg6d0p3l3jvvv6eyd0h8m32quvtqqf8xc20yrlpmq3la6lp,889806.0,p2tr,10,1
bc1paxflyt9qh7n6tee0pgxn3hxwwvf09hmaeyu3uueqhvn4f5gpcqgsrwpkfs,889806.0,p2tr,10,1
bc1paxh625z9ly4e8644kpd8fhrur7q7h52ycwzkjkhxlr9klzcak0js5ndl80,889806.0,p2tr,14,1
bc1pay3u4xxvlraeqpmmz8tl0vcf2jalwqkrv06y6snrplf5e0pmnj3q7qpmff,889806.0,p2tr,12,1
bc1pay98v6gd4wm3qgty95pt4497l9hphxuap3qh9wc7vv7ag6hvpk3swdv593,889806.0,p2tr,5,1
bc1payan7nhn65je48c0fr77lkt3wk2atzdq0ky0hjjje0quy94nks4qf5qcap,889806.0,p2tr,11,1
bc1paypymlhwtgh6s82gvr52pak0pjt3x4dsh68gzrdh4vudvyp3pv9q0ss4fr,889806.0,p2tr,18,1
bc1paz2zwq9d8xfl8dfjfrw40e8u8z6e53zt567axt926tchqv7mu0us780jne,889806.0,p2tr,9,1
bc1pazafght7l0w02cewtkp660xe07gl6muw8wpsrqqm8683pcre3svqfqgwjg,889806.0,p2tr,4,1
bc1pazs720j7zxe0ecqtkknq3clezllw6wl86kqflcrurq4zh07glyvs6gwney,889806.0,p2tr,10,1
bc1pazx4kyfas54zv5wjfyy0ettak8ml204hvqzwn5tem9wsuc90g58qh2lguf,889806.0,p2tr,68,1
bc1pc20jda3e5yysxaqt6ljk32qhw49jp0gaupclxy4uvj5ad973vt7qcym97w,889806.0,p2tr,74,1
bc1pc2e92xwzz2vl93h5su60r640zzekgsayyxl3220pmef8nqffayaspcryt3,889806.0,p2tr,8,1
bc1pc2fsz66shypk2fdv4w8y9dkcglzdnz2utcncydhved7zfat0gecq3wnqez,889806.0,p2tr,6,1
bc1pc2p7h88lgjspky6r26x5fs84262adnzjpng6jxkjx6as7suqj58qc89thn,889806.0,p2tr,18,1
bc1pc39lydh98d6jtmyduspunht8f3cvn3xpj0ynvy4fyccgl8pqj46qmr3l76,889806.0,p2tr,16,1
bc1pc3dgkhw2gyd3v6nj43cuhwk6qyjgjwdy8hpv2j5lqn7a3qjn2hmqzxeyz8,889806.0,p2tr,8,1
bc1pc3fy4w69d649umcpt3hf65vsvhaf7f5nnx7sknhs7cl9nshl4r3sprewv7,889806.0,p2tr,24,1
bc1pc3kle26wevwzr2x9p4ytcgtvnedwuc49vp7qdz93lmnlfflu92cs7s3pj9,889806.0,p2tr,4,1
bc1pc3m9mzpuec46ht07vznvdn7w78qs408m35s08y68qdge728yyffsl6hspr,889806.0,p2tr,11,1
bc1pc3s0glquc3q400p4ceqn34zlq94p58798esk50fdvx46kg9qy6mqxzlvpd,889806.0,p2tr,10,1
bc1pc3zkr2jpzc03a0ffxv6gn7tf59r4jkhazghs86df86efqeugnucq2dt5rt,889806.0,p2tr,13,1
bc1pc46hn76eyxt4pswzuxuqcplvu8qj47drsjw6d3732p9wj9dkz36sxzss4k,889806.0,p2tr,217,1
bc1pc4drul54avszzrwe67h8glslxnn84dq5kl6ullzjnk7my5n2n30qmxwahh,889806.0,p2tr,4,1
bc1pc4m34n88zfdrjcuhm3tztr03wmmg6vq37a0zr6ew33efk2npdgas8ts4ut,889806.0,p2tr,6,1
bc1pc4svk46sc32h4cg9szst5rxag9qpn38pr0ts4kxvs49d8cesslkqfgwvl6,889806.0,p2tr,9,1
bc1pc4vft0z0yqlvpvngeszwzhj6p8gvyjy5n6pa6h46yt8akwxcx2fqa0gs35,889806.0,p2tr,6,1
bc1pc58vsm96v9ppzdzng0x226cmlr3rhnrjfs0yu7a5pmdaltvw4veqlry2zg,889806.0,p2tr,9,1
bc1pc5y0j3rxujthxqc4uyn38t0vgtyyppdty88ryz06e8cdrqfwcl6s3vs3a5,889806.0,p2tr,8,1
bc1pc62l6hvkzjwrcgry8nz3f3mj94kmec6qssh74xjaqw5pq7a7wy0s26dajw,889806.0,p2tr,25,1
bc1pc6ha6y66rgjh889mntvket6r7agcl454cdv3hvjm8adfr36853ss60l2uu,889806.0,p2tr,19,1
bc1pc6r00ywpv0xsllh45zp7vxzfy955unqjsdq4e930hkllyy09f42qgw52d9,889806.0,p2tr,32,1
bc1pc6s3psrs3agea0220qhlkpdu2jankq7um9g3qwf295e4hzgl0ays3t45zc,889806.0,p2tr,12,1
bc1pc6x3l6jgncv7nue4hxat6680udsuajgxr4ca42e9qap7jy7sqjsswawwr8,889806.0,p2tr,127,1
bc1pc6ztaa8lykn30fjhngr3k6wvn7x8yvznandjw0hfmjye4lnhyqxqn5uj4a,889806.0,p2tr,8,1
bc1pc73s88vg3nj6gmfmzfxglrx3djuc0v0nmtgn43vmswekkm23h04swquwaw,889806.0,p2tr,9,1
bc1pc754sgps0uk9kqcc3gyyzy8dlh8mhzn305zztqw29mj99pzeahjstuje8a,889806.0,p2tr,9,1
bc1pc79pdu6delq6tr9knm6tm5q2d83zehshej3r5dtvmqnvzjjqgneqcdwjnc,889806.0,p2tr,100,1
bc1pc7xqugz7xw7c5xywxwf7w5reslfgswk2nad8e6taamr36fqdsgnq0tsz5k,889806.0,p2tr,22,1
bc1pc85ucne8clerq6h33hdgr693r23a7wqqyc0vnj4eqtcas9afg9sq77t827,889806.0,p2tr,11,1
bc1pc88qea0lulcn5dcpde9t2dn3a48jxm7vvjgv0lgs2ln3k350kmzqru7wsa,889806.0,p2tr,10,1
bc1pc899vv8zv7e35vepfarf669v0a24nmjgxulfkrfhqmlvgflkpdsq4ef9kr,889806.0,p2tr,5,1
bc1pc8arwel93ktmnpum6rjstcvlf8yp2glwlux9qfsc96j2886gc94qu4c08h,889806.0,p2tr,8,1
bc1pc8n9snmc8g4kdqcragkpr4xs4wccuatvfwsn4yt78jafffm6cnmq8k6a4z,889806.0,p2tr,9,1
bc1pc8p5d2pcqvfv8e7e2yq03tldml2pwat6njf0adtjedg4dth8lsrsmq9nr0,889806.0,p2tr,4,1
bc1pc8tgref5e0x9gufsrn5ltadmph3nw5c4chluecxc2mu28a34vdvqwjnnyx,889806.0,p2tr,4,1
bc1pc8wmq0veezezy3xjxk7k4pd8cdxdfhe0eslq7vjs39jt48ldfvrs6elc8j,889806.0,p2tr,6,1
bc1pc920kez7y9gjd77tl6k4zs7nczwqcjchv8aus3800u3mm9cudrvs2gqfj5,889806.0,p2tr,8,1
bc1pc97agt2gl7ungk4kv983at9gzj3n2y5e09vcge0x8fnfe53yyt4srvr6cq,889806.0,p2tr,4,1
bc1pc9pe5e9r9yn2e0jysu57j67fu0mnd7fs7qavfj3dqf37gdv6mzvquqpg26,889806.0,p2tr,11,1
bc1pc9uxxvc4x6zz02jdxrzp78r94xul6fw2g54gdscsgrlldfv520dqddnh3g,889806.0,p2tr,15,1
bc1pcaqzlgd9zm302qeq8athy8zx0t5xljm7ukqtu3thp88e02ff48qq6q77j8,889806.0,p2tr,9,1
bc1pcc573d55hxre2ktw7h0ul2gge0yjjyeenmel9ucx4dwrsxjrf63qavpaa2,889806.0,p2tr,8,1
bc1pccc362yprvsf5dkth2m4ra9a76ses04fp3rkaedtueagacnweuaqvm65wt,889806.0,p2tr,61,1
bc1pcccc05xuhtpyke93zflexncm0u83ljxzrw23adsnf0jgxjuduc3q9fcdgd,889806.0,p2tr,4,1
bc1pccectqa23qud09d0nlx9scj8tjxr6kxcx6f4yrhqnwszq485qrhszaew7c,889806.0,p2tr,61,1
bc1pccetdl4g3q4zvs9z54huc4d8826qv83fzt8hh94c7tc7mmt0czhsv8qzn3,889806.0,p2tr,12,1
bc1pccv2x4xaruq28vraxazmusr38ejrqfewj8qltk724ealv3evwe2se3ncwe,889806.0,p2tr,6,1
bc1pccx95cvdh789dfszndf8ga3yqwe8m7yhqkr7l3vaamu2jgn6ge5s0wnrht,889806.0,p2tr,6,1
bc1pccytt2fd8a6ztaun8pagv4wm28ydfu5nvsfql4hvtmkzj8454wkqy2wh7n,889806.0,p2tr,26,1
bc1pcdfatenvz4jccydzvdun0t7rj0ytvedrt682qmn8jf4345mg7kcsnjzvju,889806.0,p2tr,16,1
bc1pcdgfhzyhps6sxf5jz2zjtws4ua7lrmnyxc5m5tf0qg2x5tuvw6lqsda8qd,889806.0,p2tr,15,1
bc1pcdmdn0qk4uyhpepwz8v840nt056x45k2eq9ut43uajkzhff9xuvqstxk5j,889806.0,p2tr,45,1
bc1pcdr3w3ws69yte64mvullsn4lczzampse5ruyrpaprsk2y6rmq46qd489ht,889806.0,p2tr,24,1
bc1pcdsustwymg5wy7ze4zjletk02dmn8rc58nayxfw4e07dnlg8ujzq3zd0uh,889806.0,p2tr,8,1
bc1pcdzq48tsg5gykk6mgjqr3mcmdhu72xqxh3ulvm6ljj46yk6e5klqujqc0a,889806.0,p2tr,15,1
bc1pce4ajtr653pwhqzf9h4fptq37uxhf3n62xfkptcmpvgrd3zzeugshsalz9,889806.0,p2tr,22,1
bc1pcekhvmfxvwrrrh7gduwj6tvek72g3c2rw7yqllga5vfgxcnzjuvsdny9w2,889806.0,p2tr,22,1
bc1pcekq488dvfa2f70t397nhwlr55grafl5cz2dcrn5z4h9hnl8hh2qtx4dkw,889806.0,p2tr,11,1
bc1pcerju8d37ute56xu2ka2v7nudr64zjwzca46tjlq3kynfr0w2ssqmu0m5e,889806.0,p2tr,9,1
bc1pcff6czuxq2xyqkzxxhzxjcga0jztx4xtl53aksjlmdgahkyf93lq3wfm7a,889806.0,p2tr,4,1
bc1pcffygrdjx8qeckf0tz36ky55uu2zd8jy2s63zs7jrxqhh4m2xtcqz2aw4k,889806.0,p2tr,12,1
bc1pcfm34qh8urssw3n93seg3h22q2ymwzgd32gq65chpyrdght40x2stztyj0,889806.0,p2tr,21,1
bc1pcfrytpnmg4gmc03dhe93m0qn3pgnwnyjm6maqhja9jk0jyekcmas4az6hu,889806.0,p2tr,11,1
bc1pdrfkftjd79thz60wshmmndhcj9fzzk8uzptjrt5xx8yp7cyljm5sgpczag,889806.0,p2tr,18,1
bc1pdrj05rwpc95ltylltn4q3c2p3j0xqcn5amqhe6ugp0hc4f8j3lyswrfmem,889806.0,p2tr,5,1
bc1pdrlwvq38264g55p9mpxasxec4etwer7dvpfddcklfc4q2rrnd7sse7q6ak,889806.0,p2tr,25,1
bc1pdrpk7hdm6jfjr06kyrdluw4w5njc97gntks3j5lepr7cr6hr0caqe6k84r,889806.0,p2tr,5,1
bc1pdruaj3cur0skk0kmg7tp7e8e5p7zpp269d0u43xfyvw76a8zpapq4emvh7,889806.0,p2tr,36,1
bc1pdrujdxngfn5xw8vaucvfesn4lze38z2ry4w88whg0r34s86g0x5s807cpp,889806.0,p2tr,46,1
bc1pdruxhkpq8ldycfuwpt9d7m8jdtryzf4mx46r96r707v0fk2n568sh5s3qz,889806.0,p2tr,15,1
bc1pds7c3mc5x07r77he0p0pv04qadn30twu043jzgjjvdhanhx0hk6qr8jvx9,889806.0,p2tr,9,1
bc1pdsl5rddq023n04m53egqk6fchswrxd4tnwy7npvrm46pmv2fdcgs8hcxjh,889806.0,p2tr,8,1
bc1pdssuqn4haxqpdjk4jh84x3ymds6m50fljcl3h082tktrx0v7yprq0ga86f,889806.0,p2tr,11,1
bc1pdst3vzpu8xzxruj8kqj8dul03e9lnrkwnk6puhhjk23wqpw6fafqrjwsyg,889806.0,p2tr,13,1
bc1pdszm6ecnlrgzc263p5d39fz3scqm3v7333nlede8rlwjnfsxe5fq72q8w0,889806.0,p2tr,8,1
bc1pdt6cum36gg4rj5mkzv4g53rnwqlckcztu9f7aha7k2u4064tfjqsgfgs22,889806.0,p2tr,18,1
bc1pdt7hc87ktd62u9xaefdwyaj7pfxq7vcs3c3r7kmk9n0z8yvyzvestshjwe,889806.0,p2tr,34,1
bc1pdt7uxch46u85vkd58377ult63k20qnaxel6f76xppd06pwd6quusemxjh0,889806.0,p2tr,10,1
bc1pdtf346wgyse6csjdqqq46xvc7euyr0shqeken2chw698mz54qfuqlw92e4,889806.0,p2tr,12,1
bc1pdtface2dsyur4nvejg0rq9742s3wvpu9w4vqyesv8fw7q907k99q80wam2,889806.0,p2tr,22,1
bc1pdtqrzh795eukl8v40wu3sg70rjq4xnmx27g9n4384l7kf8prrfdq0qfhu7,889806.0,p2tr,14,1
bc1pdtwnng40q0w4zl36756utkqgdgfxtznan06cl0ext5nup4wgsnssrwfc52,889806.0,p2tr,14,1
bc1pdu3s2qs5cz792t3rtwtphkc9aya60ameygu6d655a426xvqgwxyqf5vjda,889806.0,p2tr,12,1
bc1pdu5lr4nn0g28w9mjfq9qj95maz8vnp0fnw066kr4h6sjxgeh9maqkcuyym,889806.0,p2tr,13,1
bc1pdufcn2pt4vved4xjg2l3hu5jr64990t7gyqkfrshaxzcltr4rk5s83v796,889806.0,p2tr,22,1
bc1pdugjvszzt8psr3qlwl95y7f65758mal23naaj08akyfswx8p5eyqjgv6hg,889806.0,p2tr,4,1
bc1pdukt2lkz3pl5pnhwaec8sc0nyz3744ez06gwemjmkdn0nd2wgjcqu7drfx,889806.0,p2tr,10,1
bc1pduncw76c5vvh7q454t5p064dxxwjhy9z3y3syvt9hr4epq8vr7zqu972aw,889806.0,p2tr,15,1
bc1pduwv6yz6ctrkncpw4rvtk2dqt3z7qd8n7tkyvcujmnn9cnz30geqgpawxx,889806.0,p2tr,11,1
bc1pdvgdexr26amyr0nw3zxcg659du7m83hax083uv2n5dm6nrffcvxs3jzehy,889806.0,p2tr,20,1
bc1pdvghxt3j40vrdnkhrhv28mnf7gnh6xsq6rmsr5ahewunfjex5zcqf309jk,889806.0,p2tr,25,1
bc1pdvkgpgh4h8g8r0hv2ewj9pqxwxdgh05aj5mh2fd3neeufw4dea0qs5gxqx,889806.0,p2tr,8,1
bc1pdw69hk62snh8839hqlfkm4p23fvnrnwzt9e2wfqepyncm3k4svcs83a0u4,889806.0,p2tr,4,1
bc1pdwfaegmed3rlv4dafud5n3x7d4ju3t6gnyzyndr7x3jfdyvfarus4rruul,889806.0,p2tr,12,1
bc1pdwjyx4624huljvh9n579eamdhkdmrrslvspzvwt62uj7qparvwws5wl5s7,889806.0,p2tr,47,1
bc1pdwlxccynhx6au209p37q4j6tju87y7nnjvjnymw5hsx8aejsqusq4nfcc6,889806.0,p2tr,6,1
bc1pdy0qa2036xkf5w425lhh2spah62clsv8xhu0a73uldha2sec8ags4v7shv,889806.0,p2tr,8,1
bc1pdy2j6lyw67qscacv0n3szms8uq37rmdamz73jrazlnvjezrzarzsfkqhtc,889806.0,p2tr,6,1
bc1pdy3zapwzq6xqeyl8vmq3q5j8u7f2zwsxvurc397r4wny6l96psgqstg80q,889806.0,p2tr,11,1
bc1pdy6vcc035ykwqrzl0xywynytlnlex0d6uwt7g5v43cd82cnxtk4sk5wpjm,889806.0,p2tr,16,1
bc1pdy80wnvhvy3s8yzuxp9hyg8qmhfg0qmmsh0t0g82v5a5x4c9deusyukfvr,889806.0,p2tr,13,1
bc1pdycj429jyfz2400vl2zrlh4mwgz0el6yhlkr99ne5a94ynnq39hssrjwsq,889806.0,p2tr,22,1
bc1pdydz4r0c2y8ds2fpczpvf6jxeazwuqgm9rxnjeafnp454n4w000su7m8lc,889806.0,p2tr,9,1
bc1pdyf3qmhdf6j50a306szzq3prcwd9rkjys70v58uk2w8jxwwlff0sfpznxa,889806.0,p2tr,8,1
bc1pdyfdztsvg0knupeqfrl4kfyhtvh35jmzuf5guaggf6qjxhe2n30q9d0caw,889806.0,p2tr,8,1
bc1pdyl44ds5slh829a8ecylrrt74d2k26sctm6c2e3mvww7mhmx3l2quu6mwk,889806.0,p2tr,4,1
bc1pdyu59ykpa8s7064xsxgzxmv5sw0k0sx8mf70spyxumkjxakjkjpskhv6vz,889806.0,p2tr,4,1
bc1pdzct055fsu3qjvy067fqlvfjtncktxywqlkhme75w4e0jh8cnvqqc5ga33,889806.0,p2tr,12,1
bc1pdzj5gk9pvlmgx2n4urnxyx9unmhmw3su6aeuectf2805m60znymqyj48cw,889806.0,p2tr,21,1
bc1pdzr4apdwuk4v0xujwrhns6xhew3p3e5hwsntvpfmqs2kteuws7kqpy74we,889806.0,p2tr,8,1
bc1pe04dp63078kkgtvgmax74jnp96unvfgs47kn9a6jst7fzmwudxss55yegd,889806.0,p2tr,10,1
bc1pe07mlnpq6r837ng3yxxtf8pp08zxknnd3t2m3phxtqqg6sujjaaqr8ffww,889806.0,p2tr,8,1
bc1pe09k8e78x735gaj2crajz7dzmpdhhqf2h0lzl2quesj0hwf4km7qryfc8n,889806.0,p2tr,6,1
bc1pe0l0mq8uggqvftstfcn54gs3jpkfhmytpe6a8q64azupjhwazdqs9dlw58,889806.0,p2tr,18,1
bc1pe0px44acn6ytgf5at44en7sykgmvrdmynwceyy5jukdrsyq5cdzq4un4ch,889806.0,p2tr,12,1
bc1pe260gff4uyt9whgzrp0dkxsvkjqcms3nzsru2chd5tyvultyjh3smhwva0,889806.0,p2tr,21,1
bc1pe2g073mcagre9u3ds2l832jpttwywm303xv0x7gvn4detdj86m8safcn38,889806.0,p2tr,13,1
bc1pe2xnhvwrpjdx9lfgx94fkssq5x8rj94ddgz5g06n7dhukvvpuf9s89tzzv,889806.0,p2tr,24,1
bc1pe38kgvvtqxz6q8ke33d4xue8dmazx3ms83jupy62jh4c9r8r8c3qpe7tw7,889806.0,p2tr,9,1
bc1pe3a0c0jyul35h857qygdh94uszu9mehkjvnd3kqts2rnuupwsdhq6puapw,889806.0,p2tr,4,1
bc1pe3nk37yde7geha6pcd3rme6833hen7r9xj45k4pmetcqfjf9mr3qcz9k5a,889806.0,p2tr,8,1
bc1pe3qrtwz7fq7nunktxgggyghrsxxp7s2d2qv8hrqq0gstg5gge0ms3lqhzl,889806.0,p2tr,8,1
bc1pe3rp8wypferhcw0u7q8tk8ynlwc4veqpd8d9u43d43l4u40ldwjqlndkct,889806.0,p2tr,5,1
bc1pe3ww6pgx6cax9vu8dwe2qkjtp3ydpa8ps50ph9hu935jud3wpd9ssy7jjl,889806.0,p2tr,34,1
bc1pe47s38l5uuxwj5hn6z478jyg68sv7mrvxege4vdeagtfu8p29ykq6rw5h0,889806.0,p2tr,8,1
bc1pe4pwvdumra8qnmkksjzspsp5vvvh5p75yv3ztdsgg94g9xsv887s4fep0h,889806.0,p2tr,15,1
bc1pe4xzh60xrw5scp7w8h4ygll6yjcgy60ve43hpuvsngwlpq80559syuevdh,889806.0,p2tr,26,1
bc1pe576r7yv36uw34hhmxs0287taypah4cqqyky2hyhx2lapcx9vh5suv9fzq,889806.0,p2tr,8,1
bc1pe5a2vq8ldsdgsdx6cxq8gv29j6plsa0l76a4p03thl9s4yzcczxsmmwszy,889806.0,p2tr,10,1
bc1pe5lrm39suu6uy8d3yklyt4mwge85clem640gen8jpe4ctspz5pdq6er3gm,889806.0,p2tr,14,1
bc1pe5mpj6sgdagrjkkdl6dmv3x7a0zuuudwasf7y8wfunqjmfz0z6rq6g6xan,889806.0,p2tr,4,1
bc1pe5n2k0znu4k8y9g8frd66dg98rrr46kddktfr3uu77yzhgc3rkps8fqprs,889806.0,p2tr,12,1
bc1pe69j0d9r7adq7shefuehrn2keymut92w9w3ke4u8vqltejsps3vsqflw03,889806.0,p2tr,14,1
bc1pe6enj6df6s8y2c8m8cxykvn87xvw4uv4geamw726rasernqe9wsq3jfepc,889806.0,p2tr,17,1
bc1pe6qewy22zzv3f9uq3y5lfpwrrkp9jvcvmhkacqg5qdwdy7nzy94spav4ak,889806.0,p2tr,22,1
bc1pe7l7rcnxlkz056zwsp0geq3y4t9p7pun90u3tmmd0dlnreanxvmsr4hf05,889806.0,p2tr,13,1
bc1pe7ptckwc8vacyy9cx68n03zyr3mye4625ymhqtnj2nuptkqavnasum0yv7,889806.0,p2tr,19,1
bc1pe7uasmr5pycxh9thcp4whc8pdhej8luwf6ylzj6ewp26rwyqvezqke5meg,889806.0,p2tr,9,1
bc1pe8mvqlhjzfngm7v9dsdxynnt9mlac8mxc89velzshxdyv8ylj0nscacfnl,889806.0,p2tr,5,1
bc1pe8pwr9ypu07slqxc52mnhqle9xgkq7xlhgljls9etynm250mltwscuy7ct,889806.0,p2tr,16,1
bc1pe8r2e37v8fgzadufvuszr2ty4al0h5qz2vntxgh58m5aea42n9ksn7nuk8,889806.0,p2tr,8,1
bc1pe8uev2vtqap62kndtumgflsdzruqp54wlhs9wwryrxtaypp9lehq2hfqqn,889806.0,p2tr,8,1
bc1pe8va3nam9qtk232r6827ypdk8y8f34ma5t50cpz3ezj55nwwdy7q8an8tr,889806.0,p2tr,10,1
bc1pe8xcymttyyerkv25s22ffycl3v3py5cxc56qw8sg5jfn2838uufsyjsg4p,889806.0,p2tr,8,1
bc1pe98u3mk3cy7tayf2jfrdx309zyacklqnschx07fcqt3t2rp252psha7nuc,889806.0,p2tr,8,1
bc1pe9tv3awsjmq9l8rhp48fk96957rtxkknf2wr0lrg7xp5np5v3ezqwch2gq,889806.0,p2tr,9,1
bc1pe9yrzuax6ghcg870jqetm02kcxyw26km8rvdkmsyn8r2hk3pw88sqznv8y,889806.0,p2tr,6,1
bc1pea2r9k0hdjxuf60r2jz3p656h3p7fnkw667vqch5t7kpd3lnd7xs46n7ef,889806.0,p2tr,11,1
bc1pea9ky2vzpwvg20dv7yqgw53htn37tvrcphg3tpusde3syt086yvqjls8wc,889806.0,p2tr,12,1
bc1peaexga277lu5rfkjj7g0e5xrd6g3gpvw2p6xamhe7j8d28wleyzq8jv5at,889806.0,p2tr,9,1
bc1peaflaumymc5ml3m75j2vxg5whtaezn36qa3u3nh6q09x5hfz0j8qq9y5zd,889806.0,p2tr,9,1
bc1peapwqyzqn8x8ws5tjley3ct6lj3c0u4md3rm7r5s9yal0m34vxfqh2z3s5,889806.0,p2tr,12,1
bc1pearmqd8twkqy502d90ndgwda4k5f6a4c85l8kr0crxdzcrxh5gts75culf,889806.0,p2tr,6,1
bc1peatede98z2luvq7a0lvdw2ju89k7lp5xy4rc30ka8xlk5akzk0sqkghuqv,889806.0,p2tr,12,1
bc1pec0h5zwkj87lhhzhy37vtyjv20kvp8l8vjd095nwj5v8g0zn09tshd9egd,889806.0,p2tr,6,1
bc1pec4um2uzzre9mq9y6hmdnkyv8gsqagrgycum25a3gwmvc54fmj9q8yxe74,889806.0,p2tr,6,1
bc1pec9agqcw7yryq6td6yarwvwz3fr86ehlswns7lmadeklgth26x8s9h4sp4,889806.0,p2tr,14,1
bc1pecag4chdgnjsqyeys4xfp79t9gr7zkzledh6kyjeh0lx24xucjksg8kzet,889806.0,p2tr,15,1
bc1ped0e6xcggzfjau9ynjjpklcuaulckvkjkx6zsr25vxxt9d38qzys2hl242,889806.0,p2tr,13,1
bc1ped2vtc3cjxhzwv7zp4sfh8pepatkfm3ayyjk2qlv6ncnq20sm0hqcktute,889806.0,p2tr,11,1
bc1ped2zlhjmg57far5v0xdpss0wppd7ftxjg7j8xttwgmjxkptwrresvxm74n,889806.0,p2tr,5,1
bc1ped6plcyx6w66y8y4p48xsahjqjklphwhxdn8wct5w7xjg8nvz8psa7kvwp,889806.0,p2tr,15,1
bc1pedh35vzs4s6u99guk8z320jgunwjkadc9u6n2qxaaarucumkudzs6w0uhw,889806.0,p2tr,9,1
bc1pedj0uhdkvcgd4h97zjyx4hx7ec4tfr444w2fn484jz5cclqrm8esds2wg7,889806.0,p2tr,20,1
bc1pedk00uzf0ntxqmfylrqdc6czdqvvfnkcqlcg6y956zgdcs60vx4qjcqhr6,889806.0,p2tr,10,1
bc1pedtxw2w0xttt8dy60ax9zw5ppx87z35890vxvpr57vp74lmgjs0sqpa78s,889806.0,p2tr,9,1
bc1pedw7wg6pkumd0wzyqawdl5hvpg48fufu93hu49hds4jkx8mscgwqfu9qyu,889806.0,p2tr,9,1
bc1pedxzdzljjex08zk0ky70hza97fyq423rjlttyh2vt3gdk43ty92ss6kutk,889806.0,p2tr,22,1
bc1pee592yrfwnum4jcrh44zd9j6jue055kugpt0uhf9fjnnapvluwjsj0xv9v,889806.0,p2tr,10,1
bc1pee5vzlkc9fnf9jyrxecjvsx30jx94sfuscqu9zjk6s4f88zcjpns2w34gs,889806.0,p2tr,13,1
bc1pee96gtpxn20su4fcahjyvnaehjajxu93e05ujvlydysdwezp45hq6h50s2,889806.0,p2tr,11,1
bc1peeg28jpv9wj52086k0efhu6qwjnj4adklcn09numwuvcg0efxkdqqqvggr,889806.0,p2tr,47,1
bc1peejau73qzs9zva4xtj8ce4xp7h8jpgk5l2crfu502xs8umpmctes9wursy,889806.0,p2tr,9,1
bc1peet9n00avld54dda7s8dtpxejrn9yfdadfhzqayhuevnvkf56u6sttwgku,889806.0,p2tr,25,1
bc1peez8kqzplw4j4fqgjeh4pemfevawf5zcsjnlp06ggxe02gh4w9dsuh029j,889806.0,p2tr,12,1
bc1pef6exd4r4hk43w7x2sjm2ny3ul96s8k70sfcwct9lwce3g3h03ksqxdrce,889806.0,p2tr,9,1
bc1pefmku82r3z0223w2scqnkp8ljsk4ml3y9xlztp08hvcxrmqyrl2qynk30a,889806.0,p2tr,24,1
bc1pefuau75w89nttddq72ssxa4jry84vm5ty524u4cethmac3uxcdvs3vc6mp,889806.0,p2tr,9,1
bc1pefw8ztqrw2ljsp4d93ekqh53kjj3yf4sqsw7d38cf3rlw5evfnfst2wv5x,889806.0,p2tr,12,1
bc1pefzw99qzx8clku8fmf0mn756gt2kp50pccrfy5a66haj4xup4zhqu0x0z4,889806.0,p2tr,11,1
bc1peg2vf983kgrmrg9zve90mamygj42pmmk0wt7n3t6dwt20h9ffzjsk6kkcm,889806.0,p2tr,20,1
bc1peg59ytkjeydjcyjp77rcr3xzjqfxwpu3qas6ru0eqfy4kzgvhw0s5zf0m0,889806.0,p2tr,67,1
bc1pegd307nm4rgnf7ju5tkx75vz6v5nunmrfucy5667stkfmym308js6sp5x4,889806.0,p2tr,6,1
bc1pegfculz4nvv22ugpp5d0dgvpwdwhlz5yj74se79shap86lvvjsks6kgxde,889806.0,p2tr,76,1
bc1pegwjgtjcx92qdm4s4qnxwdphn0chqfvcw6akzen7fskzwfy4gzcq80fyq6,889806.0,p2tr,14,1
bc1peh253q7ntpnycwj2452gz0m0tqh2zs4medj6ep3eq2nan3a2l5msgunty6,889806.0,p2tr,9,1
bc1pehjvgnlajhlm9w7lhlce4a9e7kxzsn6n9qc5ec7gxglg2futaxeqhyfdta,889806.0,p2tr,178,1
bc1pehtx7wpqpr9wtzf3c6mvxj2tzy3he4w6gerr5dsvdyd5kjpmmznsk40uef,889806.0,p2tr,18,1
bc1pehtymdsguhvt8zrqv3a6lv5zzra36t0shatamh77g6qrl86k8acs59nknl,889806.0,p2tr,23,1
bc1pehzg833k3ej5f4c3yjvc29m7kped9u2x3kqeh65ja7cf3zsm7z0qrmrkak,889806.0,p2tr,4,1
bc1pehznh55zymkyh8da0p9rk8j78hma35fven5yvjdv6jrdfeyu47xqjssgll,889806.0,p2tr,15,1
bc1pejnekc8dc3c7yrhl2uagpzfpr56r57l4kcevquk5atd9rt09yjfqchexrj,889806.0,p2tr,12,1
bc1pejs47fls8xv6pjr7ltpkamwnn8cyr3ktnwdtkgp09ke2z9djew4sjy6yfd,889806.0,p2tr,8,1
bc1pejsr6h4lp6k3gu22j4k4872tj82fznpxamac3uw0lm2u4zjk2j2sjw770m,889806.0,p2tr,9,1
bc1pejzu8923jayzh26xqm702xevg6t7n9l2e6kt8fx04dzel57064zqgu57aj,889806.0,p2tr,13,1
bc1pek0gsxw6dw6sn4km879yfe8lpmtl4pkn27lt0akexp9esc6203ssn3th9d,889806.0,p2tr,8,1
bc1pekcmjwnrp6r3zmrfur4msew75faftq3wgwkw7ys6kzscavakpuyqvs0ywk,889806.0,p2tr,4,1
bc1pekcpkxp9xrx4ahaw30qkalzle4lprv570yax27rl6ldegxpz7ldqa46vlj,889806.0,p2tr,13,1
bc1pekjqxnvccnw47qggjuu0kwgxychvhkymxpuzlapk6ed4prs5ygjsh9kmq6,889806.0,p2tr,9,1
bc1pekkxtx9rgm28usnkdat28xhx92ufj8jqkj7akn9k563yvwa5lt4qwz8uj0,889806.0,p2tr,8,1
bc1pekqxqe60v2taac8cchd6zd4g9a3jgefvcq55frgey4rn6lkakgvqhmn4du,889806.0,p2tr,17,1
bc1pelakqmlvyzt4zvawrkruypp20x6d99q9c045ffjj2l5sdr6haf6sl8mx2m,889806.0,p2tr,14,1
bc1peljnw7stq7whtqjcqh73xmpllx7ddq4ny07hx4gyvajtsrrenqasuv00rk,889806.0,p2tr,26,1
bc1pelqjcyf82na0tnkh0ljp4svpu2anzzzgrwga4j5rh284qrzykx3s9zjxng,889806.0,p2tr,10,1
bc1pelzuwtjx7erfh4rz8y6wku4guw76vnn6l3styfehc8tk97kdjjvsuzqdnt,889806.0,p2tr,10,1
bc1pem8h8z9v2lzg7gnultglt292glpz0ulzqtm3c36dvfuwzt8thlwq08ehzn,889806.0,p2tr,12,1
bc1pemaq87x9xlgwes7mvp0tdaqghu68ljsm7249rqeernjkrx5qfs9q2646sk,889806.0,p2tr,5,1
bc1pemtz4awjxgefy228vvjhzldrfydglp9fm9kuy3caqrmcmmct5c0sugalxc,889806.0,p2tr,10,1
bc1pen536j4u0n2le628ycfuzt9jrt5cvqjuqvsnxgd7898e5j5u2tesxy8gja,889806.0,p2tr,8,1
bc1pen8vkwkgjpgwt87y7k45y5aft9kshmrqymcwc3hf55ptt8tqe0ysc5s5jk,889806.0,p2tr,27,1
bc1pendxaawakdfj3use52dhj7j6pm0v0jwgwf2xazs8m63ax5gc3lhqf2wtc2,889806.0,p2tr,15,1
bc1penj6rmnz443e23wehje45nqefefe9cy2mgf4wskl85e4sd0sweus79nkmy,889806.0,p2tr,12,1
bc1pens84qcvvxyel2uz34d8a7pcstuml0hd7def079t2pg5j57rsfysta4jre,889806.0,p2tr,6,1
bc1pentdnyl8kl5lez6yzfngdvg770r8qh0u6we7x0ec0lqk5s04hv3q0exk2y,889806.0,p2tr,15,1
bc1penuvemvrlsxwl8rwcql5x65fwgt56kjtgu520w86e7zpckxnr8qqklr78m,889806.0,p2tr,19,1
bc1penxn5kj8jujstxmpunveqe8gxa9x3k68d6qrpuur0pwdvd85etvq3csl2x,889806.0,p2tr,10,1
bc1pep2au984xt76rrrl6fpkqw8t8jszpsfq77wh52jddg0sxepn3kysdhzt48,889806.0,p2tr,5,1
bc1pep4wvpkmgs4wwcq4a8n55ce8qjs9lg6j7ndq9t7yvucrn9yac2dqzytmlw,889806.0,p2tr,22,1
bc1pep9rrcrzk5exnw32f7j9mq3e5dmah825u3l02g00s2j9mwm6yvhqpfcpd4,889806.0,p2tr,22,1
bc1pepcj9eymwrn757ulrluswg5alfd0de0xpe3n02emekxkxefy204q7js67y,889806.0,p2tr,17,1
bc1pepdaw5eyr886p4lz6whhv3q6e5hud2rs5rl9wlzrgg749m7kvptqw7h3cp,889806.0,p2tr,23,1
bc1pephm85qxel6vp90q9z25lgedlcdmksdmatrqq3le6cvy52xcrx3qrrgd5g,889806.0,p2tr,18,1
bc1pepsr5u2nwn6k7tdluctvp95e7y9rjsec0q5rafl8vxug2a338nlsnukh44,889806.0,p2tr,33,1
bc1pepzt4pwx35w93snlal7ahkkluyjrph0wrjt4d5t8ampmgc8wactsap2kpv,889806.0,p2tr,11,1
bc1peq2n8vj25pyvww0m9qgg8wkg64xdupwperd5y3j05wtsmrgzj95sm5r6lx,889806.0,p2tr,32,1
bc1peqepahtmqxkjcllctkn0gaykfwjkjm2xq0fkacm0947k5fu3xmkswn4e7k,889806.0,p2tr,17,1
bc1peqqcj882lkrezrcwsg3ywfl2qsap4fjtm4s3ymkskfxf4s7hz4vq988u60,889806.0,p2tr,12,1
bc1peqv52hwjs2gvln2j3ajghg68vr4ywxnzyn3n4ulwdmg5x2n9g8ssue067r,889806.0,p2tr,9,1
bc1perh9a6v7g3ug32fuclf9vp70nylzzxeqlyx4nqc2m0ya88hmmvwsukkduw,889806.0,p2tr,10,1
bc1perj8cfvjamx3kqfsv7wlzzt6du40lxgl3dgvwjg4kawwwzp85w8q0lu5cp,889806.0,p2tr,26,1
bc1perjx6mmvrlwsaxy5yuhrtqeqjhnexcmdmu79epmvem7yry0u6xus9htj5m,889806.0,p2tr,12,1
bc1perqpenm0y48665ksgsrnzx09py6sq7qg3upelt7prxw0mxrzg0kqttl26z,889806.0,p2tr,9,1
bc1pes2r6gwhns4ker2ndg8dwk4a2szec54dnqdxjctqtsenhyn9lmfqxa9380,889806.0,p2tr,16,1
bc1pes6pu3eem5tshhy908v7jeqckure68aqqcaw802ca5mn3ra5ec2snhlcmp,889806.0,p2tr,9,1
bc1pesgg67fjrxvpmly2q5rxxj8l33pu8dh5gn50n3dcq0dppnv4kz0sf8c080,889806.0,p2tr,8,1
bc1pesk7v6ugk0s605df4q367fgga069r6v9v4dkkj8vajlyp6n70jeqjzuduw,889806.0,p2tr,12,1
bc1pet8zvjnajy0zuntuevtarrtkk2jja68tctd03rz7pmgw3kx6a9zqs3sdx7,889806.0,p2tr,15,1
bc1petyddx4lxg5n64ymqy0ptap9vacynqss7d3nkxnu9z7th5g4r2kq202ahm,889806.0,p2tr,23,1
bc1peu9ygx9md302dmfszlfy5dr7g0pd5v0p66va5a840sdgaetuc5jq54fa9p,889806.0,p2tr,8,1
bc1peuhetj3uefjmr2zdqryy2tj5pxualud6qyj4w4hc2usr7xpsw95qwggvkf,889806.0,p2tr,4,1
bc1peuj6f8wmsmygwq40m2upm747dfgexx79m5zvtprpss4ju0ewh2zqkh8m9a,889806.0,p2tr,9,1
bc1peundglhxk58z07g3lrjyr8qekcn2fwkxzl30ssj2wq3rhlef2ycqwamraq,889806.0,p2tr,11,1
bc1peunht4lu39ygkx58py9ywvwjdxczt76wty5g3skywj2jxe4uuhwq7ah0k4,889806.0,p2tr,11,1
bc1peuqqd009atl8msv7xprdrulhw3k7dh4r8q24mv4kcrklvenrfu3s7le46k,889806.0,p2tr,16,1
bc1peuz2y0mtjh95zwwjcwsazrq7qy5vhzmdnqyju3nx2jn7nkq6nqxq6ng0m0,889806.0,p2tr,7,1
bc1pev0ukp4789hgkrmy7tmflsdh2md4s9ru2l0htqwh83jlsa5j8g2scayspp,889806.0,p2tr,30,1
bc1pev58gu7nkqc3rw6ug3nnk7kvvsxmut52m602l83s7tccwlysmfus54vr4q,889806.0,p2tr,14,1
bc1pev9n8rm5cu5kw0azdjc2e7uupfxc6aqyygxkm028e007mn79j9mqmcaltr,889806.0,p2tr,11,1
bc1pevg9zxmrwe33hvytv2t2zq47c9c63j5mmlfkhkxck4h93rt8d2qq90raz4,889806.0,p2tr,10,1
bc1pevqc5lq8gscvepnrd7ym76q9tsyhq5f8zvh4ngmx9vs5jym5t26qcsuzwa,889806.0,p2tr,10,1
bc1pevvn8sfrtkqksh8w8qdfl3jzuj8u2lmkmm9wwstc00jflzuas83sly7h00,889806.0,p2tr,15,1
bc1pevyqqle376w9jhpydxae3c97g9ddn9mksrft8sadauawtjd93h9q8ht6j9,889806.0,p2tr,7,1
bc1pewdpply3ch45has8eawdc9022evrhw3jahw2kgmrzhn6ghqhdjhsldqucr,889806.0,p2tr,14,1
bc1pewezp773c7tx7xsmuezyqej9zlhjeec8hz9j06p4j6vk6d0mrqdqg0t27r,889806.0,p2tr,18,1
bc1pewqzanqp2rmalkl7sasf6j4kvty9cn2ywp5jrwjxwszf38a2yzusc8sct6,889806.0,p2tr,33,1
bc1pex3vpeelzqny42zx6q2g9sfvg4xc0meaz6rt86u06pzea7dxwmkq9xvjct,889806.0,p2tr,11,1
bc1pexcdxg74w2dv8mdrfzj67x3cc2n53dlvv436uqf62qjx4fke3vxqlg7zmq,889806.0,p2tr,22,1
bc1pexs8f0qxcq6en27ynyvd3f2tjgqs2raaacem3pgdx5ncuetkvtjq66vczw,889806.0,p2tr,17,1
bc1pey0rafum7jcr7pnjmyvz6a6a78wg5vrrhm84fsngpxpzzrrvf8mqug46zm,889806.0,p2tr,8,1
bc1pey54qewh2g5mqs8kuzvqw950qc45k85chdzm54mrdwpyu2lw4r9qwz8nw3,889806.0,p2tr,9,1
bc1pey5j8az3srf6yqg2gchxguafjwr5wcvfnklhu04pes924v7pnllsqpx73x,889806.0,p2tr,16,1
bc1pey7uwn4drz359d56rtnugx04fgsvfz6krme4tf7ly580eqmmgz2qeevxgg,889806.0,p2tr,12,1
bc1pey9svmavq5mzqncdghyzv2mhjejsck5c58u57fvq86r0agtv0xfq3v328a,889806.0,p2tr,9,1
bc1peyt72rhywpedq47y43rtmyfrl2je2dnq7epgzfx3e9nxd7jass2s0vnk2n,889806.0,p2tr,17,1
bc1p4270t5lw2ha4gs87mrnzkgpxtewxs8w3h07t4unkcz6hwhasy39sm947l3,889806.0,p2tr,46,1
bc1p42ks5tne8d32dwl67n8cakehsttm7hegywugdysrtlfq96dfcx4ql5dppc,889806.0,p2tr,22,1
bc1p42yf56vnnwpvcyrxdkjsq847lwrt30u6m0uyhevvml850jm85rrslknua2,889806.0,p2tr,7,1
bc1p42yu2gg63p8hlpehve4ctawx58r3dey54frafrp5wn9vk5ndnw6qdnnrcj,889806.0,p2tr,6,1
bc1p438xlcf89rukjrmmemcl73favuyqx7a633pnn6d0nslrvad6kuvqfg4yzd,889806.0,p2tr,10,1
bc1p43mddv8wr82r6vfs834lpx3dxeadltpk9m8skcufq9lq4z6z5gxqsdp0j5,889806.0,p2tr,9,1
bc1p43pf2kavhq6tnyrdkjd3h9fpyxtdxx882sdtn43n29gmkt36xdese4205m,889806.0,p2tr,19,1
bc1p43sp9wklqtg8hjm62wcdlrlwgjuu6ljpnvzfp3jg4lqc4ay5c3wqsscn2y,889806.0,p2tr,13,1
bc1p43t5rmd6clmeqf23epqwfa6lhfwyquve5cz9rlpj5cqzgmuqh7vqm6n2zh,889806.0,p2tr,5,1
bc1p43v56n9y6dgzyskvtchvhkudt6rkvw08sa5shvnj94xenytvya6s5005tn,889806.0,p2tr,10,1
bc1p43w9728typmwmhuw7pgk5tltvpls8mnp44p7nfmkqhgzdppzrp3sh8cfct,889806.0,p2tr,8,1
bc1p43wd063evr9g0y65rnr05gtf2u5pcypdgjgqk8qjyfpk0s7gtpcqaxcrwf,889806.0,p2tr,14,1
bc1p43wpqzchvk3grr7jun6m6dzhfv3rf04z942fl20mf8lzlvmt87fspttu4m,889806.0,p2tr,15,1
bc1p446wz2ky7xkp58tug2pmywwv23qqxyvtvr5aqsj85ty8m5v7nhks0axkmz,889806.0,p2tr,17,1
bc1p44pmu8l7j3nvgwja2epzqn5me8zvzp7m0hlpgahsd57j0rg55hyspt37wn,889806.0,p2tr,31,1
bc1p44w938rayztjdns0p6wffscv4nm6x0krzntwgaqqcz4t8thg3eus7shmvs,889806.0,p2tr,8,1
bc1p44xrkeyslmn84k3n3tja4wue4fkv8tak3qxyn24h9lmspy9nh2yssm3v63,889806.0,p2tr,22,1
bc1p453gedy8sjw2lte2lksz4vlat3qsjzcadq72yn6cl503mcsz07lqjnqslt,889806.0,p2tr,19,1
bc1p45ctu83zksrfkdl4zdqpdrm68fp09dessmt87guv58de0x9t7aps8mpfcm,889806.0,p2tr,19,1
bc1p45mzxguu35y2x724qhgrh7gljay8dlpzzvtwuja60ja0fdy0h6tsg04jzg,889806.0,p2tr,21,1
bc1p45zje7cullq2g0skj7899j42277y6c9hz4rrpmlfcwyq6yn00nrqfpzv24,889806.0,p2tr,9,1
bc1p460ga6a5myfh5l4xjm96pqlus0eqpacmxr3t55t95wh99358scqqzrmrt0,889806.0,p2tr,23,1
bc1p468v4wqf0uzhhsktwysqqc6gv2fg8w3qwjr77kwy8zfaa24ehc9q2n8kvq,889806.0,p2tr,129,1
bc1p46kq9cgclgayw5nred0sm686usrd2jggg9msv26vzc6fedhgxrqqv534e9,889806.0,p2tr,14,1
bc1p46lhn9yrqzvlwetvf6gr2xus7tdv6uvnl2y975q3rpzq4dddrdfst37rc3,889806.0,p2tr,15,1
bc1p46llcu9zgywgdx9mwgra4jlresh7trpwntt4506yfzwsfcfjy7tqzm4aaq,889806.0,p2tr,10,1
bc1p46mk8pgyqcds9w6u4fvdugzzeeu2qw68adf4dvmpurre68d5a09s7yhk82,889806.0,p2tr,35,1
bc1p46q2s53597kxwk023cxlzzf2krl6jktvwpucg78kxcg73nmlt08sn20hlr,889806.0,p2tr,4,1
bc1p46qccdmpy0f0dh22p44gcts20s23dcnzjxq5ydwatyt8dxfjcstqkvtm9e,889806.0,p2tr,9,1
bc1p472radv087cp676grgrk90ss7x8qfxxfh8h0gf6dnwr7uwaf7jfqznvtru,889806.0,p2tr,26,1
bc1p474zjfsefdf4v82jvu7p4tjlyueetuqgslzpcevkr0q5g3uk50lsls9q4a,889806.0,p2tr,12,1
bc1p479rkh6gtt77jt6w272cns9jp7508zu8pv8dhpexux6g7u3jrrnsmy3x6r,889806.0,p2tr,10,1
bc1p479y3e70r9syv993aqudw7pjkphpg284kamph939p2zr38v9mwzqdj9w4s,889806.0,p2tr,8,1
bc1p47nm0wn04np7sqcefep5rfnl40r4lyugy8u9he5m8ctdqtqf77pqcemuv0,889806.0,p2tr,6,1
bc1p47nyvg7tgd28g7ax9lcpw2u5p76794xtugtm477f2zg6lndnsazspntt92,889806.0,p2tr,38,1
bc1p487c2l6u5dyr2ede5maednzqkgc4vzaqu4vgc0lp58mf58jjzp3sa7ke8t,889806.0,p2tr,8,1
bc1p48806x2h45p863s4khhcrrfj6ecjs552tk5mknp4d2y4apex5dmq6ns5ct,889806.0,p2tr,15,1
bc1p48axg4e048587ydf26hgwd7v4nuyu4sy0ag08x665z6m9jv45jjsa4nks2,889806.0,p2tr,26,1
bc1p48dc0zkw6sklxwukkkj8eg66kgz6agsmzhdxaf94v0aemjs7weqsjdsjl4,889806.0,p2tr,10,1
bc1p48l7z23ny5tywkdvavntu24djndlcekljps2zwfkgt9t7x4nfelsdcdpv8,889806.0,p2tr,30,1
bc1p48lhp39psxykq7g7pc4l0jfyetvj9nhmhazvm6aejsl4ngqz54tqdpmeh3,889806.0,p2tr,19,1
bc1p49c37jjv5gf4gkd9lp7esmyc84a9sggmwcvhxqcgwxz4g5mlv0ss6av0x8,889806.0,p2tr,15,1
bc1p49elngr6y7nqzmp76sa0xx0z7pque8pn4ysjgjj026u5sr40st6sy48f67,889806.0,p2tr,11,1
bc1p49t565whvvz97wrv3ettpvdanugmxnkw4jd8wwrn6auchlj7thvsjwnrjh,889806.0,p2tr,23,1
bc1p49u46lers4vwmnpss7xq0sw996we2sd3wqeuf4gew89v6x0eeg6qeneafx,889806.0,p2tr,25,1
bc1p4afrn3qaj26zasqyg6mkwut7hnzujm6ty3ualwxhpfc6k605kaesqwaaa8,889806.0,p2tr,19,1
bc1p4ahpkedv2lnhscevwru98lj9z6kemk7mvv6zvf6g50q6lwwvq2cqxs8l96,889806.0,p2tr,12,1
bc1p4cdnj77pu6hqw95kdfu92zmedxud3zecjxhrqt7lfdlgh9x0dzfswqad9c,889806.0,p2tr,7,1
bc1p4cduckdzhfkrxe3y33xd3me98pjsl8apscyumgm2r2ydg8w0wyjq0lg2ct,889806.0,p2tr,5,1
bc1p4cgy44mxpujwt4t0rw7lrz69aczdeurq2gmjl8unjxruw4rgw67qssdq9w,889806.0,p2tr,24,1
bc1p4clxd3p920zu0vvk9yylfynn9w6mjg97kw3e3n9wvkjyq89sqp7s5k0p79,889806.0,p2tr,29,1
bc1p4d76u9vjw9v4vmklu6kqjs4jn5tmu4fmfgwu9wyy4quq4f7ysjnskv6gu6,889806.0,p2tr,9,1
bc1p4dcdwfxehkavj46mxwgwjwl55mzy3sqf8k8p8pglnejjpmcmw36qajvz9x,889806.0,p2tr,10,1
bc1p4dcx0n28xyz5tqmuudhj3p0l3pfdflkzm07ntrhenedturylps4qzkl8wf,889806.0,p2tr,8,1
bc1p4dhsfs7zwyeem4nees884q5vxrav8fsjq5xu3duywu78xvaw7kgqyeszuf,889806.0,p2tr,22,1
bc1p4dphesmhq95qu8xkf77585vwdzsuw56du6erq68ftltl4e93wzrqzc657j,889806.0,p2tr,10,1
bc1p4dsfg5e6ce46vcdcrhlpy5z9p5afeeq7v5ewyjzm6f343lz0hd5s2g2g3h,889806.0,p2tr,11,1
bc1p4e0h65w80txf0eceg7e3902m3rnelj65fpjxpqc07etxranyl77spd7hqm,889806.0,p2tr,4,1
bc1p4e5vxh5q3snv7vvzs2p6r7f67v9hkks6j9srk4gzuqysnk28nhjs7hqgcm,889806.0,p2tr,9,1
bc1p4e9r8kc3sdrsq5wxc4q8zs86u24p3l9ylkr7x69l93ahdnky0j9suq39wn,889806.0,p2tr,7,1
bc1p4ecjqzk3hf2vl8rknhfqknsdkzk9vwhupzcg7xhyrw5y79u2wy6qtwnskk,889806.0,p2tr,12,1
bc1p4fc3rvzr4keukhqe8xcza229kt6lry80aze7wfz7swuu0djrqxjq6lft37,889806.0,p2tr,12,1
bc1p4fnc34ded879vusm0y3jq2ufegz6edhusysurev7vwqqz8ees7zqjwa0yg,889806.0,p2tr,12,1
bc1p4fwvwpptqmf9yhsgtd2vmn3mhcarq982d2vaj8k6ewl2g82y5wms882j9a,889806.0,p2tr,10,1
bc1p4gh2y06chentwrq835lq3nn7ljxkqsy2mfk0zruyw79phsm7kzzqk0fuw3,889806.0,p2tr,9,1
bc1p4gq0v77jq94anevw0lapm9m3xphhqfkd2cycv3qrdj7qadj70l6qpr7g39,889806.0,p2tr,12,1
bc1p4guxl7t7e7adn96kctpp6rxnvnchjk3f3er33ms7k3wpp57jyzgqmtkcph,889806.0,p2tr,11,1
bc1p4h26ypzztlyakhq8s0me8ldst67guedzmsw274jmlyz0gafdmu6s4u0azt,889806.0,p2tr,8,1
bc1p4h7dlhw5xzx9t094uf3rct8y6sgxwtxezd5et0dlk0t4zd2fe57sy768vh,889806.0,p2tr,8,1
bc1p4h98ztyadr0qrvqmy0mkl992htvke2m55vral2rgdqg80c2y3kgs9lv90e,889806.0,p2tr,46,1
bc1p4h9n78c4pf3ktsgkfkyv2v2e26pr5g7dtt04x9tuua2df63tkp2qlw70g4,889806.0,p2tr,6,1
bc1p4hpxwlkt47px35t0txj3yhrssuupnrn5cvujghrhkkn3c294murql6ry6r,889806.0,p2tr,10,1
bc1p4hqkwdrhjze6yld026myd9c29ayd7kcv94xx3faa7kal32n2vmps4jggvq,889806.0,p2tr,4,1
bc1p4hqvzuerv04003ejazn79p2tpmcw6ewm2a5z5v00a3vxq5yz20lshyz88m,889806.0,p2tr,21,1
bc1p4hz84sq3szlw9zvjfdz0dmhr0dfhwau8hlr8dx8xnsg8enlxwvtqkvffgm,889806.0,p2tr,16,1
bc1p4jeqrehfz9jnd0nd3v4800l7n0587tjkmgd024yqyzhdxldeyh8s03f8nz,889806.0,p2tr,9,1
bc1p4jg0fp5ylf773yxeat78q4kmggsnr0mmrdw5fm2emlasvptw35fsjdsjss,889806.0,p2tr,10,1
bc1p4jhazgnjrndmz0yt5m2t6pwse57un9c536jmp8uuyplrzmql33dst3up8f,889806.0,p2tr,13,1
bc1p4jpatep8yw2xjstg7mt499ecja9km4x4s6qqygs7s4f2xn8h0jwqy3masj,889806.0,p2tr,25,1
bc1p4k7v3usaz49ky7phhf4pn8648q7w46mla0tvjtz0uqxkhs7uhyvspad0d5,889806.0,p2tr,15,1
bc1p4k9v0g62hpjarzuz8wevsr9karytxwlv0unrwyc4nyuk27jmu0rqj5r0lf,889806.0,p2tr,8,1
bc1p4kan7ha5q2psdgv5rxd864pe57lqvyg53rvt77mlv50h2l7pe2pq9c08zn,889806.0,p2tr,15,1
bc1p4kc0uk2axyh6phemhw0cxfsgy7mmuwkvkdw4pcdx53fkxc2ewkaqvde2s4,889806.0,p2tr,28,1
bc1p4kkcwvawwav7w9v4pr2lr9cm5u8qjhtzpl3ujkghftnfsj44lzxsekvm37,889806.0,p2tr,6,1
bc1p4kpaz986a7pcej7cqjydkhzd3eeq83xnlr6s0vxt58s2tzxq4feq6t8shz,889806.0,p2tr,9,1
bc1p4ku04wrq7yfjkrr0lz9ak5h69v0vem4yrvelqutlv4vte0f79ucs9x2pna,889806.0,p2tr,33,1
bc1p4kx92g9lk9rqaen35fle4vl72n7lrxrqhkrq9xq6h6cdxgmnn6tq7gd77x,889806.0,p2tr,15,1
bc1p4l6f0mc3f2l6flwznvn5vrs5c0wwg8jyt88sd0gw80rnzuekflwq8spjlk,889806.0,p2tr,11,1
bc1p4lsz8huew9glf8qq6er9cvqesxlr6d03whrrrx0wsq0grk0mkcds99gzpm,889806.0,p2tr,16,1
bc1p4lvrcpx3mvwdn03m83n7rcuax4aesykhdj93dkk3cel52lclktas0u7saf,889806.0,p2tr,14,1
bc1p4lxhdnazlxtjyv3zefzmy3ff40xdvg728fmx58292q8tu82a3ptqpn46lp,889806.0,p2tr,28,1
bc1p4m07sh494t5r36yjrs8ttjvw5qdfyxg2xj5wlafhm8j6luzc9vlsqctak8,889806.0,p2tr,8,1
bc1p4mpanhd63q3aev340ug7t6z8l3gmzuss2kp6z0f25tlhqchec3gsmw55zj,889806.0,p2tr,8,1
bc1p4mrq0cnv7eep8476dgxj2edx4zkys70d3hyxch78zeydqhs38x8skfyug2,889806.0,p2tr,11,1
bc1p4mzguehl5ywsqqgqdwaxywmnenp5t599vlk0kq4z7rxf2srx374q4jmycn,889806.0,p2tr,7,1
bc1p4n47eluw9kdg4aqp7hv35l29ljwg5e2sp4fmg7zjnaws0n9rghesj4crw5,889806.0,p2tr,5,1
bc1p4n4k20206p5caqkwm726pqzy4vmsggc4ymwm89ftc3vtzd4v8qxs6j528q,889806.0,p2tr,26,1
bc1p4n4r4y5sm8wph0ns888ralfytqu7h0qnfehg2pgnqrc8jukdxerqz3l6cy,889806.0,p2tr,4,1
bc1p4ncnm4nap8xvlmdf2guuafkheuhvmvuzntwvds264wytvtm8cjpqgeh9gn,889806.0,p2tr,25,1
bc1p4nj5v9pn3lkx2ncuf0vy0qkdtfhzml60lud3me6jgdwpattfx4fst687a2,889806.0,p2tr,12,1
bc1p4nk8dt55w8grkq4x6d860wn27sgz77t37a3gnx7hrzhxf5tgh2rq2z3wqe,889806.0,p2tr,23,1
bc1p4ntdq2e95ghc4ltvtfeaqr7yu83zj4yu4kawxxkc2ry2zypy7xtqwm2mz8,889806.0,p2tr,10,1
bc1p4nxyya3a50lcd0q88vem496mcrv3cl3544p4wtfgzgwcyxse9hsq8p7nqv,889806.0,p2tr,58,1
bc1p4nyyq7ja9z26p2kuduvj3apqw57dyaazer6e8m9tc3dzrfp3efxqe6xwvl,889806.0,p2tr,13,1
bc1p4p9d7deafh5x3l6w4w4yw7ptlwxd5060k7fnjf3kpcjluevm383qd3v4m7,889806.0,p2tr,10,1
bc1p4pergm0yagn0a83upv0lm084ergchj43l76e9yae6s8s65nzdcessk2v0d,889806.0,p2tr,25,1
bc1p4pfy77xpra7a9dx233gtvl93nanexx860h3pymh08cztvsxhjxmshwttmv,889806.0,p2tr,767,1
bc1p4pfyzp6tdkhmhwapw3ghq773qy8fs4htlf99mg3swctejffdcr6sdjzz49,889806.0,p2tr,13,1
bc1p4pt2d2443e99n2959aql3e6grrfms6mmvg4s57zcl5ugff95xe7s3v3ukl,889806.0,p2tr,730,1
bc1p4ptdljlr0659yrx25e29mr9r4ukv9rnw35sscdnp3qze3487ys5s5nmgj8,889806.0,p2tr,3,1
bc1p4ptpfxkdu67xuj5dfjthyfljlul9ymp028dang9grljfx2sx5p8sn5umvk,889806.0,p2tr,24,1
bc1p4pz540vyxdnqsmdghn7jug88umz6dhc384zq0lvk5tnnewp9vt6s75uq5u,889806.0,p2tr,19,1
bc1p4qg3ws8gvrryclr0y3k897us2efgf82p6tmnafw0gmf5jhecg0usnhg074,889806.0,p2tr,13,1
bc1p4qjtpy2ryfm658xha044960hsfjr9l7x9fjch5xtm4q32grwvhjqg4yzr0,889806.0,p2tr,4,1
bc1p4qkx6nlwyla3ewq2t6tkp2gedyq00k9dvq6uf2kh4jlww85wrmnsamp887,889806.0,p2tr,8,1
bc1p4r6g7nv8j8q6ce9qjr3ul06xp2dqu5q7qa2jfwyyp93a0yfcvhsqk8vxa3,889806.0,p2tr,10,1
bc1p4r6jr00d96ge3ka6e646v3k3j8tfxhcesp836pcdau5hgu5cmlssmwagu7,889806.0,p2tr,12,1
bc1p4rgkzs670z4s82pluc6sn6dd2v3lkfck8q5s52ykgsja4zhfztxq0t9hyr,889806.0,p2tr,8,1
bc1p4rjc6zhcfsmxqygr9jn8thvjxx0md8nlscfpw3kw2z7xwsh4pxns0pf8vq,889806.0,p2tr,6,1
bc1p4rkj8vt9sarl7cszy8hsdkx6zduzegdxg7m9zrdqlleprxkdv6js5jdg58,889806.0,p2tr,10,1
bc1p4rlgsawx4myd077sdgj4rs83ekqd0petxekvsg40zm8rtu8dmfcqav027f,889806.0,p2tr,28,1
bc1p4rtspvn7l899zv2hzm6lsfx5jxm3ctxvzyrfekz3r589yuyu2etqcfjp0m,889806.0,p2tr,23,1
bc1p4sfj23h7lpgpmpqng4h2qv29tj9463qzdx273ak0txfk5gjjr5rs3kgdq6,889806.0,p2tr,9,1
bc1p4sg5em47pmg3xhcf85rj7ykgd6zk7f9snp83tveshqms9e6cu6hq0kngjp,889806.0,p2tr,12,1
bc1p4sj268848nup39p2lkysmk9jyg6p5efawsz7vhacqt0c3mfn2z9skzsn2y,889806.0,p2tr,260,1
bc1p4skwqvq7jw46zqcrl60jt24rq8my6j72yvjzdjy6v9q3gp9hm6zszuxvel,889806.0,p2tr,10,1
bc1p4slnnv0nzg97ndlur54z7gggnna3vvhj6300s4qj7akk5pnnh0wqfdgy2h,889806.0,p2tr,11,1
bc1p4t290ln9v26mvykqd4a3le3cxel9uzvr9k5lzmlc4hv56gqxv3yqgmr5qn,889806.0,p2tr,16,1
bc1p4tkuns59ksgtde4hyyklf0699rapka3uhypnu3wd0gz5y4lzn04q6rmkad,889806.0,p2tr,35,1
bc1p4tmknwpas3fu0xeucfvw60whr7csqzxpsqjkkmvvt5q5n9sxuwqqvhgxsz,889806.0,p2tr,4,1
bc1p4tp7pnzcdzme0apa978r87a2fkxa99wca7vasnwfu8pem2lr30lqcxwfk5,889806.0,p2tr,37,1
bc1p4ty4lp7cmm6sr6w7lhzdxpdhhfwphqgsveaxq3t047g38yhs8zlq0vrzjt,889806.0,p2tr,8,1
bc1p4u4k508lu4nyurffmvqtemvvw4slke8v586253kj6d25majgpx8qg3sjy3,889806.0,p2tr,14,1
bc1p4u7c9n4pcav2djsewaw59weuqy6tfsx8j2uarwmn7cccfr835u2sqkj082,889806.0,p2tr,14,1
bc1p4uftwag9ygndlhpd0ydtcq7vxp0x4ypj35nsapxv7s0htkfhhldsf2hap3,889806.0,p2tr,24,1
bc1p4un5dh5v5k20k056ggdt5zvrhgn8ratmdpdjr2a0q9thmce88j4qes828r,889806.0,p2tr,11,1
bc1p4up9luf53zxneygx6kwde38cqpmz7eq22yta58xulgspraa2p4ys82drdq,889806.0,p2tr,14,1
bc1p4uscylmrhxxrs2e24vvfenp47z202hv48jcr4vrx2ln34qu5yf8qm3ny7r,889806.0,p2tr,10,1
bc1p4uuldw3ht9cku0lyh6w0m28tedmr6zmgt748lkv3ra9rl2r8nhjqs9u8u7,889806.0,p2tr,8,1
bc1p4uxmgghhzflmv52zepaun3pmtcrax72e95muf8fwmqrc8n2sxz7se93v58,889806.0,p2tr,27,1
bc1p4v6hlag40dg48y9uj2s6znzh7dtyegr2e7hs5csky8wmdm9e4h8s4gzmpq,889806.0,p2tr,8,1
bc1p4vgyycxtl6v57r4ar7zaf0ax2p3w0h5jt3ue9qryr70nrf4e8cpsea744w,889806.0,p2tr,8,1
bc1p4vj93h4ssjauy73ctdkgf69wey7ypjzxwgqzsktdr3h7f8mtzfsssapr2w,889806.0,p2tr,27,1
bc1p4vjx3kl7jxv8ffsd3jevggheupcqnmt3hjcndpufmgpd2wm3seaqt3e0yc,889806.0,p2tr,8,1
bc1p4vteygxvpylxtnwpjmgraup24f875cxcdu92rrwghhwrx88v2ysqkwjt75,889806.0,p2tr,14,1
bc1p4w888hpymzftpt2h3vf4c5x2e8fcqxpd53my2pafhsrd87jw59ss7r2n2u,889806.0,p2tr,16,1
bc1p4wed5pkgtg84vqmsx6r7k42nrfqwc6yqdq57grycnulvjjvjj7ysdp6jxu,889806.0,p2tr,12,1
bc1p4wklk6qepzqz4tfzsl9208f7w59u2g50h7qwkuxkw462chcwqshqgupe8h,889806.0,p2tr,26,1
bc1p4wtgf9jft8gykk2k5p09ccadd3dqk62p6xq5zgq555en2uy4xr6q6lsd5h,889806.0,p2tr,15,1
bc1p4wv8egzc0tnekkz53p2y5ykukalj7ge2pvus5h9wh3unkp9kgk2qkp5w6v,889806.0,p2tr,18,1
bc1p4x6uzs7kutp7y70tsee6kewd37z2a0fmpr549wcczcg60ft6tgrqdmnnhq,889806.0,p2tr,4,1
bc1p4x8f52uu565dkcdpugedu3mnz3m0rrjlf6rpg4z8f4s9t5nym35sr7wn27,889806.0,p2tr,17,1
bc1p4xa6j9dhhdknlr0dr09ls27ec0k3uf2jqqjuqm834hejnrhn9y9szwsu0q,889806.0,p2tr,17,1
bc1p4xctmrar5w9eewen2tfu4sd0qycl3ad6aq0uln7m50cxg048qe8s9eqn88,889806.0,p2tr,28,1
bc1p4xp2caynyy3ued3k99a74dfhwtyv4pwuz6y57zazly6yqsfusevsf6cwr6,889806.0,p2tr,12,1
bc1p4y3f0k45qnw8l6lm59pld2q3em35983sxqckakvth9k53f9aruksvzupct,889806.0,p2tr,13,1
bc1p4y4cqgmuftmdedf345vx2antcdfycnrq8xllm65q84v4c95atm3saeux0x,889806.0,p2tr,9,1
bc1p4yyqhl99m640a7x66sgs087e22xmqjzrkdwzwca5rpkq6lhnzvzs9mgh5g,889806.0,p2tr,10,1
bc1p4za8humkehgyp0e0dujckv9m9mpmyh0xmfpzcxs9cw5n4pamd5hsyqw94m,889806.0,p2tr,16,1
bc1p4zczsh4e3uhstqmxn7u79yvqqp437aekcj72mfszrqt4d73vwsssahasj5,889806.0,p2tr,9,1
bc1p4zn6c9ulg59cq6tse5vz8j2g3njmuyeyez76r9d84s58qqzfxrls5nwf8k,889806.0,p2tr,8,1
bc1p4znh0pqyj34pln4a23lxheqkz0wps34hss58acyrp8wvn77hq4fsls83ys,889806.0,p2tr,20,1
bc1p4zzp4a99kszecluusnnxdqycy7gad584pl5hzsm7qa2eh0kjaesq0fxjef,889806.0,p2tr,4,1
bc1p508uvqzsaefrscrt4w938jkeg7x6mx0r9zsy4saa9weltrz4g79sevz447,889806.0,p2tr,24,1
bc1p50hvrw8m0gm28eh64l6rw27htzxtae9cnzmnm0ecwpqf3uz47dkq6lgjjd,889806.0,p2tr,14,1
bc1p50k37farc4tclfehvc8s994tflnwgezztdam20cg4zaxhqlhjkgsjdswz3,889806.0,p2tr,39,1
bc1p50meyevte9x4lx4w6c0e25v72ed44z07070p57nx7zvu66mapasqurh7wr,889806.0,p2tr,10,1
bc1p520hq93hfum907ftu0yvzj3f2lwxtaak666940ej725vrczqy2nsdf2f8e,889806.0,p2tr,11,1
bc1p52ftdzxdkmc7nx3qyywqqjxkuafclqx329jf20u4j6tvgyfx4kjstg4cs7,889806.0,p2tr,9,1
bc1p52ln2jdm53pt7jthyu2galp9twhhv2qlf8xp3mez5fwpu3ycamhqsya93e,889806.0,p2tr,16,1
bc1p52zykq7dl6ryt98necvtxtfhr8cynh2hys4lww3t928q553u5e2syerdy0,889806.0,p2tr,6,1
bc1p5346gk78e9qtecmhqqwr0d7gkmjxc46qnpda005nkg72gps8kdaqkhwtxv,889806.0,p2tr,8,1
bc1p53j5arn6cezfwza6rdetywsxgnhq6k8mxat0p3tqw4euquz7gugsuat2e6,889806.0,p2tr,12,1
bc1p53s4yclqj6ehua997m8qza574lzzlgz2ks34g2p96dq54n3l0xzqvxyhk9,889806.0,p2tr,6,1
bc1p53tplnkrygga8pnhf4c3hv0jl8qguk6wphxe7xum029zwuwlj65s4f9ver,889806.0,p2tr,11,1
bc1p53vau8fh2s7hw5fhzc0jgtx7cag48yngqfjp8wdyujqcq240am6s9e5a3a,889806.0,p2tr,9,1
bc1p53y8pwcqfcxql8zupya62l2egq5mn07zmk5wewy5faga3mrtxmeqn52qm3,889806.0,p2tr,11,1
bc1p5402xkmvxx72h5gjxttxazemm77mrzqm5x6rmd0m2n5zjdftz38s7vf2j8,889806.0,p2tr,23,1
bc1p547uxkwpg7yq9pznljll0awmuzhs9uga8pgfph6n3ymhsudpu5asfamq5s,889806.0,p2tr,12,1
bc1p548t7a9ygzxcdyasx53l4crdw8apx53lywr64xu6xyg6nw3u3t4qmy69r4,889806.0,p2tr,11,1
bc1p54aex609vsnhrtlwvp6jlcmxw57rh6p47zzkn6xn4s2y7fnsr6rs95rx4n,889806.0,p2tr,4,1
bc1p54g6zme3k35snmg0t43dmn3ukwvjjfckzy3jd9uuguq3wfrpdhdswyumtl,889806.0,p2tr,9,1
bc1p54jelj0sxn9du6kdlkkgdseqdgkly6g9vy79z4yqndxgmpj97p7s6lapap,889806.0,p2tr,11,1
bc1p54regvl2n38wye2pcy4c23hnm2jxqdzag9d7y4lep60d6pzspnmqas5ata,889806.0,p2tr,8,1
bc1p54tqx372u0q0z47vyns0j6rtspqexrhqnsz9nhxkycnsfdl8g4xsezn2np,889806.0,p2tr,27,1
bc1p54wnlrc7nr0m09qnhluhkzr42dwue4d57ljjrwvg7scvkpdjr6lq8xzl7e,889806.0,p2tr,4,1
bc1p54z58cuz2n35q22elzu6qf8s6ysm20m292xxtpfpd5v92mzdmvlq2drq2s,889806.0,p2tr,12,1
bc1p5529uc9sjdkt6gsgxayqvxccchyn29w0hta9rew77vykfqgjr2csr49ug6,889806.0,p2tr,4,1
bc1p55ke7dwtvc7yh76h9tj2vr3ndvup4acwxnfqfll60rffv94pqw3svc0afc,889806.0,p2tr,8,1
bc1p55n8rvpa5npaau39k08f0xhl4p56cuxe63w69nnpaqszp748jhssptl8hm,889806.0,p2tr,26,1
bc1p55qwzxu70frsdmclvvn76v5jnz37uat3wtq2ygtz6myvnr2satfs5gu6jc,889806.0,p2tr,10,1
bc1p55t3enhxfke2pa9m6zjgnzyccx3pxxlc5vm405pezylxhv63w7gq8eur8u,889806.0,p2tr,25,1
bc1p5672q6ugr3md29gy4dyxd245fytsrejhsldl4uq9tk5cqmw0yflsag7cad,889806.0,p2tr,9,1
bc1p569scwud2qznyj3ngprlapgxnha5l6yjzlq8dzfvztfh93th8h7sn3u977,889806.0,p2tr,4,1
bc1p56j6qrqxpthpsvwchcc3n2659mcp9rc08ufpesmzl6glukza3clq84qlej,889806.0,p2tr,10,1
bc1p56q8r4vy7pey4ju0mh640s78uzmcch5qrklk3myhcx5nujyddqtqdk5v55,889806.0,p2tr,11,1
bc1p56wezhagxupt4xfwvzt33gw5w7jwwssfctaklgz3lyxtg9yzqdhs4mygkq,889806.0,p2tr,8,1
bc1p56wmjfqya67wyl6dh084fcawt5vc06gydstagtewsdpc8v9susyqxnf2w8,889806.0,p2tr,4,1
bc1p56y408k8j26ehgjjfkgl23h8mqm647d4nkj5w69mfzdfvyc96raq4h2crl,889806.0,p2tr,4,1
bc1p57rznmyhtnrayj68xm2rdzetp3vj5stmvg668nmwkdtukdvu2yxq8r828m,889806.0,p2tr,10,1
bc1p588pkntamqa4hqdk5drl79eqt38et2r70n3xjul4qxavfhf4z57sj8jugp,889806.0,p2tr,11,1
bc1p5893ywq52vr6gmsl5xg9yd8jdsk2078fayjzn04vhv7hdde3gtdsd6a9r4,889806.0,p2tr,63,1
bc1p58cpvx778zsw4f7ccdl58mtxuy7pqcu6vexdny0auknlk76mv8aq733vsh,889806.0,p2tr,8,1
bc1p58jmj4wy4c24yah79tvtvyl3h5hgyyqqrv3ddsyc03kwkyxvqvyqr64t0z,889806.0,p2tr,4,1
bc1p58m6ga2qkckc8mkg60y7w7f0y0x5h6wwtnspdgaks2586raqsltswlu560,889806.0,p2tr,9,1
bc1p58nvm3lnftk84sx72n72uhdls6sjamt3kh28a409qg8kveydk6qq7gl8hq,889806.0,p2tr,4,1
bc1p58zj7fdldd3kf4w7wx3jqacxajlk6wp57nh99lql8rz9kufzp77sjnr5nh,889806.0,p2tr,21,1
bc1p596cjcpxzm0laae0v4ajzhsc9x09cwfslhw0ypddttuqtxng6wzslwgyhw,889806.0,p2tr,11,1
bc1p597rscszx5euqmxvclazp7h0ntf3dzs3ufhkr7468fs2qk5kkpdsmfhgg7,889806.0,p2tr,10,1
bc1p597sh3fs5tldqjjhplqn24qcngrwvg6msuyqwkuxyfycrtvp3whsnvxccg,889806.0,p2tr,8,1
bc1p598v2xrgjwh8429kzw4eca5u0smj5rh49mue49kkxt2du9rayruqz6q2uv,889806.0,p2tr,11,1
bc1p599h76hf80dmymxas9hrwl70kzm3nsn3r9lfkfn7tlf95m6mmjkqqpz7tf,889806.0,p2tr,24,1
bc1p59cpudyy03nw7xact6248e050w98t8st8dfqtxsftvcupn2vrmfqvlnml7,889806.0,p2tr,22,1
bc1p59njalypr73gl80g9d0vdkdp8tpc73gzyy527hnw20xj43fhrlvqw8tcxm,889806.0,p2tr,4,1
bc1pjpq2wku9drrk2ax2eftawjwvfmmycnh02p2czc9a480tcvcmkqjquaal5e,889806.0,p2tr,9,1
bc1pjpqskkg5ppj366hg5mldvks8zcwe3k8tc9nhzyu4xdagkexh5ttq7kh5nc,889806.0,p2tr,28,1
bc1pjps5d7pncqhcucemvkp49z0x0c0uem4s0qwg5m6v9lyd26lyw5gs5wr442,889806.0,p2tr,8,1
bc1pjpsmxwuldcz8vs26fcf05cxxh4thtfm2vvyhngpcq90n4hxpghksh0xf5h,889806.0,p2tr,12,1
bc1pjpwe42n3rnxpps6gce43yyc6ksed2r90fl3wdfdt6ecjpd8sxarqq3w8wc,889806.0,p2tr,8,1
bc1pjquhg6ge8durnyl368yg3cdg0cxa7lg4h2rw09luvxjltcl0xacsqnsqtr,889806.0,p2tr,8,1
bc1pjr6azmeh6lsjgv99ugeg493u00jvd8wemmcn6pwlc3yyjl5f6ahs5548qe,889806.0,p2tr,12,1
bc1pjra03lueup3tcq6j3vapuycesnjeyyq5ee2vd4ydsy5c7k78ya2spc8pml,889806.0,p2tr,19,1
bc1pjrlkylnqxp0l4zgd8kvkxkguusdpnzxf6hhfdw86ljqj37vqj3wq68ysky,889806.0,p2tr,10,1
bc1pjrn4j3c6cgvvatkn07nc7we9ja95jz0jslgpnjgcsamgjmmmuptqyf8sj3,889806.0,p2tr,24,1
bc1pjrp3jyl3pt3vw9gh6gd3a2l4su3a2p56l6atwc2qgq6cdd0jduuq5pmxtg,889806.0,p2tr,22,1
bc1pjrwsdgsweshx7xmuk2gpqhw24e5cfmp0ptg2etqc4wep0a8jdzesx0jvyw,889806.0,p2tr,7,1
bc1pjrxea8z3e4h4egm2pc2v9tvudx5d5w2red6ydqzrtul5g5ev8esq0k9rf7,889806.0,p2tr,23,1
bc1pjrxqpnq4vxa8m8yn6p02zfjqdavwuy69es0dz4xtutgnusysgqjqqtqfnq,889806.0,p2tr,19,1
bc1pjs7hlv9qsd9lyped2pkl29fqdzlct7f8lmyh8kratfqsuagx26fq55h3yc,889806.0,p2tr,9,1
bc1pjs8flpc6nj9fqmwc9dtawps9xr29ps6cj6w57kxstuj7kshhwv7swq7yn6,889806.0,p2tr,21,1
bc1pjs9xsl77rt4gjhxcadhcppgulgg0z9ztm6xcm73zz3xryjc99jyqg2mna6,889806.0,p2tr,11,1
bc1pjsfjyxf5hlxpdfycqat7yetuu2pel2k4na8f8ddzjtncrjtjsa0ss6r6qh,889806.0,p2tr,26,1
bc1pjsqgtc6rr43qd205pv2gmn4usmcmxqzxh8egd6ar5f27eh972v8ss477tn,889806.0,p2tr,21,1
bc1pjss2vk7k70dqhk4xce3mw8luw6l5gjpr5k3k93s0u8z3e6cvy79ql0g2y4,889806.0,p2tr,6,1
bc1pjt9x5l0y088kv0lwqzk9tnmzj58kxz6wm9h99cm2sarjc9kjlvrq2tuv4w,889806.0,p2tr,8,1
bc1pjtjs8hulkvv2dgfzr0gkemdnvfztdvzkfa9e02nsy00fexqfl9kq5r8v9h,889806.0,p2tr,10,1
bc1pju9qtul0zypcxmzc3sum53gwm78a6wd0439tjj3rzdmfvrcj70rqk6aeru,889806.0,p2tr,19,1
bc1pjum96kpu0n40tart4vtqf0yj46grpmca0knuk0hakjn45fc5er3sc2nevz,889806.0,p2tr,9,1
bc1pjv2smcfg8w39045v3r3sn6uc6zq3d82eq5xy95lrwwszy02fztds4p5kxe,889806.0,p2tr,14,1
bc1pjv6h90kul0dej95fxkmq9zy0jr4mmu6jm5crf2jau8xr2v52x0ysfea95v,889806.0,p2tr,18,1
bc1pjvekcvlszajjhxwf3r9ehwvs59x9hyd2s72v0z6hn5954nje7r6q7fmvjq,889806.0,p2tr,11,1
bc1pjvkkp6lpj3quw747vq9mq6xyv4luewymqp3h8uta09chn3ufqggq9e9axr,889806.0,p2tr,10,1
bc1pjvukdyvl3zx4fyfmpye47ux6ehgrute2qnn9223huq7lv9cl43wslfmy9u,889806.0,p2tr,22,1
bc1pjvwt3d06sqph905et65alprnhnuzdhql5zp5jqete85vtr7af79qawgryk,889806.0,p2tr,12,1
bc1pjw337svd9clsuufys6fgpwvrsj7zn9apu3cpyrhy5wrusaw5d7cq7uk28z,889806.0,p2tr,22,1
bc1pjw6mhmrpyqpdsusffmqnm7vd5am3yczgvm0c6ngvqlzpkdqw4frqfapm3g,889806.0,p2tr,10,1
bc1pjwaztx3y9wqx3vdu3vnnfqvwjlddtpmls3937z9fql64dz76vczq8t4875,889806.0,p2tr,11,1
bc1pjwrwqdqenddzw70jus979j9tragvy8yk09x03dtzm5m36cgu5lfslef83a,889806.0,p2tr,9,1
bc1pjwz9q3g7s03d6nj4ug3gayk6r9u7ujm82kx6u7d4arqcn855cutq8rw8dr,889806.0,p2tr,15,1
bc1pjx4tc6fpr44djvndxar6m3xxfd2xvxfvuvqr0xs4d47mh8raje0q8y7tkx,889806.0,p2tr,11,1
bc1pjx6xt8vnwkcufmmd5fdajc0jz7fwr6zhznay9d26zlgqxc2jsk5srn95gv,889806.0,p2tr,13,1
bc1pjx7e37pzq0md7u48ctyvdphzn2lldvj6mk8csmd75l5yl66n4a0sapea99,889806.0,p2tr,23,1
bc1pjx94hvlntyeqw2cv5q63png0g76a7j78tll8qhk70k2pu4fh7ajq34mcfj,889806.0,p2tr,21,1
bc1pjxc57pqrv4ra8xlvlezdahcusrl809vk4wtkk7hae3xge4txrh2qpdp3ku,889806.0,p2tr,17,1
bc1pjxdtvvz3h670uyh7cevrxxg7mjqvujatkuq5pfzmm6ms2hdl9nyqfeqc38,889806.0,p2tr,17,1
bc1pjxt30mff3tkfznkghf8v6xahc0qjwuqa8nvrwng656ws9ukyytes3akz2q,889806.0,p2tr,12,1
bc1pjy39tmyxw8dcss4ul2m95wleyeas5y9v6k5ad62h4re40zvnsx3q9rq63s,889806.0,p2tr,20,1
bc1pjyh70x9splvqpvjz02rcdenu22m9m3zuqajtyj8fdcctz3wdm2yqapvrz2,889806.0,p2tr,15,1
bc1pjyvxfrw60q7wech6tau0lwjccmkplqlds4grh98qvmutr8s7p90st8r68p,889806.0,p2tr,18,1
bc1pjz3qckzc9zgak5x0lt5e7775jhkqsfwayumcm9tq7lsaue0cudms0nyumg,889806.0,p2tr,7,1
bc1pjz3xa4jq224nyc8kzwq7htvf062pxny2yp7tajykkar0xxt4pxnqkq4syn,889806.0,p2tr,61,1
bc1pjz7reyqrd24nqutfj7jl36yq7aux3nk9cypu6gfprdpte5p8sz6swd4x2l,889806.0,p2tr,23,1
bc1pjz7ujs2ff8qxwggt4akpaz05cdhc5we6vzhksgcz35eqghsd7gvq3nwh6f,889806.0,p2tr,4,1
bc1pjzld9zv9r3txckg2xpe8xv839eheztdfu3m8uz7yzwstgq66yyyqhnrn7m,889806.0,p2tr,15,1
bc1pjzmpvud79qg8v7enkvphs3wvdh3kcdty9jqwev8jttz23wjuq23qf7krgc,889806.0,p2tr,12,1
bc1pjztmljcxpm50sp5kpc9vq6g3dvfrgpac5u0jats6m8g0sz2m7lzstdjchh,889806.0,p2tr,4,1
bc1pjztw6cx59useh8t96zw0fthpy0jwct7n7e3zhy68sgu0eqzalf0splsx7j,889806.0,p2tr,10,1
bc1pjzvrm5j8sefhq3hxq9kcu27h9ujd88382md46xuajhf5nzmfe4jsl3z8rn,889806.0,p2tr,20,1
bc1pk07qf8zuczcl0x40h5g4llu6s3cqjgxdh58x7h0ye87fxrdngjxqc88dhq,889806.0,p2tr,8,1
bc1pk0e3ykp86wa9m3s0ksx79ulej0jwcdvqstwxz0w34gmq42g4lqlqvlpd6y,889806.0,p2tr,26,1
bc1pk0prl570u47s4p6u6a9t6umuprrnygdj0d7ydww64j32j3vtneeq7xx2fd,889806.0,p2tr,21,1
bc1pk0x5engs3q2l2s677dgxe47ujperrx3nrq9pe02rdse8yq0hy8hsj5rpjw,889806.0,p2tr,9,1
bc1pk0xk5dgqyjxj3v4j7sdj0fycul3skf09jrhjhj7nfmen7ll0cgzq00az6r,889806.0,p2tr,12,1
bc1pk0zldyjqpcxwqz9tf7jy9anyrmv2q4a5a82snmwakurfc7qv99wqz85rze,889806.0,p2tr,10,1
bc1pk27jra9c4v5l8kfafarjdwc9wln4yywvk647tu4438jyu75xd6fs4mne3z,889806.0,p2tr,11,1
bc1pk2dqj9dj3lpuvmnkmz7xvr6aru0fpxm6rvpvlvcvdtv7zfe996hsczss9d,889806.0,p2tr,39,1
bc1pk2fmvwq9m3h8dlg4ktkmq2434xdz6ycsd9fq86kf7n04r0y2xfkqqp2hc7,889806.0,p2tr,71,1
bc1pk2fv0uj9y54klh22zkkxzkpxuhpwx3lf2tqlhlkpwwggrspmvt2qja56v5,889806.0,p2tr,33,1
bc1pk2txzxvzulmr7nmp7atcdter95zr6ju0vqr2lhtcu2nzye3xvt9qteef3c,889806.0,p2tr,11,1
bc1pk32e0tzq6zn5e2qjvcszucnfx9p5n8t097d0jf2prtp6aqqyz27qykdkzc,889806.0,p2tr,29,1
bc1pk32lv98ngznzhg9d6ltandwshttshh8svl03mdvseymz5ul2heksnu75gk,889806.0,p2tr,6,1
bc1pk37qu4zqhh207t5t3t4w3t55t4vxnncprlffk3ghxv5rylegg8nq6ts3j0,889806.0,p2tr,6,1
bc1pk3d4s8qvw66pdkfv8nfnps53jevgrf2ec9fvhm6gv0t28gpn752sqpchn4,889806.0,p2tr,18,1
bc1pk3ec9c96sjczuzgq0ckseuf9ldz733ltj55rtenvnqcn4glqsuzq6j98z2,889806.0,p2tr,16,1
bc1pk3s38d5vgsttrz0pfnvkjdtg0t0x9zphnnvwe7ffn3gmpnleyynqz2t4pn,889806.0,p2tr,15,1
bc1pk4799l0ncc4kyfddphthztd58jv0yx4xfcpnxuvzy4677rpjk72s7sph7l,889806.0,p2tr,11,1
bc1pk4fetyk8kar7dcmqdrrhpgvuhah543vp83m78984w63va76vewcq8gzdk9,889806.0,p2tr,6,1
bc1pk4g4tgx7y8c4md2hlg88khw40sfcfzvsuykc73c0gxdeuf05zg5qtfl5zx,889806.0,p2tr,24,1
bc1pk4gaf2qsa390qp4z5kgm4lt97yeaduznwzy224w6cvj0ackkejpqzs4rxq,889806.0,p2tr,11,1
bc1pk4j69n0dkhfecekm0sh6a3nz38nk8kc50ng9mpa5th6md0zt0huq29cz7x,889806.0,p2tr,25,1
bc1pk4pd42leq350nnxr5r4ujmc97tu3scqjvezvkwmcyd5606rw0flscaun8h,889806.0,p2tr,12,1
bc1pk4u56zd4lwr6ydmtk045p8h0k4luaey660d7x0ml24l935wfpjxsyfmzk5,889806.0,p2tr,4,1
bc1pk4w78hmmy64u82ea836slhv6cknjf7tcutc6k3hkwf5g2wnu04as0sfvg4,889806.0,p2tr,29,1
bc1pk53h8xgtdq7zg62j3q9333e4wnd9mhtt5alqjrgpvda7fpftzfhqytqv3y,889806.0,p2tr,9,1
bc1pk5eghyprf6glppztqyc3f96qfnhwapqqjcz958034ave9ssx5vssg6f8sq,889806.0,p2tr,22,1
bc1pk5eluzka8jehygrrx9kx4legmgngysfvxy5kcrhujyeyffzemskqj40frw,889806.0,p2tr,11,1
bc1pk5gaem4vtr8uvck2rpxxxvgzazs9fr0dn4ft70z5s0d6urecwkxqyus9lw,889806.0,p2tr,12,1
bc1pk5t9w06fy99wcuvjkcxfu2qhzrwj9l0y490ecxmm7u9d783mapnswcsmax,889806.0,p2tr,20,1
bc1pk5x900lnlyvjazl6veu3galdhsuzx8qkal86dlqlvj3ptxmylglqw32jxj,889806.0,p2tr,4,1
bc1pk63hmygzavva3xfat3u57hz92kqvmc68uwnchrs9zp9t2uxuldcs7u4yfw,889806.0,p2tr,8,1
bc1pk63u39mrsz29yc8ctv8x90wr9t8xcglc7tk054t3dtck44q9364qk5yufg,889806.0,p2tr,8,1
bc1pk64nhw2yxyeh3e6lygc2673a5322l7m980u5w66jsvwgjwg4rvtqjkvjfz,889806.0,p2tr,9,1
bc1pk65eg3wyllek3jq96gap20a07rmfpg35n4mk9j6zqg6sy8ugqt0sjzxrmf,889806.0,p2tr,15,1
bc1pk66466pzh63zv7urv45l027wn70xnrcr08yvjmsj43az03237u4qc2vdn9,889806.0,p2tr,11,1
bc1pk688gs3c24g5xjzzcamguy9d4sv0k40h9n6nrmauxryk70xmsgfsyjzeyp,889806.0,p2tr,40,1
bc1pk69p6j9kjfh6z8exlrtz40xnnjp56sxupck5q99aderznfhwlsdsaj7k27,889806.0,p2tr,15,1
bc1pk6a26wpq8r9nll8qfs77xg3lzlpawgkydsv33gh65eyae4rx5uts4ufuy5,889806.0,p2tr,17,1
bc1pk6as60fu6eyscuzs3c0qswqfdrz2z53d4qw0xd5eqd79m37nkfes9x8mcg,889806.0,p2tr,4,1
bc1pk6jpkmzylpvp5wpzklxvdlgygxctfxxpdztr5hejxtuaqtlq3wvsaj0khh,889806.0,p2tr,10,1
bc1pk6s78tn68hullen0pq380lfj4ffg92jwmdshuxtyl77g4veyuj9sdsvkdr,889806.0,p2tr,13,1
bc1pk6wnckkltcy5t4wjq567msu0knpk4s568w2p6enpfjfrxh4uhh3qrflsau,889806.0,p2tr,110,1
bc1pk6yvypqux3y7psvj9s2u6q2tt6l6zrammgca7378s8eljh93vx3q5ggjkq,889806.0,p2tr,6,1
bc1pk7emn6u9cq7wgg3uq4cdkddjnryu8vx0t3qcqf3q6n4hvcrup5jqzaydqk,889806.0,p2tr,28,1
bc1pk7kjfm2wj0my8vqz5drvgpsx06k3yquaaav5ms0fgnpzjj29tw9srfteg9,889806.0,p2tr,23,1
bc1pk7ngmzaak08mfkw73kyf96r03mvxnqsdsuxh28wl6zq8t6rysa4szmp07t,889806.0,p2tr,29,1
bc1pk7plge8c0jpwqwc4gsg4kye9sp9c6cnpxemwaa0mp2dt6xky9e0qmvhjk8,889806.0,p2tr,19,1
bc1pk7scgzf8j4e6lg705dxlmt2w32eusktv34gccg9ej53d9mkl527s9mrtwc,889806.0,p2tr,9,1
bc1pk86dfx83jcl780xp0lv5alskmp72g4g55cd8snx70zf3cye6gk8sdg990d,889806.0,p2tr,23,1
bc1pk8fc7zgtw07dycjy6rvcffkq26janlaqha6eqcj9pashula3rgws7v5j9t,889806.0,p2tr,15,1
bc1pk8llwlv67cq53a6llgwxt8sv3g2tj7z28zr54m6yqsuv3afdwvrs9zezns,889806.0,p2tr,11,1
bc1pk8rvznshpfyum942hw239445u89fz27kgkke75hhtr8l6hxxr70s5g7gs2,889806.0,p2tr,20,1
bc1pk8tndhqvxtn2zp25g3xz7d55jxe84v22xja63rh78v93aljjx88sfehng5,889806.0,p2tr,25,1
bc1pk9479k9cc3yfz3dwceckutwfqqp5ctr2u9rkgy6vmsa75er9lrnqjymard,889806.0,p2tr,11,1
bc1pk9jxpkjufhenfsxh3rxqmkgv0frq2x8w72n348nnh7rq6s5xdjhq9p96mm,889806.0,p2tr,13,1
bc1pk9pqm4tj45vdl24hsg5e5gxkrv4hr43t7d5zux2d8nd54mzgspjqrg4xdr,889806.0,p2tr,34,1
bc1pk9s32xlr0l0su7tm8xxyy92pn8nsnqgsz9r9f9nkmdh7ycr7fqcqtxk4t0,889806.0,p2tr,23,1
bc1pk9tz9a3tzf47qxu3empl83pvdswqryddww8jahp08ax4l45v760sff4x4z,889806.0,p2tr,18,1
bc1pka86tms0c5xpp3t87x2reng4hu3vzvc0hdy3ktdnnv9prly9mnkq8ua3mg,889806.0,p2tr,9,1
bc1pkajwqh0fgwdupwh3dy90lxqgah533vx3wsp2hkl843pcmr44a6xqv2jyuk,889806.0,p2tr,10,1
bc1pkavs9p93sf0u770g23x5aydgxk42psfytw0qnrnh4wcjuvvmlnesuspumy,889806.0,p2tr,8,1
bc1pkccphh8hxhg8ffdye9mpawm5f9hd247mjf8equnyqzl2xvhv4rqsfqrxs6,889806.0,p2tr,13,1
bc1pkcgq3aju2zg6l74vwfzdje8yxl4csklw9g3cq8wlx4sm60xctwhqxjep72,889806.0,p2tr,6,1
bc1pkcpsl3mw4epkyjrftscarfhjuskz6eu2ffvupf9l9ezsxa9pfflst5dgqk,889806.0,p2tr,4,1
bc1pkcu637u80af2v2cpcgmxqw5j4cesnqujy87r8nkz8hafrj7k0jpskgdgar,889806.0,p2tr,15,1
bc1pkcxpvl69l9vnuqwfud3jsuu557qvnx2r2uysy2xarcplmur249cszvapdq,889806.0,p2tr,13,1
bc1pkd2xnkal9znrhf7pt3mjemkzrrl5k9wxnlluqg9c8dquendc2hdsczfta7,889806.0,p2tr,23,1
bc1pkd5yg4ra7qntmlfcnksc6rk6sszuu87r77sx7teeyp0qs006k3xqwzvj87,889806.0,p2tr,8,1
bc1pkde5rs6hdzvdpz3ne5jajeez8peaa29uu4qq8q5qc5869zkxaxgq4c3k5n,889806.0,p2tr,7,1
bc1pkdqw2etp5wnsl0w6j0yltjv6vtktmj7pgu5345940w39hq7v8eyq878nk5,889806.0,p2tr,8,1
bc1pkdtzurpmg4npg5r7kv74hx3eedwhuwttfqukfy2877axfc0y8e5qryf4nd,889806.0,p2tr,8,1
bc1pke3vv7uk9nnvkculv0wvl2yz8lfdckhvme6p7galjumkz6pzhy0sd5vj70,889806.0,p2tr,25,1
bc1pke8m48aj8wvwqpmykk0fdymk79upjz2vtdpvht2vng0jpuctmfcs7rlgxc,889806.0,p2tr,11,1
bc1pkee0yaqz0ezk6h58dhy6ylsxczt9ty2a0lyadqdheq32x7gy24vsmepan0,889806.0,p2tr,9,1
bc1pkewtcn7ckpu9ptlc0mw9k46l3en73cnks9456e30pwf5d5pwq38qvwyywm,889806.0,p2tr,21,1
bc1pkf054smt5tjfyethwgkqzynxv39xp9pddawq0ntctuzrha8xchuqf8ljh7,889806.0,p2tr,23,1
bc1pkf0z7rygtm402h0aqg93e2tcsx6h9v52r25430g4qgfmvzf4w99s4vsz6l,889806.0,p2tr,11,1
bc1pkfaw0hvuf5fpnwvw2nfpwks8fzmxgeumjhu77ydc7dkqnz7mc5asfmhj8l,889806.0,p2tr,11,1
bc1pkfds4eh3d23a5uema75zahz5lm976x8296jschg6wtc8k2g4qwlsu5y097,889806.0,p2tr,25,1
bc1pkffer0al0e4y5ycw7xgrqlr89a4fpurklczeej6gjgkvdf7ghgmsjstr0y,889806.0,p2tr,10,1
bc1pkfgfzljwyklrpm72l3vdteym973dap2sez0y65zu4v85tvfz230qv74a3v,889806.0,p2tr,10,1
bc1pkfhedvcnwgsml7htnp402rgjm486njz2er743f9ssn86fjyks68sstd2q7,889806.0,p2tr,17,1
bc1pkfns3mj70k5ggrlajhhsfrgfyxk3mfrsucn88dn3uy3zj954kc6qgzppyk,889806.0,p2tr,10,1
bc1pkfywlnu9672lf8p08pfqrmgk3g0dphn75fhrks70a3gdg9d2yh0qawrc0s,889806.0,p2tr,9,1
bc1pkg0z8prhlny2ttm4q4mguk3dn6rvpyv7hac6ea57p9djpklmalesmckm9d,889806.0,p2tr,16,1
bc1pkg3g5fm8ua46s2z2n5l2p90uma9cvszen9px4ja2kkrshhjf02as0uw86j,889806.0,p2tr,25,1
bc1pkg5wj6ldhax5hrn69ajlhx3ep3pg7hz28zmke0plaw0pmqcetcasa552kh,889806.0,p2tr,12,1
bc1pkg6equx984ecu4lu8usanngz028vfefrvhezu5cj6lcx86q559ysvx7208,889806.0,p2tr,16,1
bc1pkg9s2ud962j4c3p5s59d6u4cs2agk0hr7c09qkxzpthd6m64u5zq4ww4vd,889806.0,p2tr,9,1
bc1pkgaseez8mx49e4yt2ngjqjc2zy7n3p4l9mep40zfpsscahv5x92qccjx2g,889806.0,p2tr,10,1
bc1pkgdq0u7hs5dmwjp980pfq25ecvf0ctr9aaz5kqcpk4hkpu4vwq7s0h6522,889806.0,p2tr,17,1
bc1pkgrvq5v8c7zqtufs5juluuns5xe6hr2cdl04k3s2q7lk5pjj9vxq9qtvz7,889806.0,p2tr,14,1
bc1pkgtun5xtu7pn5sqmt3a6rlkhzwv9xlzmmlwya56p06xwz3w5sq6qmhz4m9,889806.0,p2tr,11,1
bc1pkgx3hc4wyujehmckavl3x8n0ckt7x9lap9z802j2ad5u3wl9xhhqxpsn7z,889806.0,p2tr,17,1
bc1pkh3mdqcc03nchevn4qns8uge7v847mnnsuyp357xuuy25h6qaf9sq5a25c,889806.0,p2tr,10,1
bc1pkh3wy45rt3hsqu9257wrymhdy94eddqkgpsshpcdfrd7t0m8j3tqzefswt,889806.0,p2tr,9,1
bc1pkh7rr9ndgmsu9wp4xedcy0l4387q6fv80dzwdf0jyg22ptp58d7qem03fv,889806.0,p2tr,4,1
bc1pkhaz67c2s865cmr9slscj6zjuhzvqmdwzzrnzkmpc3we9yrus3hste2sk9,889806.0,p2tr,40,1
bc1pkhgf60k3cu8gejqge97v5f6z6flc0tesez4y6nkdx5h289e3vm3q675xdw,889806.0,p2tr,8,1
bc1pkhn6td4ztt0y7j8vlc49czj8vr22r8ap3usqc7fadtnxgsjc5dyq2kmw2v,889806.0,p2tr,8,1
bc1pkhx56g9stjp3av68e4r4stu8he2wjh5dt5lx28l682esyppx9whqasanwz,889806.0,p2tr,11,1
bc1pkjgmavtzvgxm55xx9e5gzxkdafylfjwx8673j5ar545v542exk8q53jejr,889806.0,p2tr,11,1
bc1pkjsa25mef4gzrr85m5p4nl5xdhx3ny8ndkdc7cgky9sdppzvc0nsdl6rzh,889806.0,p2tr,11,1
bc1pkk2n8443rwu6frqt9s3hys7fkgxyqxjzv00usuht2t2f8qanv9eqe4fjuh,889806.0,p2tr,9,1
bc1pkk8v7lngqcaavkrdx4hfxa3pchrxv5myujv436cqcgnl4prj4srsrfexhc,889806.0,p2tr,25,1
bc1pkkkm8tl5pcqwdfmsua2gtfngkdr8h9fsfx4a7hhwwlrnqyfhfacqgr8s36,889806.0,p2tr,24,1
bc1pkkwkyt59n2azw50crm9latjlzdxnr8gcexsrd2sjsv5e2ufypguqepf8rv,889806.0,p2tr,8,1
bc1pkl3qkja4wn7nl64ptxafksd76f66w64v5057yc3jgfggjlxjw7psmf5me3,889806.0,p2tr,13,1
bc1pklhazluhtnwr7nh78g3577xmg762yrflaa2lqztryuh0t8y08kesqs3j5d,889806.0,p2tr,15,1
bc1pklmj6wwdv796kqx46dnkpneu7r5nxafwhh6kgewk2qgqaajhfwmqpajnfz,889806.0,p2tr,11,1
bc1pklssjev5tt0ec9ha8qx4a9gn9v7vrat0rtumtpva8r936ztv5lkqamlds2,889806.0,p2tr,43,1
bc1pklsveg69gv8dhrhrjf9zhzeqshfed5pxd4wwcyjsfyup73pvwkdsmemenp,889806.0,p2tr,10,1
bc1pklvqy3n7y7ucdhvwrzw704ly8pxn4a45c04u28hznr6q3emcvlhqrfy8dq,889806.0,p2tr,27,1
bc1pkm23p4udf2zwg95qwfv60lwpljrc0avfm6e9ujqy7gxhsc9787yq38mjfu,889806.0,p2tr,19,1
bc1pkm2tet0vsmxjjf0mre3w4qj7mssas246078t9uy2wsxr6k57zlkq99nqv3,889806.0,p2tr,15,1
bc1pkmqwtny9u0p7nnnpug5fa8q9lluqu8le4lwhqh2vakhyyrkz293spugnj0,889806.0,p2tr,9,1
bc1pkmvrvhd5f2z0nsz5gjjk56j0jeq5uku3c033qjqymn37jq2ld3qqxgzceh,889806.0,p2tr,22,1
bc1pkmvttqflzz549ex8gz5qtnu92hf5g2u58tqw6pap8ha3ru0sq0ssj4e0cr,889806.0,p2tr,4,1
bc1pkn76kpkw7jd4vp94dz305qr32gaptt67wjjqvwgj4q270xfulh9q5nhluq,889806.0,p2tr,27,1
bc1pkngcmg02n06892vxsnxz8pkep35f34nzrxny4jqwzkulygv3znlqf2qx5z,889806.0,p2tr,19,1
bc1pknzzfuh6ucpxk2myn3y88jawz752suht8kw3fyz3ws8pclcjwacsa4zfuu,889806.0,p2tr,15,1
bc1pkp084qc3rvtt248p9n20d9eve60dnsjt7dhhyjj6hh5k4zygf8qscxkgpa,889806.0,p2tr,18,1
bc1pkqc8rpkpq3l0qtczvajkfavjweqwunua69ea50zynuwvxp8sgmlqfavcgg,889806.0,p2tr,15,1
bc1pkql3jxksu9yp3gqrnmmxyqznt2hqhrlv8q8awktzhn6hz5vp454qrxajax,889806.0,p2tr,7,1
bc1pkqu8s5q5wzszzzep65n2k5v6qy8n9fyn2ja236txsck27qtkk5yqqhaade,889806.0,p2tr,4,1
bc1pkr5r302hy8ufc8h5clzns6rya3mw8jpfu96cy6y8ewgxfsgx4mvshxzjwm,889806.0,p2tr,18,1
bc1pkr6kvqh3wl8kucju84cah8vm7mswvzyhgc2q6cj2nzjn2wl9r5sq0fykfk,889806.0,p2tr,12,1
bc1pkrnywadh3gdz834ugl6wjr8ln77a48uakp6cr2jd7ucyymc9rtksp20jed,889806.0,p2tr,10,1
bc1pks3rql2hy2j52stx8zl6mr9ycdkqqessgtqxtnp0tjggf3cl3q3qju82aj,889806.0,p2tr,14,1
bc1pks8a22dj4wp80v6hn0um2829q7la5z9q82frpkax3utpr3hx2tjsezk6fe,889806.0,p2tr,19,1
bc1pksmqfe80scqwsn9twargdg4a7v74r9c3qaayyu80a5q5lnd6astq69jwq2,889806.0,p2tr,29,1
bc1pksq5mymumpzxwl493durwnyh34g4h3p3jh73uu4x0dypzphmgrjs5k0l4q,889806.0,p2tr,9,1
bc1pksqsvt7kxz5p8ey54257skjrzfqajc65060w7ctpu6kw4h3vjwrq5xsq2d,889806.0,p2tr,15,1
bc1pksyjn8snzuyutsnzsnrhsq76jvyhca63tt0k0mxasx99ec9y279sflezca,889806.0,p2tr,9,1
bc1pkt4ghqudzctteugn7lnaj552n9u95deh2v9zr8gajjrwhsdt6sgspgxnme,889806.0,p2tr,9,1
bc1pktamzghngd4sxn78egh22mwr9uafvad6q4g2h9jdgag5h0y288fq8ucrfv,889806.0,p2tr,39,1
bc1pktx62nkesgjw38rcjlapn9mu4r2wxhw3ne3zssm66ln4v5gvhzksav2jrw,889806.0,p2tr,21,1
bc1pku8xp0qj20ama8ergr0ka93tcqecque99em77ys2f4hy4urkfejqpm40sj,889806.0,p2tr,4,1
bc1pku92tenhhpk9j69m9t8j3vmeetg0c7ugw64xxp7mdpzx06xq908qrgz3fx,889806.0,p2tr,13,1
bc1pkucffdx46cvncy3ssvg6l4n7tkp3rznrnw924vaa47p59w0gslaslq2ghq,889806.0,p2tr,14,1
bc1pkueg5vzdpetey907srr2wezdex8m4nyw0n2rzmgaevea2g2ewkls6x8hvs,889806.0,p2tr,19,1
bc1pkufeqjannhxdeyc9e0vp4s437qtkkl5vsv3v9es7ty9h7472hktqmw94vx,889806.0,p2tr,23,1
bc1pkv5u0rnsuyt77mksctngg9qn02ycc9zuqz2nhvhu2kzlrtzctcwswn6058,889806.0,p2tr,8,1
bc1pkvcflmjqqzhh87prtaf2ph2rnqr5sjy3c3jnlpjhpnesmmcck38sj067jy,889806.0,p2tr,12,1
bc1pkvcnjl2zjae06v82zvslxk8jjlqjkvaar3qanrsnk68xhfd5hn6qtugk7e,889806.0,p2tr,12,1
bc1pkvj4a369t4624m8h8q5qncet850gq575a6fxsal2h0clyvwrl2ls7k9exy,889806.0,p2tr,16,1
bc1pkvjzmveraypx539zlsge38s5qhxvtx8d9xrtj4ygul6q2608gcfqpvv8dc,889806.0,p2tr,15,1
bc1pkvmkrmc82mdxmg52pqgezt4v8j2j9shzhge5cjkal58uqnk2qlns7ex8rf,889806.0,p2tr,11,1
bc1pkvy6php6yxwpxdcsm2geaew8u6jxnhnxn52uk3a78u42stf7zm7sr3475l,889806.0,p2tr,4,1
bc1p59qhmp5l7tgce7upfceam3nkv5rqzrfqsvy3xg0utx8822zzxlksa7kjlx,889806.0,p2tr,16,1
bc1p5a98x8dckmr89a6eh90dx85eh24mc7nvpp5cryasxaw4hju6xfaqyweqhg,889806.0,p2tr,6,1
bc1p5adqm93gvdgfvdslaulge0ymfwdamxha8lps7pethuh8wjez4fzq0w6x0z,889806.0,p2tr,28,1
bc1p5ash2j2jeugp5cv4madxa2cvq582wvtujgnfwwnyger7036tq97q9n45vl,889806.0,p2tr,13,1
bc1p5atmta5fypeghtu75kdpgv5nydzn7w7473tvsgpq7nh4vne7c44qy28cvd,889806.0,p2tr,8,1
bc1p5c84n0x8zapy5ylcx50xxt7ca2f9vz78vqrvmvnj0kuwn9fherxsmvkpvp,889806.0,p2tr,11,1
bc1p5c8ks203vg9r5lgj58vgrqpl5k3fzhjesf40rcrdctn78uh49crsgmr7a8,889806.0,p2tr,16,1
bc1p5c9a4jfw42m3vnevrzqc2gr8v58fw55z5nppxgfrx23chlrrv36qr4zz0x,889806.0,p2tr,70,1
bc1p5cgn5yqg47w6893vjq6n5vk6hwvc94mm2fhwh3uc2whe4s9qcvksev69t6,889806.0,p2tr,13,1
bc1p5cmydgffrkgznyk5s983j6qd6qcxzw59jzpsek2e46jee208hf0susflce,889806.0,p2tr,12,1
bc1p5cu9caxc8cjyhd8x0v78j89v4dwug7mc9pqhvp30zuqamtr5k9dsy5fkwe,889806.0,p2tr,9,1
bc1p5cy9d3erh0tx4fej55zdcds28c62gg876h50gzajrr6v8cg83y9qg63v3k,889806.0,p2tr,20,1
bc1p5dqn2elrknn6hsaaan6n0d8ndz8m8na3xfah9wn9lsfhzjydphpqkz7650,889806.0,p2tr,13,1
bc1p5dryyq3mmgst8za4su4skmffje90f5nzvmwcl8zsusc6wyd3jyuqpwtwqd,889806.0,p2tr,43,1
bc1p5dvp04uladewewys83ayw4cuu05yn92fuhjfkeujas2r0nmygqhs5h7p68,889806.0,p2tr,25,1
bc1p5dxhvwszv5zyh4g0mfu8t4d74qwdavr6xxs9knrtsa886jcrrvcstng652,889806.0,p2tr,16,1
bc1p5dyv3wcl56vwaey8tuxrpfz09v9w25532vpju27tlvxgyvfvvzzspm8aax,889806.0,p2tr,19,1
bc1p5e4hrhas82krj4fgyg0gnfv3pacw8qplcmma4h4tr3vpl29e0r9qzmk7f8,889806.0,p2tr,21,1
bc1p5ecl5fqd0dnh6v6w44y2facagc2qm6ne0q78krjjm40n432xpucs5pqk2c,889806.0,p2tr,8,1
bc1p5en5mk3kfac77chk3w7nf22s6r9rcfclefgf7ux3d8vse06k2rzqfcs8v3,889806.0,p2tr,9,1
bc1p5ettnts7q2dwafvwqhu726c3tuplsqj5k09qj8y6k0tuzysntegqsjgkks,889806.0,p2tr,21,1
bc1p5f78eam269nueh62ueucp25qtnhxdpxh6kglprqqkh2xtqcl920svt3lzp,889806.0,p2tr,37,1
bc1p5f7px0cyav7m4ze4walwrnsns6n2vvarafehrfsuf2xpyj35pl6sl6wrm2,889806.0,p2tr,4,1
bc1p5fj9numn4kumxsv6ngswcttmpqhverw97jj4sgpsj4hl9vawczksukthz7,889806.0,p2tr,22,1
bc1p5flwyt8v3fzrf85yy5uzdgkrkx0qtupgxfjce6h2a3krl9aa3waq09jf74,889806.0,p2tr,12,1
bc1p5fpucvwa8r3255jlavly4jd3gk2dytflram0snkvxp22jt0rurpqjmw60t,889806.0,p2tr,10,1
bc1p5fqehudqk3myhhtnzp654r2rpf9d6f0jy7n0dw84y5kfae9mndjquy6vfz,889806.0,p2tr,13,1
bc1p5fxjtt7j33uaj94lt2qa6c2lr8p4xk5qa69kkydw8kvzqudfyntqrshrke,889806.0,p2tr,16,1
bc1p5ghmpfqkz4ertncktlvy4ax64yzjaznjme7llvwfxsleqnf6p2kqu8596n,889806.0,p2tr,5,1
bc1p5gkch8a07gq5zhkuaj4u5fa39wsy29ut8qnpvpqy2x6qt4r7fjssah704p,889806.0,p2tr,31,1
bc1p5gr5c6jquc8m2wzk038ccwu4gjpvmcru7m5x3wn3dujelnt7j4gqkrxtwp,889806.0,p2tr,23,1
bc1p5guh2ep9x952le4ucv8faqq5rnd7tz5tzawheevfl5r2jh206p2s35ep5m,889806.0,p2tr,6,1
bc1p5gwjhwdxdher4mzllmhs459f44xw6g0x8a8u6lmv8u2fye6tmwdsuvf45q,889806.0,p2tr,29,1
bc1p5h3pm8pctx2d32a0sk5ajj0e0hd9n7hd9l2w20ztmgkldzzdaczqppq3gr,889806.0,p2tr,8,1
bc1p5h438dy6xje363555gh2vwaa6uqq30m39ce8tsxdw4wkwpzxhgdsc9hhff,889806.0,p2tr,10,1
bc1p5hll36xnuq2kqsysjw6fgx0pek3ny5avhgryymqpyl8z40jg93nq0unn90,889806.0,p2tr,40,1
bc1p5hx4t4c6n3wq265ar5lvrdkf3ad5sdtkecj4rmc8cpu7km0r7k6sxay6t6,889806.0,p2tr,9,1
bc1p5hy7379ucrc9au30r8uan2hv7pk43havq9gpvr45rz65hgfxh8wspdhzr3,889806.0,p2tr,12,1
bc1p5j6qke7ym7myks7py75kkg26qw8zndgfzx90azzamc7grkk8j2jsyagydk,889806.0,p2tr,8,1
bc1p5j72fhpqkfs2vmtgkyufl6ufsw0m604mqvx6uepzly7wpemksvysuyysdh,889806.0,p2tr,24,1
bc1p5j73hxwclhs7qn2xez96kwg48klnlr6sn5hczg9ks20ehz89wffqyuetx7,889806.0,p2tr,8,1
bc1p5j7m02m08ac0ygy2998t7uwve3zazr9xtl26dyk9ll2c2l24e57q847dpq,889806.0,p2tr,9,1
bc1p5jnqv6gff0v5r9yhpceydn046vz3jh5jnhgw73tgn9vjya0sua2qs5yg7n,889806.0,p2tr,8,1
bc1p5kagw8nm5z69kjsqv7hemrdlarasph3ay6amktjr69pqtkt2w68qmn0cec,889806.0,p2tr,11,1
bc1p5kmz0akc75efa788ue3q5hhfqkrh48wdevqm9ek8hp93jjvx5w0szys5dc,889806.0,p2tr,32,1
bc1p5kqdv5625utjs80xnu2eqvtfq972l4jmu9hngkpr4mv0yt5e564q3d8dn9,889806.0,p2tr,12,1
bc1p5kxcvq0zzz7jgvdrfsy6mmu7fay776vj8me3ym7v3eh22gwulgpqx3gldl,889806.0,p2tr,8,1
bc1p5ldd5mmm22dpr4gszg3ykmmr7g46pglcy8anl33tw2kqpl0re5gsumjzem,889806.0,p2tr,4,1
bc1p5ljhtsn507t26g0gzwsz5mnca55svr4azvzrxtmekd7txxrdc33su4yp4q,889806.0,p2tr,17,1
bc1p5m0s9t3ea7kkdusv80hj8d7jgr2wyx3yx9uvqfluwksgxlhaqjaq92rexc,889806.0,p2tr,15,1
bc1p5m5l78l2f4pjm8wuhmvq5cuzst5fw8nh7ty80x3tu56dtzdeyz9qw2uqgc,889806.0,p2tr,11,1
bc1p5m7zwxt7wuddjczydxw8cfp8ff0r63xk7f6gzac70y3n46fvnuwqdwp65s,889806.0,p2tr,11,1
bc1p5mgk2xvssl0hh5uuv3ptcgkfaxtxzpdt5pk9e0yzanuaftllxgsqpmuls9,889806.0,p2tr,26,1
bc1p5mlt7uyc84g688pqkeu2z4zk0jnrkrrzxzvwmes0t9zea5vvwxcsuj8q3d,889806.0,p2tr,20,1
bc1p5mlt86tvfpnaw29qvsqfusrj0tuvq80lwkyl3prhwcdhdhucme9s3pyw27,889806.0,p2tr,11,1
bc1p5mlth3tk608xxk0ykrupq9u89xkwpxwmhprrwtvp5fsxesg3t4qsytnsgl,889806.0,p2tr,4,1
bc1p5mn3lcp5fmhka64fwezlplnkr9pz797ytr8usfhhdwzg9asy5lmsh6q0cv,889806.0,p2tr,12,1
bc1p5mucwycurccyzu9m9spd994tgmq4tt5agtu48d6d0rjmeuj50ycsxav53r,889806.0,p2tr,5,1
bc1p5myecydws728fe53wa4trnv8u5jh3kcaxjc9jsc8m8adwnqgcazsy0r8zy,889806.0,p2tr,9,1
bc1p5myupqcna9m5hkl6hupj4t608s5sts2tzjy7mf05twlhpqq0s5mqz0ackv,889806.0,p2tr,10,1
bc1p5myz74udz9e5tjch49fv0v42xrysxjeqwqstzjars43j8fkv2e0s4fqv03,889806.0,p2tr,17,1
bc1p5n2k8d00agu6kt0tj9va0fal094uhu38vgzh3kr4lrxehdsv79zqe4va85,889806.0,p2tr,17,1
bc1p5nsya6n5yte97z5qz3cmf8r9q6u43z5l8y53j9k5xacramdualtqm3jxnw,889806.0,p2tr,9,1
bc1p5nv7638c8h8rplkedrdrvzamygut8zmt3ene0gn22e3ma9vlgw3s6fqy36,889806.0,p2tr,9,1
bc1p5p5qtm0lrpen8qct0h0776pphhln0f2rkgd6sn3zqfq7wg282n7qdfker6,889806.0,p2tr,9,1
bc1p5pa4u00uuexdpneqp5rrpn4v8ge9tme8kckytp3an8gennavtdls9u26kk,889806.0,p2tr,5,1
bc1p5pawads5p3yh9362wet07sww35tzlsqvazw26h22jscgmfpunk8qvd3657,889806.0,p2tr,4,1
bc1p5pgugs8z92lj72954l07wr4xu3kmz2pq5s49qvw0ers4xspafu6qgjk357,889806.0,p2tr,9,1
bc1p5prf6tasm0v0x0lmfqa52rhcwme2ng79caeekzy74jwznk055tks076k6y,889806.0,p2tr,20,1
bc1p5pty54nh7l0nsafznlfvgrn99njmtnrth7mypw2xzv8ahntf9krsc965lw,889806.0,p2tr,5,1
bc1p5pvqa29qcfdr0mp7p7kwn8lu79meshlzpfvqhlptfqtg50lm9jnq99c5y5,889806.0,p2tr,6,1
bc1p5q2rstas0wff9vmxclkzu383v4a9xyamsac56qkdg7mun2g40vdqkw29q3,889806.0,p2tr,4,1
bc1p5qfzjcpfz7uydel02hyykv99tfd3npm4z3ufxq5u0teajkcqvfaqzmj6p5,889806.0,p2tr,4,1
bc1p5qmg62xj8uqdu7fgm8cp7cu45maf5nkv84mmwnl259wu7mry270qkdmqsv,889806.0,p2tr,59,1
bc1p5tfgfms33nej8muqena2n52jsnw45s9vum3fdeqrl9l4vz8ptgxq2yssf7,889806.0,p2tr,8,1
bc1p5tm5kzqpflhxkkzhl7x4f0nnfygp38hxz4erdq4ffhpqgmgket9s34fgdd,889806.0,p2tr,20,1
bc1p5tnuwll6j46vgdxjxf0tcywsks8qq7pfnfz5jsmza5txcvhdyefqqq4gc0,889806.0,p2tr,7,1
bc1p5tp0vuth2zavkmjpccjcdmx5j2ejc6rld6erfkt4j8zffyrlahcq63gvzy,889806.0,p2tr,4,1
bc1p5u40h3sefutu9vg3n9850u4vhw8nywa5u5hfhjld50vygux2th9qsz3fex,889806.0,p2tr,13,1
bc1p5uacdu6mwdr746j9crx40hmwjnwk3twfwgfm73l2l9at998347psuu8f94,889806.0,p2tr,11,1
bc1p5ukg0n5qdwmlgrnnmr4expenc4uvd3e909yw0zh44jadrtv7aqesdgsv65,889806.0,p2tr,10,1
bc1p5ulesazwqh9zqv39p78jlgt4mpwkl2xxd39d98c7grt3yxcg6rws4r3fs4,889806.0,p2tr,31,1
bc1p5unqrevxqn9tsyxh5f2zl40l6dc5zkeka0cahprjedajlmuyy0hqcgecsq,889806.0,p2tr,8,1
bc1p5v3u74qs5nae0stlsmsu05uyfe47ns06zlgqdvhkn9gnw4ujh3vq6dm4v7,889806.0,p2tr,114,1
bc1p5v7a93ww62432ecndfy5ksyjhsh0qumu3ac54nkr9xfv562fv4dqaa4jpm,889806.0,p2tr,4,1
bc1p5vea5tkx0rc49uma76rvu4rrmfnptxaxpyygevfvxjdc2vs6gl0qr5egun,889806.0,p2tr,25,1
bc1p5vy0tfnyjtwsg6w7fk20p5tt8e7y5cfs4z6hf7fk7xzpyvha9a2q596xf3,889806.0,p2tr,22,1
bc1p5w6dmhyjmh0g34x0ajzmykcefvm2rh0ygrs4djfpc5vk8xaj42eqkngxwq,889806.0,p2tr,8,1
bc1p5wgc78fs93d96ysuq4kaj6n3nkp6ws4jtclry6amuupce75p5ugq09r2u6,889806.0,p2tr,6,1
bc1p5wr24lp57jln86a5r9c2w6m58pqwjzjsxjfwklh3qnpv9zphsn6qwwgk2v,889806.0,p2tr,32,1
bc1p5wzmsz739tx7cpgjrjzavxa3d0gegwce2gmpwk5quh0xfdmz7v2svyrgeg,889806.0,p2tr,1116,1
bc1p5x03d5tryrrqpgkyxp090lygmh6jlxmfttpx8fd6lplkdn7yhcks32tlzp,889806.0,p2tr,8,1
bc1p5x4mnzxwy0e0yc0n3n2dknf56mgq86d8uqxz9zwfuw7crhx8w0fq7jf2mh,889806.0,p2tr,54,1
bc1p5xpkepwna8wvvgqwvvfz9n36krd3slh38dg5pn6xh09et9ha5nuqgnue70,889806.0,p2tr,34,1
bc1p5xqaxdxdz6zvussj8zcyqk9mggw6uxm46t0l57ajsgnrat45rtfqmc4mn4,889806.0,p2tr,15,1
bc1p5y03kd8epcgdds4rk5szatakezhn0wdrr042xp3ezwvdt5ud74dqa52yrx,889806.0,p2tr,8,1
bc1p5yd2vwzs0n5e8m57pljgfp303f4ltffwrjjruqzpzt6axy2nv5zqylgamc,889806.0,p2tr,8,1
bc1p5yd5ulj3jdap922yev3cl42m5hl74hcem63tcrvl9w0sxm8tkqdsgrewza,889806.0,p2tr,8,1
bc1p5ypu2mmqcq56jngjpxdeghrqk3u7tm7nc3sc7jksewtnu5s2qevsm9vy4y,889806.0,p2tr,22,1
bc1p5z0whfrj7e9np93k6eln424aazcqe0x08jlp5e5tdv3kgkxkeqmqw38970,889806.0,p2tr,11,1
bc1p5zaeq4uc69g2wn022yh7d4tyr4mj0gwsazkyjkjktuzpuat4lwzqjhnw5m,889806.0,p2tr,16,1
bc1p5zgwlzzgzyrucnfeeuacgnyzggp3ewqj9lukhldjz4pcsdp0en2q5xv449,889806.0,p2tr,9,1
bc1p5zhww63rdjaw8pk47hjvsllxztlcupkv86cvtdsvgw3c8hud9tnqakw0x9,889806.0,p2tr,14,1
bc1p5zk62l8sy5r9mayrfrd4l5dal677h9u2ghldfhqjh39v6gky7m4q0hjqcf,889806.0,p2tr,15,1
bc1p5zntudlw447kuqjn5y8juytkngw9s4aunaztluu88zhurwng6evqxyappg,889806.0,p2tr,7,1
bc1p5zsd5tgturfsppa7wy40xk82q6wpjfs2tzj9wsupk924mg904qss3qr4s5,889806.0,p2tr,8,1
bc1p5zyqnpf94enx76wvy5na2n0rzf5657hrppa0qqj5395akh8njgqshwhpu0,889806.0,p2tr,13,1
bc1p60fnq5mh5extf3xc0j6e9va0c9dcu2mnla097nm83gm4z02j7lfsud2t8w,889806.0,p2tr,10,1
bc1p60fz4yzwn4mgu24asq8hfzsjxhsn0c2f4f8euy0g8ac67tpxeg2sjzhysz,889806.0,p2tr,15,1
bc1p60pcpztn54v24gtel2ycpaal4q7kmky7m44s05x8vtkksp632dwqsczcre,889806.0,p2tr,9,1
bc1p60sugwdsd5e3xg9gnyh6hz2a4aazd4ttsf35y638ns6ukwy9q5csvx8px9,889806.0,p2tr,14,1
bc1p60tjwkga5hrt7fypzv42pmf9dq8jtwj4wqrk4u5yetm5cxawg38qrzs2xc,889806.0,p2tr,7,1
bc1p60vaenhvfjzu8663tmkua46k45xra6n8h04kqhyar0mpj5627tps9rj83r,889806.0,p2tr,22,1
bc1p628c6kqx8qda8ua9qrfxq5ah9t9p6dchfcvghxpfhfgrmtje0xcqnvdwxd,889806.0,p2tr,21,1
bc1p62a3py6fwvn2g3c63qgam984sycfnl6wntrsck9mny5yp7vk0r0s4kpl8w,889806.0,p2tr,9,1
bc1p62c37p600zpf8n20n4maye8pkc00h4ak8sjjul78lyl0kuv0n83que0m0m,889806.0,p2tr,11,1
bc1p62d7r0gdrvqjucwlcd9rmad4u45sl9m3l24agml9yg2alfksn77qwsxax3,889806.0,p2tr,16,1
bc1p62lzgj4stsse7378xkj5k4z7dm8au4nk4jtnquur7ea57hq0vl4qt97lfc,889806.0,p2tr,12,1
bc1p62u7y9nme3evy9y9k2qe56j67svmzjdrud3qjdggh755kr8q5haqx60u4w,889806.0,p2tr,10,1
bc1p62uxe0lmvvwn9p0ywm9qvdw35e4rfsu2zf62xagrxgmwvq8yjceqdv9x4k,889806.0,p2tr,11,1
bc1p63al0w28m6lzjxauucmkpc942kwljjldxy5h5aq6e3q48g4zghdq5lmr98,889806.0,p2tr,12,1
bc1p63cwpupzs9dvk9gs5hwcyk9jtvg9tk83umkhza7vj9ufcvgy9eus7p5c9l,889806.0,p2tr,4,1
bc1p63kx9ddc5c5n4equh5c2xnt2jjl0yfkafs2jyttx9tq4ede2639sy3w0js,889806.0,p2tr,13,1
bc1p63qj9ay0600ze6sxdpywe5qmq3jmpsnr3ds66ar7f82694wp7pgsnf2z50,889806.0,p2tr,37,1
bc1p63ua6yvjep57hkrzuvzcv3awmez2rtrcldxv8kkqmhycs2c2ddqshs7ryp,889806.0,p2tr,20,1
bc1p63ulxg9c0xyt9wjcxezpyxpklg6df8usqs69cwj364eudqu9anwskerkdv,889806.0,p2tr,26,1
bc1p63v5p67w4mtt03ds0rzmy2qxme6vkf5zwx5t9j6e7x7vnzu8t6esq9r5g2,889806.0,p2tr,31,1
bc1p644ya4zahp20urr9j2rp7getwa65dlf2lcexqsz2ndvuuxv9qg2qndrgv9,889806.0,p2tr,9,1
bc1p64f6h39ndmfnd8lnmcc7amt2ep2eg07vcydhegwtnjke72j2pzxqx72r4h,889806.0,p2tr,4,1
bc1p64ftq25uvltlg0s8my0v5dzf76tyjr4hy625xagw80qyaag2vxxqfmush9,889806.0,p2tr,16,1
bc1p64j9mfeus2cq5avuumvtnqhdtedplq5yx8f5ufnudvnzfukjn70sn563au,889806.0,p2tr,16,1
bc1p64k4rjg6kmllv55g5hn7v5la0wnc9q9xlm8znh7nf9ks79e78enqy0waej,889806.0,p2tr,11,1
bc1p64nglkquatdpl2kdm6jjdd8jcr364r6rn4l5y752p34ahej463gsjx47f0,889806.0,p2tr,18,1
bc1p64wp84fjepl07mzxsveegesdd4ynvw9etkx5y8kmujug09qh2evsyeplmv,889806.0,p2tr,157,1
bc1p6543l9a4my6xqulxxutt23fakpqukxttgwduxfukekv8susnwz8qpg4v9r,889806.0,p2tr,11,1
bc1p65f0xnztt9vfzw20ucxkxryfqjyh75w0zp52ku2ecqykufs0un2s8z47xg,889806.0,p2tr,8,1
bc1p65mmgxux086kaleq2ymh75ee3zpqyz92tjqsppp6vxnvj3lyuzqsltd8fn,889806.0,p2tr,10,1
bc1p660wx8yhgm4jk9wywlgd0nucsuvjqdplpsh2ysgx6dp3vd85xhusu5n8l4,889806.0,p2tr,8,1
bc1p660xp0gqdfv4xkcfkvwldzm0p2vjvtwqcdex37zykve9gd9lce9sc0m58x,889806.0,p2tr,9,1
bc1p66jf6c87wsgafxqm0kvtlsdgp9wwz9c7e9jkjnnvdfd908vx2qcqc47jrw,889806.0,p2tr,14,1
bc1p66l7kt35f6y6jnlau082n2k6g5ejep07kac4yfw8pxkkz5dgvefsen4lmu,889806.0,p2tr,12,1
bc1p66msuzkg84r837t27d5k7sxhmjlk0j4w3m0hdwgczddle84950lsa40q6d,889806.0,p2tr,14,1
bc1p672s52353dh44f0q6ugzkv0e4upm6geeesgpx3muv4l3ejtl9gns4qusff,889806.0,p2tr,11,1
bc1p67hdphl65fdhcc3dph5p4hejpxmqy9p46r06v4rmeggqw7lv23zs9r6zdt,889806.0,p2tr,6,1
bc1p67hwc4f0g25q6dl5etr857cwyewn36r4swarfra9ta5gpqzrf0es2f2vl3,889806.0,p2tr,9,1
bc1p67v24u8d83pzc4ewalseeuuhrxzdgyylgej8fhmtkyy4v4e9k3gqe8grj6,889806.0,p2tr,8,1
bc1p685cqma8a0xe45cymagu5nshj6apnt5d8rkncpdpklmr9m4uenpsdz8gyf,889806.0,p2tr,5,1
bc1p68egq66en4jzlj0nvc98v72acy303uy4qxqa0ryrcewhtzdh4c3sg3ln47,889806.0,p2tr,25,1
bc1p68ezzyjnp3ck79xp9pwja608nahlzk7s66s2leu57cpkvn8c2ttq9qkw9r,889806.0,p2tr,10,1
bc1p68jaw97xnhk8qyhykhfc2majrpuk69cq6wpl853wk9ggvwyrmrmqc9rcjx,889806.0,p2tr,9,1
bc1p68kyenwylm9ju85a8crl9hcrm70vj6u9jx78ux28d46namh2s6qqjyqmtm,889806.0,p2tr,8,1
bc1p68l5ujcgehh0yjmu04typfmx2gns8nxstw22f37rd9vjmhfc9pmseu230l,889806.0,p2tr,4,1
bc1p68nfct7yxxhlz8etwnqx9esfs0vg49jdwfc5ema5scucefc3paksykzarj,889806.0,p2tr,10,1
bc1p68rahq7lzugxqgk9z4xx4gxns9cenlw8cg2csfjr80yn45ls8ycs4d906x,889806.0,p2tr,13,1
bc1p692pqq7e68sxlvqwzr36xx0kfq5s58uxnfp8thdk9l97ckfghjzqw4hcx0,889806.0,p2tr,8,1
bc1p69n0tq2546gduecj3t68r3jmpvz27sg2msr5m0lvrsg4m2wkzepsjjaqyh,889806.0,p2tr,12,1
bc1p69vf8pzen876r7xtkarxaycprw6rsq4y46arnnjd7hjn8mfckdcscs3jse,889806.0,p2tr,15,1
bc1p69w45gfg7cjm3e7wh7nd0p9pc6kn00dx3z86u0sp38f5gk3zd0jsatwdu5,889806.0,p2tr,11,1
bc1p6aeardngxjxd7rmv2vwg94cfqppc0a8ldn5syqw0eejkxpctmcmsf48dxt,889806.0,p2tr,11,1
bc1p6ajw4zmxf6722z0q70fm7lral65f7fze7tsdn4gedu2tjj206l8sajeh2l,889806.0,p2tr,8,1
bc1p6akj7wq6stdgqa9aeae8mfc0a0qwl9h43ysz98jpx0322zlf2wrs4f6n9y,889806.0,p2tr,7,1
bc1p6al4r8na6qs5kvgc7zmqhkrsy845uynt5zc57sdn4w2hm0utecnq5gaazm,889806.0,p2tr,114,1
bc1p6aq2hmj06tcwqme2nh99vz25pacy2983havfuj7xdh7aftv6arnqm58lh8,889806.0,p2tr,15,1
bc1p6ay8g93p3jwajrh6eq3egf3csw6cyjz4ewfwg3lf4peqhtccsdjq7clzfa,889806.0,p2tr,17,1
bc1p6c00k4dz5utt4de87qzpllrs0tez84ef4tjjl0n4wr64qjgtl2yqwc7w5v,889806.0,p2tr,12,1
bc1p6c34ukrp4qdw28s7ghk5r9lq6d9vmds8fl24y0ctamnxjgaeth5s3zazvs,889806.0,p2tr,74,1
bc1p6c3z9amths0nkxlc9qvhun0ywcetwl99ruchaavtu3c075qrnwuqzdzn2t,889806.0,p2tr,8,1
bc1p6ca2wxm0hvr0qyufe7qvg30wd99rjphp5s4xgupmtua0t6a4rzhsean9lh,889806.0,p2tr,10,1
bc1p6cthzm5yjydwe2w2u6p3h9ykeqv6p9v32t8nldptk93emwxveeespyj7ye,889806.0,p2tr,9,1
bc1p6d980hdsrdu64twzmywszxys30gg5cggvgpxne6v5w2fqlyxwy7q5dnctc,889806.0,p2tr,8,1
bc1p6dc967az8f0s26ezvxr4p8j8edll73q6dqafchfjckegn4av0auqc3jam7,889806.0,p2tr,8,1
bc1p6dtuzdwuctglqfcr9wfg39ekgz2j00ga4vzqcezzgnacrsj9k0ss5vrcfy,889806.0,p2tr,10,1
bc1p6dv2klac79gra3x0d72yqgxk5qxtpzaydtrt3ucn4jrf7cy6rhzshra5pq,889806.0,p2tr,22,1
bc1p6e70d2z2etwcf5ehtfkn5wv3sx0tg4axr4se0x845s966738j62q6yk0ct,889806.0,p2tr,20,1
bc1p6edzntgkdlnd5jkmtx8hn44lhljpjmmxjhe4gxetpvjkqaax5t4stwkvna,889806.0,p2tr,12,1
bc1p6ehk5qepc57r5vpcw2lq77ytke9uzf4zp80mv6y3k07el0vuxnuqevqh69,889806.0,p2tr,5,1
bc1p6erqxma93qffw59lk8dy07sycu7d5zyvadlepkpxnl9j7gjnrjns5gzzz4,889806.0,p2tr,5,1
bc1p6etx6e2j96dfuzxdycnumhmnpxym37u9j7k44elv6kz894wekf4qfux30v,889806.0,p2tr,22,1
bc1p6eupkuhch9ahkv0spxq7qlrf584c6w9t64fgvwd3x2p40x4wf8nq9uhp7c,889806.0,p2tr,12,1
bc1p6ey0h5x9n88gzz8pgh9mml7scwcuhrjeag00pyk5pmhu4xcft85s9nk4kd,889806.0,p2tr,4,1
bc1p6f0gf7v0ry8l3yh3aanxfln705yemfn5qnd3rqzwp2vdy2rjkptsr4v0pj,889806.0,p2tr,15,1
bc1p6frt48rzd6kws6kegcuylk7quw5gpcynyxuqhhmd42q57guxk4qqavpe2k,889806.0,p2tr,8,1
bc1p6g8vkdcee8c2pzdfc675lt7w67jpkdteugw8wjyk7t774yad4hjsnvu2vz,889806.0,p2tr,15,1
bc1p6gepcvel8zftxt6dy6zjscgfnjs6fagmjtavqxamuqmlnqfgen5qhdlg48,889806.0,p2tr,10,1
bc1p6gq8ydjqxf9y8ruakkl8nntu0xfgx4kpdzzj8rf40dl2tw094reqa8l6y3,889806.0,p2tr,24,1
bc1p6gq954nc7vgvtfavsnkvdrh65672xf05w79hjmsfdqh3q8njc8qqmjmd5l,889806.0,p2tr,28,1
bc1p6gsz5s76vaehx475vfmfql02dx6u8ue63sjq40m04dnffpr6ujwssjmha5,889806.0,p2tr,9,1
bc1p6gvk0wfyg2s25qe33mzu7cstfjzaxtvs22wsjlw73wnm4zz6p0mqhn59nf,889806.0,p2tr,10,1
bc1p6hky70t37ltv06es6arwqrpyk7gugjhwp8eg850faseg9hq5celqk6jch7,889806.0,p2tr,27,1
bc1p6hre4cr6mqdfuxaftdy2hquck46fhjlezk6uf4exl628zkyzlrnqvhvc6r,889806.0,p2tr,4,1
bc1p6htqlac38d9n4eyvsjcmjw5muj3cmycjuglxlxqf85unxy9kdvxsc60usk,889806.0,p2tr,12,1
bc1p6hwyj6uyekqveutt64nyun5vh7vfnvmm89jzuaeyzakcggdjj5hqpz5w5s,889806.0,p2tr,18,1
bc1p6j4c2fjaszv0ytdjvpuhgk204yz7jvnlpnqwg7zvqjuljqlxvpls0dc3h8,889806.0,p2tr,7,1
bc1p6jf97vnl3se3hleklmasf36rnqjc8uxzl9pcuyc7zm2f3m3z096smazfzh,889806.0,p2tr,16,1
bc1p6jkgltsmsr6ynfm8km4ls58kdkygsqv9wvafxcscs9ezmmazq97s6jrssg,889806.0,p2tr,18,1
bc1p6jmzt0dcsu2l6tqh6p3fzuqlkst8spnhlf43dtd8mrv2ul7we25sqacvg9,889806.0,p2tr,15,1
bc1p6jr766tu2j2d2fgu9dtyecmjzmecp8htc83ld2e04n24ga2vv33svnk3jg,889806.0,p2tr,11,1
bc1p6js8435dyuwmnpmhc6scldywap8wdd2tgy8n6cp8wz93zq3x44zq4np0fu,889806.0,p2tr,41,1
bc1p6kjnazpsrp3sufuv000n3cd9pncryrht3t2mq5kcnjpkpc2a6cvqhzuwcy,889806.0,p2tr,30,1
bc1ppk8p8nj2ctmkk6ztnfkqvh3sapgg7ryyaz4c8j5hkpk64u6m85jspzepuj,889806.0,p2tr,51,1
bc1ppk9raje9dv05jr8kz9x8ayuu5uu7mdlrs7wxttfj4acvr8r7nazqzfnews,889806.0,p2tr,13,1
bc1ppkh5nqqzphnkl02puee6x04gvz8ez9at6w0h5ec7fs0r2ts8t5cs3kvhld,889806.0,p2tr,9,1
bc1ppkh948mktph5n9h7sa4ng3r02egg7e44vz44vwmm6urn6dr0u7uqk38cgw,889806.0,p2tr,22,1
bc1ppkrj2s4t4wztzjuqu3xer2k60cm04rv4hs0txyree20vkmfzen9sxrt8fm,889806.0,p2tr,19,1
bc1ppl7h9cv6nmss6jdetemt252cm8aahpmuzh28ga7c78du83gvgvasrue0r9,889806.0,p2tr,9,1
bc1ppld8cmtsxcmfusysth5hdqmzf74hpw5drhhgzwg8emlvmymlkzfsyk4r4p,889806.0,p2tr,14,1
bc1ppldhw06h97870zdvjh6tzkqa9uq63qr85ayej52lcazpktht2mfq3ju2xu,889806.0,p2tr,7,1
bc1pplpfp4yz68jtyt2rtrfu3rfsvgr5ct2eahpxhyvfm3pg524ssvlqwp0laz,889806.0,p2tr,23,1
bc1pplv4nuek8234adwn8atsa7dvy8dw77xups95kgszcce6w0ep6u7sxlwduy,889806.0,p2tr,11,1
bc1pplxvs6wvk0thdqlzes3pf5jcqkrylskv6h4w28dp5p8fcuand5lqt2der4,889806.0,p2tr,30,1
bc1pply7j732gac9rcgmecqcvpa8cwnnl7gd7mdjeqaw0dlxelxxmu2srrmem7,889806.0,p2tr,4,1
bc1pplzfnp77xckg9v0nyucynhhpdrds8j3h9jft0snunvqpa7wxdxzq9m6z7l,889806.0,p2tr,8,1
bc1ppm60fpecuwf6j5fd3axv7ztvtxm272nrfmhxqqdv93u4aaweljvs28lrgf,889806.0,p2tr,9,1
bc1ppm8s580zjckxpnn0a2jrvqj4d92tn3dxhxsv660emkdng2t6qgkspcz2le,889806.0,p2tr,5,1
bc1ppm99fc9pua6gm2f83vzutwm6aa7q2p9jqwggt5uvc3qeqj08rffqwnqd0e,889806.0,p2tr,11,1
bc1ppmlpe70cuzlmagc6kheaf3m026vuc44x7wq9ggasryu9pkghflnsc4lz6w,889806.0,p2tr,10,1
bc1ppmp6cjq3trur55kxfthnzxf2hrlfsstxchzh43mkgfyr5jv4f7vqlcputh,889806.0,p2tr,465,1
bc1ppn3d0u6vzxdt9y9l5kxarupjgvk92wkcagl0g7p5turgqm72jp8qsfjnnz,889806.0,p2tr,40,1
bc1ppn8cgcw0utd3uma0arz4v03drekdupl38pv5lvy6mgm7ktmst3mqj3cary,889806.0,p2tr,12,1
bc1ppn9a62nvg8nuqpamg6ewfxtmy38peej2z73qtdsrygwya4ycg0uq5ld23l,889806.0,p2tr,14,1
bc1ppngxe3t7ppp4n7dd3r87xe3m3zuj9jul72kp6rwyk972g07wer5s7cu7jd,889806.0,p2tr,8,1
bc1ppnh56tuxgdywtjpgamelrgj35zk7xn7tp20l24gerxsptecur5vskud90j,889806.0,p2tr,4,1
bc1ppnl73zumcdr2plqu9nwkxaz974wmv7wm6easeu9yzag3yzka2m4qadyncx,889806.0,p2tr,9,1
bc1ppnmlthlj6ywx3hp93vhg3lcuuqynhrcp6vvh3u2ver00lzug98xsupfvk2,889806.0,p2tr,26,1
bc1ppnqv7krwhm2a26p3tdv9pzwgfveqkrp60um6hxaf63vqxsrlhwwq4d3up6,889806.0,p2tr,11,1
bc1ppp5kkr9puf9qynuxnye58wys8vk470z4unx92dj9388hyd7zwqksm6qqpp,889806.0,p2tr,8,1
bc1pppawkxxer67amr8w7sgaaeyg65c722qlmr87d25fmyjue5mxmeqquyps6t,889806.0,p2tr,11,1
bc1pppekzwsupqnsm6mdlrqs6dpqzmkr5cmz85qy6advwndmlnn84q2qe7uwvm,889806.0,p2tr,21,1
bc1pppwa23ez6zfz23f7s2aaxxtqsgq47nu57hvs8rcd24rgn8akntwsdzhufc,889806.0,p2tr,5,1
bc1pppyw42lx405kjj3kqs4ze48qjwrr4wuz3nu893fntglk8hpe33lsaz6s22,889806.0,p2tr,4,1
bc1ppq0kp58fv68secygyvjnanrs0lehemngl66aea0sthtxt6hjacjsnh6wtn,889806.0,p2tr,19,1
bc1ppq9ak3w7vdrls9km7lse2qe3xfel6ffdtzhvkx8jv25nekvflagqphksx9,889806.0,p2tr,92,1
bc1ppqd6u0yhes8rl3nnvf7pzggvzfc5yqnwgumga52e0ku0erjc2vxqzpthdw,889806.0,p2tr,4,1
bc1ppqu8km4lc8rgpdukzcxt0h2jn88hc63wx5rwlqp6nd8062r5ak4s6mpq5v,889806.0,p2tr,9,1
bc1ppqw0esced7z9j5zm8v3e37js6u2k8kehcd5yr7ytw49zz2933u4qltdqjr,889806.0,p2tr,14,1
bc1ppqxrpszmdt9tce6eh608wcdtx588seqmjz0e54khzamyaa0dkjgqr46yul,889806.0,p2tr,4,1
bc1pprx7a2j9yr0ys45wpxc5cs2sn9djzwk9jsyhrhuapergkx0s8efqh5xlsz,889806.0,p2tr,15,1
bc1pprx7qczqt47zey65ku3543n0jjg2vyu5npyr29uwjlvass9ru9pstv0gqe,889806.0,p2tr,9,1
bc1pps043n6rtwu7u2kj5uwswp07twvdz2j0ferwhtadjm0jqptm97rsnha368,889806.0,p2tr,28,1
bc1pps6e6wwvqz90fw0y5tpw55p33amha2q8d5554cmptuk6am3hffcqrw645m,889806.0,p2tr,11,1
bc1ppse9hltvdmr038u6xtze9hftecew95pp0l3nzk2ucd5fhcskq77s8mwuhc,889806.0,p2tr,10,1
bc1ppsh73vu0mydvsem5cwap37x6y2gstegg96mvu0sm8mh33n545a6sf2ymy0,889806.0,p2tr,4,1
bc1ppshk3c7sstck7ur32w798677ckuvd5upg7yuqedmcydsfyeg4kksf8kxtu,889806.0,p2tr,23,1
bc1ppsz7r7pdzsn5ez6gx9cq8jqk0w37dz9fq907vc59e8ezrcs5kwpsl48ne4,889806.0,p2tr,9,1
bc1ppt6swv330q5ldhds4elx9gxcsqk0wgs4f3chcvvp9qkqcdgzup4qf6rrm0,889806.0,p2tr,7,1
bc1ppt7ayqqx38akv45ut2t3ypg89fm64dm6jlp8uuj92lhqjkkmhl7q3h67v8,889806.0,p2tr,8,1
bc1ppukdrlxkm9lf6kcsfnw3ckwmjc7pnlqn0729m09cf6jv0jsecqgq42dny6,889806.0,p2tr,17,1
bc1ppun3mg0s0y62efy234hev0j69lpp3gla6trmqd87t0pdfu50zgjsvp0eqh,889806.0,p2tr,23,1
bc1ppuzlwmajdnqga9ewcgw6myutl9h0hewj8t8w7qz8cs3m4n2dcj0skjuddm,889806.0,p2tr,43,1
bc1ppvchyze5rhywtpxuv52qz4qjrz3wqlcldqa28vqjaaggxv9tkm0s550xtr,889806.0,p2tr,6,1
bc1ppvjxrs5apm9aj9vrktv8dzlvqjdajgym5y8qush9y5qdup5hk0vssguzdf,889806.0,p2tr,28,1
bc1ppvun0vz5uw3yy78r3ut7l94waw3xvc934tgcmwr3w8737a29erdsmynet9,889806.0,p2tr,11,1
bc1ppvyue65ssgkl52fsu0xhdu93rg27hgh5yxsr9g0e3je3zr4rn6gs2v7zkv,889806.0,p2tr,17,1
bc1ppw8reg67n6yt3qe7frl6nlntn3cd5gg0kdg9q8u2zxas886rpexqfgc0yq,889806.0,p2tr,12,1
bc1ppwcxdvhm6p5gqhnq6twe07ur4ws3gsk4z0ueyzdyqlmrscx3qe7s63gs4m,889806.0,p2tr,18,1
bc1ppwvfzsjy4dzfh4vsektqmgzczqysy0mjg696xllt42uh0au9prjq84dn6d,889806.0,p2tr,10,1
bc1ppx24gqfc37yere78ssja28ahj4y503ky8jm5sm9wy8g74ewflrwqgvt7ra,889806.0,p2tr,8,1
bc1ppx287z2a7zqkvqfa6ca2zzf3h4aakxqqwn208erffqtvgjsnyzcqx5ggvg,889806.0,p2tr,13,1
bc1ppxnnwr8cuw09650g8e85estcuz99ddj8d4jj2z0j0480ve8356kswfl987,889806.0,p2tr,21,1
bc1ppxp0q3p8pwhv5nfjqwxxaegv9q245vsvfa667tc5dl0hzu5tax4qex7g0j,889806.0,p2tr,10,1
bc1ppxxkn03hshf6z8lf3hw25nj7g3tzlj7yvkcmnk38gm0yfrs5zurqhzm69p,889806.0,p2tr,24,1
bc1ppy09fe9jy39hz3r35l8jvxnfsl8sfdv8ylhkhlm95glw5a96v5aqrnaznw,889806.0,p2tr,11,1
bc1ppy2d79kffv9j8p5y87ha65hl6qlutl42l4ud8hfe6w2slvqhs4tsvk0wcl,889806.0,p2tr,24,1
bc1ppyc0v8sthne2ht2cqcxnjdd8wepua6xmg5n4ptsk9h2lufcyvw7q4aeh9q,889806.0,p2tr,16,1
bc1ppydewvzu2xmu3xavqal3523s3y2w8wwkm6ey0zc8fshsdz0evc5s22z8up,889806.0,p2tr,17,1
bc1ppyln999984367r5jgrzkhlr6sjkfp3mpuusmdeawrg03lenrdg4seqdq2g,889806.0,p2tr,11,1
bc1ppyn08trsxzn9hnp8rm7x6xp4qhdrg8ny4h44aj23cnmmtjfra7vqq8n4ef,889806.0,p2tr,10,1
bc1ppyv4urmuy6jk5ytte4hf6zvcsdqpz68kj07ka9mykafgemqztvas9lc5us,889806.0,p2tr,6,1
bc1ppyycr7962ssgxj73qxzm3yfhw378thdw2c8rqk0v35ws99altyxqdsdfef,889806.0,p2tr,17,1
bc1ppzgzdth8f06s948dmf8ymgz5q47up3n9msdp7txyaqkyeyw8vcfsqcy32y,889806.0,p2tr,15,1
bc1ppzl0reglqvchv7vqcljq0cy805vgx2sydld6h5w4v8khmhzz0qgq236tpl,889806.0,p2tr,9,1
bc1ppzs2mdn85g9703h82h4j2jr4ms7fynw2y6hkplxlnmmndtzwvvgqa8ryjp,889806.0,p2tr,29,1
bc1pq029ss5qfg3w9x8333yynfvsu64sy6a2zr8vw62um4l7cgcxwxjqejdw23,889806.0,p2tr,16,1
bc1pq055npp52mvuzjfdh8hsw9jh5v557kzhunfe44usv6v3elz5eqsq2xkxhx,889806.0,p2tr,14,1
bc1pq0df6gsd4uryhkfeepa8p6hvlxuaefz376m2xs7qctt4rmwxxecs67c7ch,889806.0,p2tr,14,1
bc1pq0ls9vvgqpr0plpey82csrv3nctgyunfg99dl37q025gnqhf5mfswkfx3n,889806.0,p2tr,9,1
bc1pq0wz686xj7tzgkf3acty93wug6mk0g63nqdjzacj3zl360n0h9vqm9j3pp,889806.0,p2tr,13,1
bc1pq0zy58zs3xlkee55lcljh8he2h6ecxt0l2w9laxtqdxn4r8h5azsh6kfl5,889806.0,p2tr,49,1
bc1pq22a8wc7rcxdfgeutuacv7zqv4hm20pvc5n60kevdqyad5d6rqns36d38y,889806.0,p2tr,11,1
bc1pq23kjj3f5qsz764qqvm92jngs9sxsd93j2k389qlzqtc54dtpt8semujhq,889806.0,p2tr,11,1
bc1pq246vv5e97ps83dy5zzu723r04reyn85lrl4v5tzsf88mc6m5ztqrxfvgc,889806.0,p2tr,5,1
bc1pq25ngpd963z62zysszx4hje34xhxrg8p7z7h5hf4xynge3utfhpqhrqk2g,889806.0,p2tr,46,1
bc1pq27hr605uhfrn80ruexc233dntacujywtq9qx7sz4ez4h6u07aksgcnmrr,889806.0,p2tr,9,1
bc1pq28a7n46p9lc3phrhs990lkmw50zdxg3wfkurgneskhm5tcffhpss4d5zv,889806.0,p2tr,8,1
bc1pq2gsn5hf9ywljylk8p28r7e9prutmuqsw2pdmuqu2s27qznulpcq4qxmtt,889806.0,p2tr,9,1
bc1pq2nvngtcs6m6pe8mdalxkychpy3kkf4enqu5cdjlt0luh7pkzgfslvx8u6,889806.0,p2tr,9,1
bc1pq30zgmcjhmccx9w3ahqakyxgqxrqpr6gtw6czgtwhzhfxe6x3utqrzm2um,889806.0,p2tr,10,1
bc1pq33jvtwu0yxd8wnsxhnavdsu0qdurlnlephxduy8sv4htavtqqlq994yrs,889806.0,p2tr,22,1
bc1pq3txmmaqlj0va97jdldteyh8eyh65z6qfy86heqhlud6rm6zl6nqq67ku2,889806.0,p2tr,16,1
bc1pq43hge0rffjvj5mmfqjx0dkdf3hxeg0lujdtdkcnm8tl6alh6sls3llnfz,889806.0,p2tr,8,1
bc1pq4cps8xua5hvjscyh8dp0vjgdj0w637lgwym29v2qtsdmj9a0z8q3ft3am,889806.0,p2tr,12,1
bc1pq4q5837ng7feex96du3qzek7cgaktsg6p8eqwpa9z38ez7muptmqz0q593,889806.0,p2tr,8,1
bc1pq4qn5p04ufmzppp9vpu6lkc2ajuunrerc0l2rvwj3wvy9aqx3vrqm8vuue,889806.0,p2tr,9,1
bc1pq4rm653z728m6n7xn9mdnvxuvawej9470unjyt6tv7eeaamvv57smj7ex0,889806.0,p2tr,15,1
bc1pq5djp8cpmytsvgs7hq0fhs9nwm8rgcumwzqyt8h8u8l486qhsfmqh88cf7,889806.0,p2tr,16,1
bc1pq5h7a8dzhc9wyv9py84jxzl0wn4gttuwlzefcyzmyzncmn2y2ykq4335ec,889806.0,p2tr,9,1
bc1pq5hxfd5q098xndx76l5hdax2lr4c06pfpmv84jp7aa8palmqqtgs83hhsn,889806.0,p2tr,17,1
bc1pq5j2jslcu2rxhzkmkyp9t0xdxpqplq0r9svtk7vwntx4gs2k8w8q2d3y52,889806.0,p2tr,10,1
bc1pq5jta97gpx5fvrd8epqfqlns9efpuytkdsgncjvvwldpa7xsaqysrjecxt,889806.0,p2tr,9,1
bc1pq5m7w3zvut2k57s8e55anv8q3jky3mxmuvtvlfqxdwmv64ak36jq2xk97w,889806.0,p2tr,96,1
bc1pq5rvcj2l9pwf3nwc897370amfeh9hle93k054237nrc4324fq07sqqurej,889806.0,p2tr,9,1
bc1pq5tyw90ly9gj8p9cpd4qhmqmj2f6d3vzxca9nrasn22gazgyl46qafnpcu,889806.0,p2tr,12,1
bc1pq639f4an2yxdj6wagnqmfzs8cgy2n279yyvld92q09wsjhkmjkgscdd773,889806.0,p2tr,4,1
bc1pq66qfn2chrzd2esshl8fnqrrsjzgd4h7muh8sqt70zhlkslp8susmdclay,889806.0,p2tr,8,1
bc1pq6xlrc34ffup256z3g792xdxqx954yaa7lz9sdhl3pdn8caml79ss3xrrq,889806.0,p2tr,8,1
bc1pq7lhdpym7e47mdf0m5fs7uu4sjsef24hqs99m28j5rx5qawawp5skfkgvn,889806.0,p2tr,15,1
bc1pq7uzjr7uw4v8c9kgaaxu9u90tn24zzspcua4kw872w4eemcw83rs4dmcs5,889806.0,p2tr,12,1
bc1pq7vpypk3928a23km3pfmz9fes06twjx7h3e7vkjqwwz9p97peacqsjwax8,889806.0,p2tr,15,1
bc1pq82p7ue8h52d037uttrx2sjpfyvys7w7xndn8mn43l3xxwjgv9sq9n5fy9,889806.0,p2tr,14,1
bc1pq82z4jr7esdpd9hl6wh4fkyejtvwxdmn9sqvk4256a9r3ler289stppm9y,889806.0,p2tr,24,1
bc1pq86hes9un03a9wmjyu3dk7pvfvcwkv7m397xd3n6hjvjq5p2a8wqt5stcn,889806.0,p2tr,22,1
bc1pq8d5uc2r4nc5z7uz356ks05e5ppf5zrff3sxv2kdqz5c4lje9scqacd9m5,889806.0,p2tr,7,1
bc1pq8m7c3jgrw8579kl9253mncpzss4l4xyxy854jk66kqx5xpw0fwqp48z0s,889806.0,p2tr,8,1
bc1pq8mar07xzum3s8786v5tq9guwgza34hhrxelepfkp2kh06g5wklqek9jxu,889806.0,p2tr,6,1
bc1pq8nzh0ydsvpy0ac94z4wjr5rkl9dgfx9080dpec3m22vf7p9pk7q6rcv6c,889806.0,p2tr,13,1
bc1pq9erfasdnav8u6p8twn426jhuwhpkyczdhctgvukv626mvmvms5s37mzrl,889806.0,p2tr,32,1
bc1pq9y5n9slqtt03x6nm642vahlh23p008lm5skgxxg8qgclaj996cs4gnyrd,889806.0,p2tr,12,1
bc1pqa7klcfzv95dv3e6sv5dqdja03ttjuaucg25ravwskyuxe33jlms9ahxxv,889806.0,p2tr,13,1
bc1pqae5k66eyceup92rghcxt89qpxfdhfj5a2gd9zw0n8drj5d0gshqwr3n05,889806.0,p2tr,15,1
bc1pqasdhrzgq2w7p2akyc0f7jrw9qtzhz8lzkwfvna59wpx9skrqlnqsqnym9,889806.0,p2tr,14,1
bc1pqawdn8zz7mwr3dj0y386svg8mp9xdkl4hk00qj7y4fln8rdajmnsus5j5y,889806.0,p2tr,27,1
bc1pqc9qzf9zga40avedzm5vefvapryhr4j7rrnsmqqe9xj08ft98ywq34t3e3,889806.0,p2tr,8,1
bc1pqcq7vt48h4xphtrquyv93sykr8vs67n8rsuexsx57ru8s6xnhe9s4ejpdz,889806.0,p2tr,15,1
bc1pqcx9zv427sqequefkpx2za2tf99nal3mag36644hhuxsxe0hjczqmrqnxe,889806.0,p2tr,12,1
bc1pqd2u7dpv8a8un23eaxa4m7ejspf6dpyjw4el32y72vykcm8gt60sf8d5pz,889806.0,p2tr,10,1
bc1pqd5fw4dv9fsl9mdrtu3zmnylh0y8twqq7xydr0xpwlmqualk9tws8kv0pa,889806.0,p2tr,10,1
bc1pqe5xjydzuktjjfsat40ef6jg8ugw97l5hwpqlaw7xzrr24zq0eas06ss55,889806.0,p2tr,23,1
bc1pqeg7ay8e6rjxf9aexzxm2j37ny6h6pny7vhjwghd9wqe5zhnzvuqun0fuv,889806.0,p2tr,8,1
bc1pqen4t5qczt6le9anuph92gge6ruegyy3m2s7ul7fwx2tafzn53zsxy587h,889806.0,p2tr,18,1
bc1pqez6qmkr76nnkmqwamvnpk0r5xx40ed3nzavvkrclp63z4z5u4pqw099aa,889806.0,p2tr,10,1
bc1pqfk38jd0x4z2svfl6ewypcy4gvsd23qx5lqr6haahpt9e6kxhyeq602zw2,889806.0,p2tr,15,1
bc1pqfpm7zfaq540tnccucpf3qhpj7kvr5u5elvvk4sc6u3jyct00rps2eam92,889806.0,p2tr,13,1
bc1pqgcf4az38dzmhupqxt5ekeh6q8hl6l30w7uzmxwd34em0q3gauyqcu4s54,889806.0,p2tr,44,1
bc1pqgk58ehzupcn0nfskxgmjaf6jcf08ptpgvjvvwsvj4py8na6k66q9089q7,889806.0,p2tr,18,1
bc1pqgzex936hddkwwpfkazv6dmty50jr330cupht62e9ka5rk8ftnnqdl8hg9,889806.0,p2tr,25,1
bc1pqh8mumuhfx6ssc6cma6k5kmsfspnq6z64v93dwvycx4hld80guls6r0me3,889806.0,p2tr,26,1
bc1pqhfsxh2v3m0a66wryw2ew72crhs9dpah9m52vvz65qarj8yf7ptqksam7e,889806.0,p2tr,26,1
bc1pqhgt6pqhfqqyngd0jxgnmq4kvysx4mwchf9tuf7d6s6xhc05lvxs0532y3,889806.0,p2tr,12,1
bc1pqhjkk3jfzwcxm933rar4qjre9prm23727w9e8qeup6dqgemum5pqge52mp,889806.0,p2tr,10,1
bc1pqhvzm5s4jc32k3s62v5y53rnmap8ezhqexcsn54sxnw9nyu5n45qu6fhj6,889806.0,p2tr,17,1
bc1pqj9a22a5xqp7kfcggemafhnwe7p9hytp25pkgutjekv0wjck8ayqyzhjun,889806.0,p2tr,20,1
bc1pqjeedfm5jx5h5rlez8uk303j0wu72d7r5x7yy82856tt9urkzawqcqd7w9,889806.0,p2tr,4,1
bc1pqjm7s6lhnxjd7k7ku6wzxfka4ut6vertqtsl27fclj7qcg5dxncqrthl0f,889806.0,p2tr,6,1
bc1pqjp4r5hjjg5l0d2669t7s94wz6fycpnrdua5gz0nw3x464tx8wgs3952pm,889806.0,p2tr,4,1
bc1pqjr3cwnc2es8y7xd2xa87xhztmte4msj6jd5vasd6ndaxxlacppsupepwg,889806.0,p2tr,12,1
bc1pqk75n0k090t2myl5azwqg97v2p5ntxfsj3k2m22kqu0q5r3nmnrsmfchvn,889806.0,p2tr,55,1
bc1pqkcjvx8z02udyxgwcyrcnrzeusp06z5aqfwhz9qkd5qfpp8chh7syw8kaj,889806.0,p2tr,5,1
bc1pqkqhzsmm0raacp8zcxj5eu4h7stadnw5yr4p5gqujxadjujmwuqq3jajqn,889806.0,p2tr,18,1
bc1pqksuy656geek3g5elp37rvav63t9dj33umuv94ptjar7ypx3r7pql8yhxa,889806.0,p2tr,89,1
bc1pql79rae4gx6pgkzkc497xfklxpu2v9tqwl5dr7p5t8yzlz9aayssesy0ak,889806.0,p2tr,45,1
bc1pqlh2n54234adkjlv0fcl72eemkfa36qqyc8ujty6va5fuu64wvcspt3e4e,889806.0,p2tr,7,1
bc1pqlnsaulwmeywsver0gptz2d63ghw4pyrh8dk38wjxa4x4m9uf7ksss25e7,889806.0,p2tr,19,1
bc1pqlvthm5ap5cqpp0kwaz0u7q0krf27pk2ncd2r7jmrey39gj246nq3urmhc,889806.0,p2tr,35,1
bc1pqlwlrcdgx8eez0wta9h0wjr0tfl3wcmnj3k0jxjyt28l30ml8enqsnw7fd,889806.0,p2tr,14,1
bc1pqm0pq04hc8kktlpd0fejskxxdkan2deapq4vexq42adm4ahm2zesf7x4pk,889806.0,p2tr,9,1
bc1pqm4nndfneedeg3ztqttnuergmghs42gkwxal43rrs0rcnnnaaaaqucgdke,889806.0,p2tr,14,1
bc1pqm8aq74t8uh72cglvef0uykvc2jg93p4n9xkdyxa9m49vl38lewsvnsuls,889806.0,p2tr,23,1
bc1pqmdw6w7gxvkalzr536w9rls9g5w8k6k3v783wpf2f504t6mwkv7qld55pz,889806.0,p2tr,29,1
bc1pqmgc3rf4dncrkhhw9gs9jf3zkfc89gvvxtuvdt7yjh0f4644aqcsjnxm3a,889806.0,p2tr,10,1
bc1pqmm6t3g6259qgt5ayzlnun8px5nvlv4j5zhkfq37qsall4h502pstltzcy,889806.0,p2tr,12,1
bc1pqmw4dfzlp07uh40s5tzleu2yj39nak6p8tct5dn3e5pa5cwg0muqu0feq9,889806.0,p2tr,54,1
bc1pqn38lz7z6nznql8s2xv3awcshy0v2yfv2xnka2plmgfx6vzksfds4pt4zp,889806.0,p2tr,512,1
bc1pqn7p5eyp47pfztyu7gul85dlz82f0p6deyc9w5jgyvnd7e22dy8sw876rj,889806.0,p2tr,10,1
bc1pqn8xnk4dyyhsmj0nfkwdfw42erq27ve664kyypuudkk6uha3y35q93zeaa,889806.0,p2tr,20,1
bc1pqn90tngvh759pawjkwws78740zz9kdgu7j3xcx6ynh0ayl2pnkfs3lvm5l,889806.0,p2tr,17,1
bc1pqna6x5xklaha22crhuu2qn3algsan2kkzg2xp452suqzm7dncmpqzeuhr2,889806.0,p2tr,8,1
bc1pqnd6nqfgsgg4lyx2x0j5a8ph0v9k74mkkx222laryjfycxaf42lqyetdnf,889806.0,p2tr,39,1
bc1pqnfx9z5fna0x6fa3d2yu7ysy435kx9mppwc0r06xaq468qfvsheqhjzqph,889806.0,p2tr,14,1
bc1pqnm832rl2s7ruqdvlmpxpjkcpfmh3nt0gvclsdze7zdm4evnk8kq70r4ne,889806.0,p2tr,59,1
bc1pqnwgyreey0r63866fljpt73kega2s3395mysvkwes96tvzs2qupqa76sav,889806.0,p2tr,11,1
bc1pqp3rteqdl29ummjuujwn7pfgwtn9dsn83yws8jzxuar0zhjac5yq0pxwam,889806.0,p2tr,13,1
bc1pqp4w9jcc37z77qxjcmalvjvt4jaghhzvfljevx60kdp0cr7n8e8sywjlsp,889806.0,p2tr,19,1
bc1pqp7zrkhmql9l5x9upsd9rjs2j5vuv5zc2muacnd73qx86s8hnctsg2hnre,889806.0,p2tr,11,1
bc1pqpf7yxrctpcpdmj67lpd857zjfnen3q5jlw68qntpfqzg78p6kaq3p5th2,889806.0,p2tr,8,1
bc1pqppq829mmlpf7pw6ew6j247vgl4uk36zcv6xe475t9svcunvs80qul478e,889806.0,p2tr,20,1
bc1pqpqs9hw9xeeezgwy3kjexhj8mjfs25n209v7sjjpv6fzjgdhn7ds023w8j,889806.0,p2tr,22,1
bc1pqq0t5t5n7zppa3eyx0ghrgchcl4jnty58g5x3jw4pg6kzwefdz5saen7k5,889806.0,p2tr,16,1
bc1pqq3x0wvc2rlvvldvajx68uld4m674guky77wt0xzslaky74q4lgqqrdyw0,889806.0,p2tr,8,1
bc1pqqfgdfajvlm5szsp5tlwz32t5hnp9cpuy2mal9ategfmwppuwrns8uhqsu,889806.0,p2tr,40,1
bc1pqqqqqqqqqqqqqqqqqqqqqqqqqqqqqqqqqqqqqqqqqqqqqqqqqqqs5pgpxg,889806.0,p2tr,94,1
bc1pqqx2pt7c0puuuce6um4nhk5vpecffhjdfq9d9wvt4mh89vym2htq2fep85,889806.0,p2tr,19,1
bc1pqqyx8ww3c3d9at22tpxy83ul6egsysv9l997q0a36zmvvgyrswustgvsxh,889806.0,p2tr,8,1
bc1pqrnhlncwjgeun6lu2ucdelqdmxzcwpm2u66rs4y328z5420a5w2sksm852,889806.0,p2tr,9,1
bc1pqruhslp5f5t8q7552q76hmsj4k3ru9gp3vd5ap32cdxarxwn5kpqzel9tg,889806.0,p2tr,12,1
bc1pqs0n9df4fnf0ajdjwxnktdc4t6ruygt5qdyd4m3xq94eqrzt3w7sapfur4,889806.0,p2tr,9,1
bc1pqs6wtlgzjucc36pz7j6y8urazsjz5pj7r6knycmfg4upyj9gwats46ep32,889806.0,p2tr,8,1
bc1pqs7smp4n82lm4jcdswlust4spvyc929v8yhx62pc6pthsqj4tgvqljkz78,889806.0,p2tr,19,1
bc1pqs8k4au8smn9snhd75mu9whumtamu6x3j69jdrhmqjpatmtkyt6s4f5dxh,889806.0,p2tr,22,1
bc1pqslsmfvlyvpsj708lwan5l756a6zlqlvdwda9gyvgfjc9pdpx3lsrtc0tc,889806.0,p2tr,12,1
bc1pqsmuy3hyw5gehk2nptmjfyadddm3aaff3952rxk4a8evkuns6uxqcnn904,889806.0,p2tr,4,1
bc1pqsvdgc9l82ac79pcdx5grl3mmcjd2u35mm85q62rpgzwjx46mryqvuv90s,889806.0,p2tr,7,1
bc1pqt3xlknmpfxtmvmy99yxr869t530q4aa9pmw0rpapp4ee7w9gpasqkz2wr,889806.0,p2tr,16,1
bc1pcg207pj5f5np0sn8tjycc48pcg3pzcqc2fz7vdkt3rspz8nnh2vszqrmgm,889806.0,p2tr,13,1
bc1pcg77n8yl3llhzz5jxf9r3vw7nc2ufm99d4vfm06mzx7m9m6lexsqnnn7rm,889806.0,p2tr,23,1
bc1pcg7he2epnv23pycmkk2kw85v47nrmu4p0kkx2gnghyt59jzpghaqhxzuyu,889806.0,p2tr,17,1
bc1pcg9k2sj2a9ew2d7sjyfch0yhyy4fug9qevx0hya003ux249xcudq9r0da8,889806.0,p2tr,10,1
bc1pcgmxmyp4vkmms9cqsrtvu9u7v8yhj42r2mh6jy0ml3w9qzkx28mq3cpesq,889806.0,p2tr,12,1
bc1pch64s0eenm6cjewheryqk2enh5da6gd75vt3fly9znd6xf22f23qjmad6v,889806.0,p2tr,14,1
bc1pchw57mv4tpk6vu8nj05qekhl4p7pzns9pn4l6ucr3xflgk7jz2ds3qtf6j,889806.0,p2tr,14,1
bc1pcj0wzdc97mry2kv9c0ffuz3n5k2a2w5xkggatp03m2v87w47hw3shkest6,889806.0,p2tr,15,1
bc1pcjaep88k9ecfhhnxw67srtcqjrgthkn4a85gm5zf8cv8gzg4pqhqn3cqz8,889806.0,p2tr,14,1
bc1pcjj2nf3k7kuph9m5t3wcz3nmxqke4evpyduxslxmhxelvjltk26swakn5d,889806.0,p2tr,9,1
bc1pcjljfacuhruzc7qvv7lu5u99kwm5ul7daqhu93mfva5fkehrze5sqwjvn6,889806.0,p2tr,11,1
bc1pcjqqqgld73v23w8wf9cs3n59qsnlgh2unyc706gwvqq2effkfraqf06zl5,889806.0,p2tr,9,1
bc1pck6zkzu0tnxujyg48tk6da5cza4gdpmvpsex25klvpzzcc26n7uqlv60lr,889806.0,p2tr,11,1
bc1pck9uw624rjfhvzsc9n2hyauptvfd0g9jkdz22fz03g0kegp8qmpsjgct2c,889806.0,p2tr,14,1
bc1pcllw5zjqdvmyfgpr8srcur86tyn4w4l5yqcvl2y6lp9j9txlf5cshecm6x,889806.0,p2tr,221,1
bc1pclu49c5hchz52xg54t3cnv53s5ycppjs7wafxzcx20aws594kc3smuxs4w,889806.0,p2tr,12,1
bc1pcmhs6eqzmjwrchxfgfw225nhfc8jy6n902avj4tdz5rpzqyt9w4sfqv5t9,889806.0,p2tr,13,1
bc1pcmp65r43294nwdt8j8xxhuk6jnz8rcprz3r5m2h5k5qwmguk5uwsdqymah,889806.0,p2tr,4,1
bc1pcmr6sexvvvdxf8zqcx7qm2d54fn7jvgp8l2gmltpxa3nx7syzxvsrmzdzr,889806.0,p2tr,17,1
bc1pcn3ky5jt4dhyfpgn8m8pf5nc49kec5htatdgwm5n39dq07ufeq2suf9afm,889806.0,p2tr,6,1
bc1pcnxew35l8dyz2xjkyctjls4lduhkekky50yzfzt5fnv7ssnw4agqnshzag,889806.0,p2tr,8,1
bc1pcnyakmdj00dz33c5ja6yxajhqyw79xz43ft0cc7j4travtkv48nq720w5x,889806.0,p2tr,10,1
bc1pcp2crhx7vs5hr2c2nexc04qhshdnfnsp46upmjj48ldlqatmq38sfwgra6,889806.0,p2tr,9,1
bc1pcq7hljg8sv5w7usudfet46qafd367hrm6yvqvpntl7myupy7gmls466ulp,889806.0,p2tr,8,1
bc1pcqqx42tw3xztkz89zpfkj448l4wmpshcfdt2u8cu2j3033fq557s40xrkz,889806.0,p2tr,16,1
bc1pcqtuxu7c05vl4n0jup9aryjax3t4egwf5zfe3xy73h4kyd4xmsus2pkp8t,889806.0,p2tr,8,1
bc1pcr6xd50y4x0ywtp2h5t30ndyqhkf4unda9ume0svw4n2wx48c2yq55zewm,889806.0,p2tr,11,1
bc1pcr7vdds46w6ghly6xncnygz8v5tc2je552sam720rn9tfe7pxfgsyaftua,889806.0,p2tr,8,1
bc1pcrarfn9pphfpnhy47p39zy6hjw0lqkfahkzf7z44v9mjm6j5yuxs65960p,889806.0,p2tr,16,1
bc1pcrjkexw9nmuz6048vwxc5spp6ey8z97gqu6w6xpz0nfxqeu9n4sqgch8nk,889806.0,p2tr,8,1
bc1pcrvpkctm3tuqtqdcvcvnt2m9v9kqhzr66gjwr0lcg3n8te6nu9ns7hfm9x,889806.0,p2tr,15,1
bc1pcs7nl4uvmkh629wyzwyed78yvwhv3cc4y8phqtjjqwdqas4sc6mscwpsgu,889806.0,p2tr,19,1
bc1pcsfwwh6muz37lgjm7vu22qazdmg6850jqj3xdhy7ykz60vwkwnys98pa9q,889806.0,p2tr,37,1
bc1pcswas8w0c7ud8efcpqtv43h5g6dy7dq6d8cype9l7663jn55p6aqrju40p,889806.0,p2tr,8,1
bc1pcswv9qktmksfcme92wnl6tx0h6lmaa7dur5gejxgwc62vm9gtheqkp2mtr,889806.0,p2tr,15,1
bc1pctutfum7y8j09yh5sfxpc96xnxftw7vld84l3xtynr5dhuzdgjnqqydm88,889806.0,p2tr,4,1
bc1pcu9clpzc0xn5yqj0r0fk3jfekzgaqu0sgqfn32h8r7hagrsgz4asqfsdtu,889806.0,p2tr,4,1
bc1pculv588st24z8nhasczfwdscrf0uzedrga67afcs8udv4s5mhv4scnpr8q,889806.0,p2tr,10,1
bc1pcun3vw3zxtweej8rp6rzwx9g9ksu9pu97gn79hlerq43lqu7argqhs07wq,889806.0,p2tr,9,1
bc1pcunpm70sy3flxp407lcys3pfv48s3gd5urvdvztnyn3f8pkscyqse3vtyh,889806.0,p2tr,15,1
bc1pcv6yzn35aq5af8mxxx44zxs3ch8htmqqa3gcfrtu7e8gvtyc8dcst7k4es,889806.0,p2tr,11,1
bc1pcv7njayf62sh2v7khcnalegad24x6r59vsrq8k7gmq0jqjcwh60qsn9rxp,889806.0,p2tr,9,1
bc1pcvgzhezdym6pp0uhv2u4zvfm8ney9q44qznh9w82g2va8rrxm75qc0jyll,889806.0,p2tr,13,1
bc1pcvpdrde9sxepselzyd5umjytv74yjr5vg3zrkkh9njrkv2875twslgdjd8,889806.0,p2tr,18,1
bc1pcvplhn3a7rmsvuj76wp6a9z8hm739e64ltutws36kh47httt8lpqh5rx98,889806.0,p2tr,12,1
bc1pcvqu4dvajh24wzd4kptvw7uu30kc5fmnq9juz4n56hz7nxmavs8sg9kyqh,889806.0,p2tr,6,1
bc1pcvxuud0a984wdla0h607pq0ywhq7ztflykukkwd2vahzk6rpv3zsvc6gz0,889806.0,p2tr,18,1
bc1pcw0qpgqtaru4rz9uyj9nlkmh92g6ayxw2sqw4yke74manatdfhfsf3dhv4,889806.0,p2tr,41,1
bc1pcw6x4nu5j99xkq5j7u5v0v459uhpjpwgk5v2mfz4x9aztjv53cpqm24zsl,889806.0,p2tr,15,1
bc1pcwe0au50xtam3yq3ue7peqq6fyv9kknhl6eyur9qwnvuxgp57rgsm5q2m9,889806.0,p2tr,24,1
bc1pcwmr6w2xjdap86zmtlte892jvkeqy82mfxeknmks4cxvpcj4swask5sfd3,889806.0,p2tr,13,1
bc1pcwrnnkta28t455ehqa40594rf70fe332wce2fpwxhg34r7s0f6rswcneq2,889806.0,p2tr,8,1
bc1pcwtlgmwlfedp5hz2p5sq4d64nf0hfnekch43h0dsqk3u2cmecccst7q5yt,889806.0,p2tr,21,1
bc1pcwved8srzgpa4nqtdv8zn9mh3uqhw2g35m3m53rk8u5gcgfmshwsfuglgk,889806.0,p2tr,8,1
bc1pcww36me46yupqzesst446k4nukkuqgsycksnxgxfgh9ecr8efuuq2z0qrp,889806.0,p2tr,10,1
bc1pcx0nlxneh8e7hqdssvuc3cs925e4dedspr9lrukyndneg22n4dzsqhqhv8,889806.0,p2tr,77,1
bc1pcxf2yuq47yec06cqy64m5wxs443du69we947drrmqsvqx5v74m6s60s7zh,889806.0,p2tr,8,1
bc1pcxt2a97g9q900pezf9hpzrzwryesn3tclm38sj4cefcfs7m9luas07frqv,889806.0,p2tr,16,1
bc1pcxx9786jwet2w5sazlgmzjmay7qn3cya7knggt06d6aw53dazwpsw2qq02,889806.0,p2tr,49,1
bc1pcxz7g72muaavtu0yufp8c6qh0swzadr0mk8m8xnvjsap2tlnaa4snf76dc,889806.0,p2tr,26,1
bc1pcy5rjr388ed3zf0mxd2ltjkxefy3ajy70wlg9mmqw4e0h2v6aamss2qu02,889806.0,p2tr,14,1
bc1pcy6nt60t7q72n4zvpk2qj8nkj3s9grwevl9te3xhrp4pel58gkaqwkwxfl,889806.0,p2tr,9,1
bc1pcycm5mkjr8w8sr5892vj4wfa40zsdqyc6mvur6zfzly2g2ams00sjv7egh,889806.0,p2tr,8,1
bc1pcypajtv4mvgtlv86rys8mtgky5v6afmcs405ehzr4ckgyzn28h5qrctwy9,889806.0,p2tr,33,1
bc1pcyxejww6rt3qaa7dc0ztghu6panclcqy7vwsqhyaxgyzlxhx7ksq0hus3s,889806.0,p2tr,8,1
bc1pcyyprn3cwjkc7ghrlr3dws4leete68g7e9gh5j93sysmcr2xtlrqcv7ams,889806.0,p2tr,19,1
bc1pcz287c4k6ks4aes0z72npvedd354zgv3wgmfdkhdz832tc7lr3tq97x8e9,889806.0,p2tr,9,1
bc1pcz9rsvaqkmv2gg69mmxje5av2qyyjkr08tdt3s0863e6jpwdgggs70djlx,889806.0,p2tr,85,1
bc1pcztkxtclnf8evd9ewqdv6jvyqt490uu82hs0ggsl5hv75np9kqjqp8a0mf,889806.0,p2tr,273,1
bc1pd00ygsuz92elh8j80rg0km865n5vnygsfgjtr99l3wl9mgj62ptqtl4c0u,889806.0,p2tr,34,1
bc1pd04up3fkhj7r38mv6ckzz0c9a77r5dhkkfgc98jan45l8lnrys5qxd6eeg,889806.0,p2tr,8,1
bc1pd0mex5dxw63mllzqyeflxr55gzfjzpfffyu4xrkl8e9kpzxyyhxszj9923,889806.0,p2tr,15,1
bc1pd0us7jh5h6u8v9zztrhaxdrpsaum2njn809pwq7klnet79pu0d0snp2gdv,889806.0,p2tr,10,1
bc1pd0wkfc9rlx9zplmta89pzzncw4z9tgkxxvv9wyex8a9pfd0kc9nq5x9dnd,889806.0,p2tr,49,1
bc1pd269rvt9a503f9x93q0e2m9fm3gtjqgmcz0rtpc8tq6cc8g89pfq7aclkq,889806.0,p2tr,19,1
bc1pd2c9d2jd4pj0pzwuzyx9e9gt502wvn6v9rf0cvwvsmpq0csjyvfq58ql05,889806.0,p2tr,12,1
bc1pd2n0hmjc0sqngxa62ze8q7g7fu7f624lxd7cfkpu28d5w0fw9lhqmf3ydj,889806.0,p2tr,12,1
bc1pd2r06cpc696kgkjclz9y9eep2yn9e3pdu2fhcknrlj63uxys2xnsv9zsfp,889806.0,p2tr,22,1
bc1pd4ewde9znmjuyh4wn823mh0q02sy6hwhcuyrn7v08thv40698tts2cpx7r,889806.0,p2tr,16,1
bc1pd4gndshukld26jd37jq2zmfa27gltc2mjzqmy3m0ez83kfgeax4qftdwjk,889806.0,p2tr,10,1
bc1pd4smh537l2ecwuerwdy0un358u665684zl44snfp44xv0fnhfcnsh3sswv,889806.0,p2tr,14,1
bc1pd54g5ch6axvet45ftt0d3kjfghyf84t3saeme6290msruyfz6kwsdcqnhj,889806.0,p2tr,6,1
bc1pd5exrshz0j9r63es0f8mpjdkq822qznshuch8yhfwllwvajc24lsx8v7kh,889806.0,p2tr,8,1
bc1pd5qrzq9l7numdjl0rxmh24ck0c28wxstk0709865lzslthq6fjdq62g9ea,889806.0,p2tr,18,1
bc1pd5uuz8unrpd00dzhn7dd4tdtlpvh44slcehw5kg235r6e60j0zaqp70gsf,889806.0,p2tr,12,1
bc1pd644f9cp2gz8ccpgla556ydaqu8pj3q8qmtvlv05jjyhqc2pkhhq8v9dt8,889806.0,p2tr,18,1
bc1pd66zj9twnudsjpdcjw8tx0hv4n88muu3ek2xmkmgjmjw80zq7wkqgjmp5q,889806.0,p2tr,10,1
bc1pd6l0d3tq6srazuftzgfxxsujetr3whv3mxx3np00jm3hmh623lxsvn6285,889806.0,p2tr,4,1
bc1pd6nwvc4ed5m8qmt2vf3pvhcju4ahqgeqylhlr2ud24ugy7vxfw8smyhsc4,889806.0,p2tr,9,1
bc1pd6rh52n4m3k2760auhh8fmpkyka2vtslhdap4pahp9efwmkalx5ssrv3cz,889806.0,p2tr,55,1
bc1pd6w3rg7052t7vjnhcw68aysh3gw9anvs28j8pemh6njy8zm2cxeq7asv0c,889806.0,p2tr,12,1
bc1pd6wtqnhud5flw0aurt23j4v40zdr28s26u0ccdd5wpufnx8u2y6svx0qrn,889806.0,p2tr,62,1
bc1pd77ejft2gulflwdkm2dxq0lwltmv9zy4r8ct3jgr4tvjk87hp0yq2ucurr,889806.0,p2tr,18,1
bc1pd7vtvwnevgxvmlldsh4yqwjdudakgkrz0mz2m3vsa03300jwqh9sxtg458,889806.0,p2tr,21,1
bc1pd88a4wwy5cygxn2g5jjc5y387j9zlacfdqshnfl9q3cwt9qmlchssfhsda,889806.0,p2tr,20,1
bc1pd88q00ej5lryd4xenk26c2aleydh8pdystyauxerpt85qcxw6gasz5rd26,889806.0,p2tr,19,1
bc1pd8ca388qe2q7pl927evy5s9dnugcwl0380vu3w0hxzeu5sehlljqena5xk,889806.0,p2tr,12,1
bc1pd8gl4m7pgzf3ulhcnffzkpv8luax645ll8mznyxrzll240mst8es2zn0px,889806.0,p2tr,11,1
bc1pd8h6y7f6jxqzear0fkpj0t0vy0rqa4qjrkgu409x4vpl4uun2h5qr67wp3,889806.0,p2tr,38,1
bc1pd8j8er9zmw63dmr9cdtunaa5hta095knf8r404h98s6vpqqux08q4a5sdj,889806.0,p2tr,4,1
bc1pd8ptp5d9wyd24fq0jlv9js45xymxkcuz4tkv8chzf2xrlp520m2sf3cnee,889806.0,p2tr,4,1
bc1pd944hlz6nvtagw7mpkhk4wn32funsfd6665qak7vzh906fzv38hq8ckym4,889806.0,p2tr,9,1
bc1pd95aa3020jqg3spfr9vsr4h67l2w75jhvlth4n55xvrmujsnnh4s7cfnt4,889806.0,p2tr,4,1
bc1pd994e6acg0ate5zh24n2frcsxyur3uf6zjg3zdw3038q9ddsv69qvkf9x4,889806.0,p2tr,19,1
bc1pd9asrgz3pf0dcfh7dgngm0lfa4wcgjamuvthysupexh7vy8hng3qntrhxm,889806.0,p2tr,11,1
bc1pd9c8czdlhgvg0xpkdz0ke7qmn59wsfghpy0jzue8ucz47tj9jg3sx9gtjg,889806.0,p2tr,4,1
bc1pd9jr8zzsvpdmrj39wrr2gaeneu74che2d3rx8nup9kmqz2da83mq3ch7a5,889806.0,p2tr,95,1
bc1pd9r6ug839pp0djtm3y843tejcgtpq42upg7w0u366jz0ff5z0x0qplfp9v,889806.0,p2tr,26,1
bc1pd9ttjg54mue4enl9usp2xsdzx5awhchy96ljdcvcg73avkprdpqqq0va2y,889806.0,p2tr,4,1
bc1pd9xfhvvvvkvjhynngx98wpdzfcdl6akuk7cncwtrlglgaghlk2dqmsmpgf,889806.0,p2tr,8,1
bc1pd9zhf7wr0lnu9v4670m9lvhumlfayhslh9ln65vd9fjqsgu5ukgq23ht95,889806.0,p2tr,13,1
bc1pda3g44tvctlf5cxplydapnm3vrg9um8lcywfuypncm5h6err2m5sgxlqen,889806.0,p2tr,10,1
bc1pdaawlrkl5lg3rydx8mvdgfqv52th8amu4jw7ys47celqmp8rmntsn43jk6,889806.0,p2tr,130,1
bc1pdah2a82u76ep27hgfpqhf2z2a3nxv3dnfvm2x4ntgl0z6wdxef6qgp7a95,889806.0,p2tr,11,1
bc1pdah7pdx25fg44d5hpdted7syj6lhkdvgp7dg82y4rjwf6hv2qx7szkkw4t,889806.0,p2tr,8,1
bc1pdax4qgy3uc999ty0v6dcyeh88yntxwz8gwun9unagvl638hvc7xsz7ymv6,889806.0,p2tr,10,1
bc1pdc7clq4f9d7720w7lm9r8m7lclufa62q8fydcjmq09kuh6fk636qlpfzhh,889806.0,p2tr,27,1
bc1pdchlx20jl0flxkpyywkcrv9nurmhy42mhcfxq4csujm5hzclu86spy5j9k,889806.0,p2tr,32,1
bc1pdcm2vhtfkf58wypkgr5jj6t2d4hx0jf56kc08unvspmqn0uyvjas7myhz7,889806.0,p2tr,22,1
bc1pdcqwux800sful5ky0wpa7a807n4cws5388ndjv5n50j8cvcfxuqsf47ru4,889806.0,p2tr,9,1
bc1pdd3n8ca23m5ply2fzvgdrjtwv2wftutrv6v47zx0uzlnvcuc8tsshn3648,889806.0,p2tr,10,1
bc1pddajwrsakhayqc0ew0cw8yhtcf3zchtpm9sxpcqghrvj4jpeudns42uexy,889806.0,p2tr,24,1
bc1pddkn8kdzn4ayr092dl4nhvhtl7gaa3y80qgqzwlj42ldhzpvyavsv3ntna,889806.0,p2tr,15,1
bc1pddncqj55h8vga78twm2fwra9y0qvlqt3gqpry5j2uezjkz2lkmtsx0etzk,889806.0,p2tr,9,1
bc1pddpm9ftcln36pcpe8f9phaxfpls4trzedfvwq23mfq9peh24xf9sqm5hap,889806.0,p2tr,8,1
bc1pddpuf9n2j5uyk7l24hat98hgqs09cgeyhy70adgqx2jh2pley5aq58dydh,889806.0,p2tr,16,1
bc1pddvxq3atsv8s33zsf8yeh2kg9lpv3lgprt3s2jfqka4g99k6gs7q5upy09,889806.0,p2tr,15,1
bc1pddxdwa84ky7rz73nlmzzv9f9nde0r4dmmj2t9956g5wskpgcn97qq030yl,889806.0,p2tr,14,1
bc1pddz8k0tpf85w7c24u94a8ca0y8mxecerq3yjn6z5qpefvgprnxkqw40fru,889806.0,p2tr,7,1
bc1pdf4ff89vy72zpma5lr56zgpxkd0rytuvghfx0n3rms37npk8fjns7xkhtg,889806.0,p2tr,9,1
bc1pdfdd9h3rd89qlr85x7hapaqq5ujc2e56nfhe3ejg62gnntjrlaes0jefz5,889806.0,p2tr,14,1
bc1pdfdthcnjaw3zetmdmpmcm6v7yh6lrg0hxs3a6053m3fr06sc60mqypjma0,889806.0,p2tr,7,1
bc1pdfj2hrldwwzs4kt8fzmkpp5wcgqezf78gd5s394ua845fzccq9uswjtgeq,889806.0,p2tr,14,1
bc1pdfr5mvf997r8dkh2yvy46trwq6638vkdl4g677png306ej3jsmyq92dh92,889806.0,p2tr,9,1
bc1pdfwzwp062cr33z28jqyc8cymgz32ju08unryrwhm54yls0sr9lsqyrjmxw,889806.0,p2tr,4,1
bc1pdgrhkfy7h8am8fughycmgv5s92hjhewuxw22ngsyvqgs8fcpqgmqlar5rt,889806.0,p2tr,10,1
bc1pdgs0wlsfdcvd9cufyvsnwkgf3uxydln2rh24v0zd9r6a3l6dy9xsfp9vdp,889806.0,p2tr,29,1
bc1pdgt30hnp3dam0ye6c4g0v6v4fz2nhaekuqcyf2qqvkyuxvgsypgsgp2qyf,889806.0,p2tr,9,1
bc1pdgyrysxvdfcyyfas6ulnx5puct0mhws7a0u6rx9ngltgfnyj0yvqmeg765,889806.0,p2tr,4,1
bc1pdh2fjutnrua9y8fwpqhfgap5vvrc0gm00r7gm7vx6d706wr7x40qjcjpdc,889806.0,p2tr,110,1
bc1pdh5lzh042rrvlrraly07fq3kv99czldnl5vcf0pzrpl2a53z77ysum9k35,889806.0,p2tr,17,1
bc1pdh89kr55c5jg9x5n0gt6j0g89vm9h5uctw895ejfnd20ynklu72qcva3yy,889806.0,p2tr,17,1
bc1pdhangw29q4z673pglr8pt5h66mu5qktdj3te89ra3g3qg66qh35qa8frl5,889806.0,p2tr,11,1
bc1pdhngz2mh8pnngadhlag3xawph7y486plf2kt67fhgwjrgk9358gqqz548k,889806.0,p2tr,14,1
bc1pdhnlugksprx2vnd8y2l7dtl2w6lralwy58cg5upr9rzjs9yr8sqs6ewgx7,889806.0,p2tr,8,1
bc1pdj729cyke0l7eqgxyrp4nqtt63q7660w04ltesjua5h35wy36u3sx8aedk,889806.0,p2tr,12,1
bc1pdj77fyd57wlp8k7spnsccer4lfa5v45wsh0k7ku6ter9lh6zewcs5nl4yc,889806.0,p2tr,17,1
bc1pdjjn3w02t86yp5g8v9gymmc77sv3gkpqghkpvfvtw3lvf0w4xxfqsns7kq,889806.0,p2tr,4,1
bc1pdjlmcddvy76v5muue2gat4hsccpg2ust4mx5tyamxzpg4v9g2pnqedmrr3,889806.0,p2tr,9,1
bc1pdjlqa56hzu4w48626ty4wrxagqgmwdnm8k4m5pdynrc9sxptlrjq7qakqq,889806.0,p2tr,9,1
bc1pdk3w7kvvj7rnvs37q2wppfdp0kfhgp46yajt4tznykce0q6uv60svwxcjr,889806.0,p2tr,7,1
bc1pdkfk4dltacwm5znpq8053hwph7h5nsuewhgyflwn6ww4tjsghmmqtandy4,889806.0,p2tr,12,1
bc1pdkkz5gpf33s3zqsucdq73auqjfkq87hpzld9cwnzjx6evv0a46ksmemkyn,889806.0,p2tr,10,1
bc1pdkn8qg35g7uayjpgynp3jh46un3ssct9m5sexq4a4l3wu65k6hgq5juu5c,889806.0,p2tr,10,1
bc1pdl96ycfl9hnz747qreyl987v60lszl92s0u99gaxwrzlyvdmn7vqv5gwuq,889806.0,p2tr,8,1
bc1pdlufwzhp6ep6uz9ghcyhyy9p5nf076yaqk0ksvvl4znz32s6z8as3u30rq,889806.0,p2tr,22,1
bc1pdm0jrekta9gptpth2j7ee96reh6kajrtrkagguj0yvrtge39gmjqns4hd6,889806.0,p2tr,16,1
bc1pdn2qc6av7dly6ddnmamtze9ue7w5mazjwwwghz9cj3s8zpz5vthsw53sns,889806.0,p2tr,4,1
bc1pdnldaglqx3auu4sl4kn5ncezy4nmtrkq20df2w32y7vclluk8wwstatjzk,889806.0,p2tr,24,1
bc1pdnzx4x97g4uy4kn45fnmefhp03a3rvxsylle2wcye8ay9nqgdtqslacx56,889806.0,p2tr,5,1
bc1pdp388yqskp84ln0g387srq5v2q7lags5xqtv6cmudagkeuqg677s97jycy,889806.0,p2tr,18,1
bc1pdpgtz7trphc0wqf2u2c3rwh62t4mnd2wzs6lcnucl0s27mu4qa4q4md9ta,889806.0,p2tr,26,1
bc1pdpl4dtr564j7qg9u3cfwun9s85v7g6yawlj7wld688lcap2c8jss3xg6zq,889806.0,p2tr,12,1
bc1pdprzftxldusqq9ezyjk2u83ayqkke4h5ncjd8slxur04262x83hqkhepz2,889806.0,p2tr,25,1
bc1pdpvufzqxvqkad3jnrl49r2x95zqafhcpar43c5wx265l8ajak87qq0llap,889806.0,p2tr,8,1
bc1pdpx0agm2z7lkvw4qzh9p2uls9sedvmg5s32srzjdqy5mffkl9z4qnqh4te,889806.0,p2tr,18,1
bc1pdq6chjkm70jut2t06uek5r6k9cnve0hk0aa68jt8ywfg6x3e4dkqwfhxjg,889806.0,p2tr,13,1
bc1pdqjgtvmalgcrjnyd2up9yh0gqaqmezrv3xagu7sqym886xxg4w8sur0xhj,889806.0,p2tr,8,1
bc1pdquzctkwjxc8wmsjspq9u4pxpyvt7r9m06hfepzp633c2vee2sfq2hk82c,889806.0,p2tr,10,1
bc1pdqvskd4tpn7emr2gmd859gjnlxexf9qy8kkwwmpxqw2lnxgaj9yq8tv3pv,889806.0,p2tr,10,1
bc1pdqyjsq4qxzdh5zyz7fn4hqwwzd475c4jztpk0zcssjv7yjek8lwsz7lvu0,889806.0,p2tr,6,1
bc1pkw60nj0msw2hhrvz6jn4ype7fjw8j86kwg3xewyfd3wx6m76p5zskv6aug,889806.0,p2tr,48,1
bc1pkwcm0cvw2gyrvudf3zsw2rywc54dgkl43v8nyxflke0f9nsq04csjmv3y3,889806.0,p2tr,8,1
bc1pkwhrqwh37jvfyu4s4t6nwnmsu9u0rsm90xxthdd0urgrde7ncmmqvu6hst,889806.0,p2tr,6,1
bc1pkwn9a65vpa2j27mq845w58cc7nv0xkyckzprkhw9zzmnky70azuq8u663u,889806.0,p2tr,11,1
bc1pkwsaunkxg7m98ycnn5x64xj43u48s6j3fh3wtcwh8mjr79agnt9szgfwwg,889806.0,p2tr,7,1
bc1pkxh9s43h23jtf7xvlu6am8uljeyvl97mhw8cah58eupfasyq0jassefatm,889806.0,p2tr,27,1
bc1pkxhw7cpu2qatu3hzcgt5dal7hdju92sxehgflctgsdh39z5rtafscxthk8,889806.0,p2tr,6,1
bc1pkxjt0k7f4z4ewfwxp9shs0tkdvu379ja24vt0q3ek49rur026ersga0kaq,889806.0,p2tr,4,1
bc1pkxlqzupe3yy2vuje0asy853hyxv737fj0g0h08kmvd4ph6l8t7sq80c5kc,889806.0,p2tr,50,1
bc1pkxt3q93aw7wesd5uvuur8ugv93dtee496k7upuhr7qkuayzgrvtq9ct8mw,889806.0,p2tr,10,1
bc1pkxwysa3wslcy3wkv8g6als4fz85cuy8h9hg4h7mxmnh5gvy6kh2sfhf74y,889806.0,p2tr,18,1
bc1pky2c0wgcucmthkv08dlp2h30sccvz5gy22nk3c26az0qn4uvqrks6swntc,889806.0,p2tr,35,1
bc1pky64duvff5wefuce76q8ppz87p5gwsxjkam8c7zqad7u82f63jusejr837,889806.0,p2tr,84,1
bc1pkycjkjr74t7y74mazjdd0dk7z3zt5fp3sp8z5xc93qwf9jt8lsrqfjxyt7,889806.0,p2tr,13,1
bc1pkydysarqq5fmnlue43asqxss7zs5kyynsnml07wtsnnxxpfrvw8qfaz38j,889806.0,p2tr,16,1
bc1pkye8gymkey4hadj9u0z4v6r82auvsuchz0lecld9kammgufyknus3ssf4t,889806.0,p2tr,8,1
bc1pkyghcsqa7ppemzpgsls7hkxm0nl5jfxkrx48f9junwm5z0rmjzcscvpty2,889806.0,p2tr,52,1
bc1pkyp647uc6z2clnd2pf9ur3clj3qulker57szpa0fvrc9j9c6jcnst0lf3c,889806.0,p2tr,23,1
bc1pkyufqw4axsxm32ayegz3n8uyvknvfavzucs3k0ea5324805t060q7wykmm,889806.0,p2tr,19,1
bc1pkyzekpuhe3y0g6juwklqple7rccdwg3wf02dych369ghkmlh2ewqxu63dm,889806.0,p2tr,15,1
bc1pkz7ejycc0un9vvqja2ul4kjh7amyua65v5e9y4rhasqsgjpd2fuq743ejr,889806.0,p2tr,16,1
bc1pkzgd5rxwk7fa3z80hymw25tvg87fwdwektfps6a2f2t2medjktvskn27xz,889806.0,p2tr,7,1
bc1pkzk43zcq57pxgz5xunwypr0qr5umfew3mgth75ycdzl5dnrg8d4qyeh02j,889806.0,p2tr,16,1
bc1pkzlxj86ul7u55nurxt2r9nmfn2zqrem3nc67c05tygvursz4kj8sxrvkhh,889806.0,p2tr,11,1
bc1pkzm0htyhp0l744h8ndmtnj0t5trqwlntz8wpfu6yvdev4edhumjqml8ry6,889806.0,p2tr,16,1
bc1pkznnjykedeus2spw7lj9ssa6rvcehdmgl40zqfhve7ud24d8pmtq8cry52,889806.0,p2tr,15,1
bc1pkzxzzcfn8f9yy59sveh7p3s24xghjz6fs83khpkl8tfcprgvny8qsjf8st,889806.0,p2tr,26,1
bc1pkzytqpwhgwus4utkvu4te2xxgegvrrdexj4hgnq7umkjrkv6x9zq79qlrt,889806.0,p2tr,46,1
bc1pl0fsjt5zxayn5d8s9rsdzm6cnqll5f3rhw2z3urnqd67ug82j6xq68r7n4,889806.0,p2tr,17,1
bc1pl0j3x8wt6ujgu42k22mg2594e2tjmk65ghseh0afcuve2ylvmpms3puhca,889806.0,p2tr,16,1
bc1pl0psgqp5pw2d75t578kf9a5ay775dxplqphpsvq4dx0u4aycnvms2wr6p7,889806.0,p2tr,24,1
bc1pl2f3me0g7emhg56069azm278xg0jk08l2w7unl4q8we3h63ec6lqmtk9eq,889806.0,p2tr,9,1
bc1pl2mvtpvfq9lmvxp7vm7fn77f4qk7w2esl25z0l9ppy840jjmax8qeklax4,889806.0,p2tr,4,1
bc1pl2y55lvqhh0zaw8t25z0cjcw0e04kcya83l25cw28wd262c6y45qnllkdz,889806.0,p2tr,6,1
bc1pl36fk750d8u4fxysavtaktzls5tku4jvyz5ju6fvz8dh7u4gs2kqxg6crt,889806.0,p2tr,7,1
bc1pl4p32un5kuk4lztpag6pw3xtzuec29j6guck7ug07d8rgdmqk8mswqlkju,889806.0,p2tr,8,1
bc1pl4pc2vpw55nyrr45qvnvqf0vplqgcpf757dzpp5ys90rst2x0gnsd6gwrm,889806.0,p2tr,10,1
bc1pl4vqw2uyq9xdf0cdhvhz2jrnnstknl6q2yxm6lm8w6c432n40smsa8m3au,889806.0,p2tr,27,1
bc1pl4w77qnnhj5zy3q03dfud9gpyy5rfzec0w6l8v6gyc9fu2z0ledsncr3km,889806.0,p2tr,9,1
bc1pl4xpszqpdwuaumt6grl2s03a0y9fd9kx24t3v770uh6ny7gynyeq9kkxj4,889806.0,p2tr,43,1
bc1pl5760nehx9vc5svuxgjem4rf5ghhpgwh7pj74nujx87yt33e2nxs0xdwvc,889806.0,p2tr,28,1
bc1pl586kzzyjflt9jpw8xghzp4eswffkwch4ug77u03h4ujfc5u4rtsg0kvgn,889806.0,p2tr,8,1
bc1pl595hhd6nf3z23l7t5z4spnujk7nz6pywn2j72w6hz3xkctuw32sre9thp,889806.0,p2tr,26,1
bc1pl5a67nnnzlv2h6dphpeh5hcan7w0q7t5d0zpqymjmq62sz5cahyq5a5nwe,889806.0,p2tr,8,1
bc1pl5rn7dxgr3009d2e5y4skjhcd2gh38qzehk27u42ek8ld4lnnn8s7t89z5,889806.0,p2tr,11,1
bc1pl62w4g0pwcfjl88huasddszv034quq6egmqwavj28u3ruyqsxvhs0s6xd5,889806.0,p2tr,27,1
bc1pl6f2pq8qz885wwu9c4tezmqg4wa07ehrt0y9yr99ahn3ngqc252qcceaq5,889806.0,p2tr,163,1
bc1pl6zj0kmc9687jvm53jrnrlm4mtexschgqydkm5ngy3kcrkcnwczqpmnyy5,889806.0,p2tr,10,1
bc1pl70p0z80x9f0jkrnljqzxrazd9k080kdl0ct57axgucxv6mztz4q6q4n50,889806.0,p2tr,6,1
bc1pl72jdeq68pptet9zxx7ej3puwdp47nw76m2fwwjjy837n8vxpghskspgae,889806.0,p2tr,8,1
bc1pl76cr4mqlkk4dadhaevualyhn3jt5ezekpr5ajkrk9v47csw6l4s0cfqqr,889806.0,p2tr,71,1
bc1pl77cmxw9f4v2j3l86xhwh4v3gzz5lrg9hcqk2sac9m8f32p2yq2skc4ecf,889806.0,p2tr,9,1
bc1pl7ay8d2vnedk0chn8y6zthjwvrttd9nkdmg0r3p3djdfunzw703sy3c46k,889806.0,p2tr,5,1
bc1pl7s4j6hmg4u2ls3zw565wwykta7d4edvfwsypjejn85393ksh82qut4y92,889806.0,p2tr,11,1
bc1pl7vyme79y5c06ytmz20rj66xq04stte56nxxrhwyw0p236actalsq0uhla,889806.0,p2tr,8,1
bc1pl80q0zkdthv52ca3yxza3d3c6ehgs6833u63d9ack8q5cyagdfeq82my9x,889806.0,p2tr,15,1
bc1pl8hq8870wa999cl58e9caa0vvc0pf08ldnvu7nj3p43vr8a5rulqtsgpxl,889806.0,p2tr,9,1
bc1pl8p3surnae857aunn62st5eh3k6zc35dpmkgny5zeyzcahdku6vqxacjcz,889806.0,p2tr,15,1
bc1pl8upjrrgweacp43aynd5ere8agkjt8uuvnx3puqxyl7wwhyrcnnqruywnm,889806.0,p2tr,30,1
bc1pl9428zpzzsa60z0mw7mp3n9fhtujckdp3vzsc5p7p4edqh234kvqsx2x4s,889806.0,p2tr,14,1
bc1pl976rnnl0efjh2u4x55ycalpv6w4ah7amqjtjshqhwnu95ejpayqdwlh7j,889806.0,p2tr,15,1
bc1pl9jerlygffydcdxc03jhykm7ql58tqn3k0m7emvptn25ej3qyzqqysex6z,889806.0,p2tr,29,1
bc1pl9qp58dw35yaepyf5fjcxuwggd24apf7psdt6vkuct8kkw2c7gesk90zdx,889806.0,p2tr,123,1
bc1pl9tfkd57gu5rnm2gxkds5u2wmawc5ppu5nuj5wnyhnkfmjxflulqmjswnn,889806.0,p2tr,4,1
bc1pla6ckx5gpr0g4anqd96dphgmmgzjyzy5ve5qdx32wrgx7np0nlzsqjaawd,889806.0,p2tr,13,1
bc1pladsq7g9fd0gmswpcl6g7yd0u2jpg8tv3qxjdh2udljuh3ughkfszn659u,889806.0,p2tr,129,1
bc1plaernmg7kawddmg62rhg2vexg2sgjgt6lyw8s5tqkkhqfyw7593sj5ghw2,889806.0,p2tr,25,1
bc1plaqtvsap79mlv5cj9f7nk475y2yzklklkykpn4ak2d7rk87phe9qm56yua,889806.0,p2tr,13,1
bc1plau2y2pgrdqpz59fqr9hyzwtqr6dsz3saz94rw5drnrhke6dspqskp63gw,889806.0,p2tr,15,1
bc1plc4sk2f9j64hhtc3nhucuqz5pjqdmwz8sftfkhp7ujfhnp2z3xjshun4gj,889806.0,p2tr,11,1
bc1plc5jeur5qr0vmfyshz7k98pz83mdt69cf8h2t9wrakpv47h69qzqepcq6v,889806.0,p2tr,4,1
bc1plcckryc2n4pxdvr76dmltuqr8aqmx6pr3j076krnhk6uqe7n5afq8kd97n,889806.0,p2tr,10,1
bc1plche9uyezlaupfcycjmrv4j806zwevr2jctxxv45tn02vqke64uq4rm3du,889806.0,p2tr,10,1
bc1pld438e8rad635k20wn46nt5gty2fgmdl29rwkqej7punktlr7xtqgnzsxt,889806.0,p2tr,21,1
bc1pld8qypd2tk90z4907scv78y99tfmq02y2wx3aufflafthj80009sf6gn73,889806.0,p2tr,52,1
bc1pldw6df5j04gqpk8d3nnt3yg7hyk67tjyaz4rc7ykhd5r9lg6gyqsygsyy3,889806.0,p2tr,83,1
bc1ple53ml9rh0pugv7hlduqcvj3tme44m4adk730660c0wc6dnrkwgq2ktadt,889806.0,p2tr,8,1
bc1plehppu4ek5e2lds0zqwsfe7wr45xvhcjwq9cgp9ua0sywh7wf0xqwaq029,889806.0,p2tr,26,1
bc1plepefvccnxqvjmyla5gzmwcq783j6dkkl9q089n0q0fvpezv8mqqt7dhwr,889806.0,p2tr,9,1
bc1pletfdkfe8r305zt9tnym56cnjzwy0pywcr44uxcqgqaxdngrukfscqmw0v,889806.0,p2tr,27,1
bc1plf32x8hv65aayhtcyt8603j7rtrf5ulldvkx8tege04upjaxfczsnf9mrc,889806.0,p2tr,5,1
bc1plf4tsyhvxsjc5jv4ys7fv887k59unczc5v64g8544ll9lxknwp8sj0eevg,889806.0,p2tr,12,1
bc1plf4x49rf6p4y0kqexd9ylvar9a2nc4uxx82m0ugheapfcaj3hpsqf5p4um,889806.0,p2tr,8,1
bc1plf4xvtqlgewpm97wy45kwg0hysxcc5txhmkxg8nfs5yxt2mkm2esq4u55h,889806.0,p2tr,11,1
bc1plf5nl7xx7n4a43d25a09mygx6t3qtv22w6crccc3hhmfsmnwvetqwlz3ct,889806.0,p2tr,8,1
bc1plf6fy586zke9tktutcc0h0pctngv5ryxe36wcuxx7n023etsmggqjujvaj,889806.0,p2tr,22,1
bc1plfa8uv55tjky5q3sydv66j0pv0rmhsrhy4878crmfr7l3w26pr5s0pxuvd,889806.0,p2tr,18,1
bc1plfcjaucnfnggvz6hfv8k4xc6mqn97neysftqul3t0fhxfsx9x95qx4azsd,889806.0,p2tr,23,1
bc1plfeslqyqpljuse774ez02qr9zsx4g5h9ue6968zhzd9ydgp6sg2q2xrxek,889806.0,p2tr,13,1
bc1plfnflvh2x5k7a4dfreuv9cpxmccr2seu03ar9gt2fgymcw06dc9qr3ks2m,889806.0,p2tr,8,1
bc1plfvrg0snsled33c77lx3zy0kta6k8gwr0dd0gpagh32nl8vq57xsfram5y,889806.0,p2tr,8,1
bc1plfz6286886h9hgcujkls5pc3mrrf5t5cyllqgx8wwtrkqn9sccaqlq6lnt,889806.0,p2tr,5,1
bc1plg3wvvzyq7scdj7szslea6mq06vd0ladc905r2qr3l2mkhsfeyqqqr4e9a,889806.0,p2tr,9,1
bc1plg8h2wdud89d0hvtphc8mf4rxml9le3ng0lz3s2d097mz5ekd3zqfegx36,889806.0,p2tr,18,1
bc1plgdxjvg7xrjnm8jvrhx7cgv8npysrvlgq0m2enhh0llsw8597z8qvev5fm,889806.0,p2tr,18,1
bc1plgfra2j4q5jnnqehe089tc43y0tlcwwqnp288cvnhnlzew8g74ssxrzt9t,889806.0,p2tr,13,1
bc1plgz403kj0mvpasdypwnwux94h4t262423pm0alhhnptn9hpa8upsjlu25m,889806.0,p2tr,4,1
bc1plh2ruz5225auezcx8mcarht5trt42k4mnf7twgd4yzvypclzsydqrhqxjk,889806.0,p2tr,7,1
bc1plh304zgtf2e079upvkmsfatvt3ekye20p3dkn8lxg76eg6t6kq7s47arjh,889806.0,p2tr,17,1
bc1plh3nhuedwluuxlx4wwd00k7h2jstkumdammdgn8kz8n04h754xps52a7zw,889806.0,p2tr,15,1
bc1plh64u7stueu632gvkjwntj0d7ddvke2rddgh2nh8ecg3dwpd209sr3dgz8,889806.0,p2tr,19,1
bc1plh835hkqzf2ul3rqa2zg52pdswrk2kwde5umftn8zdm9k0ddhzmsthj0e2,889806.0,p2tr,5,1
bc1plha5qa58yrq8hhwjcywce5euskqymj7kcunxm7nc5y05ez4ryqaqh3uz06,889806.0,p2tr,21,1
bc1plhg8dmxejqcsn3qdnr6dtwtaxusd2jn96a08eyuh3ewfjy4r9quqnhz2f3,889806.0,p2tr,9,1
bc1plhh6dqulansy5cf4p844vvljmknm7x2g9ds4zrr5dj4jlqkpqpnqv52adc,889806.0,p2tr,10,1
bc1plhm99ekgz975kurzmp4ww389ts7ducxsvavgyx7c9trj2g8g3guq5ahqls,889806.0,p2tr,8,1
bc1plhr7shadw2jwupwya7fgn58yghsftfk7cd8kksddgnnh40e69qlsvcqn5n,889806.0,p2tr,21,1
bc1plhuux2s88erxq45rpqqkqqed72yy4hqnktkz6e7lypure5n0jqasf8fc38,889806.0,p2tr,10,1
bc1plj40au9jqdaewwmysn6jfyqrf7r3tedzzqp92egc6dwd8fcw2j2svvsk39,889806.0,p2tr,76,1
bc1plj629ccc803sn8vw4sue8z9yxwy4pxuwqruv6mnn6v5jvnjkhfnq374qhm,889806.0,p2tr,12,1
bc1plk4dvua9k75zfg40rd0fcfupwvw99s7a30kfhg2dg9kdcfmccu2qygucgf,889806.0,p2tr,18,1
bc1plk5jkume5dp0wm4u7mkp78vh3hxmr5aqvfxfhqfmnyp4z563nfesdv7973,889806.0,p2tr,9,1
bc1plk6vvwgkct22wzv4yeyg3wtc8g6980rdqna6fu58avrn49ey3s9senrvrq,889806.0,p2tr,16,1
bc1plk80nx5nsvurw9x7cs5g7trd4pvx2srxt6tu2y05tkakp8jxnmsqs65460,889806.0,p2tr,33,1
bc1plkal8ygul7qnv42t6exf23ue5q3zzu5asx8vhmujwwuky2k74hgsl2wddk,889806.0,p2tr,11,1
bc1plkcqdy74txzhx5ntt6aazm3ekwcjqpuwvdgzxpfrrkgwa5xf6c6qf8np2p,889806.0,p2tr,11,1
bc1plkejhtlkkn4pfpvek4ekcc6s4n6yfg9ppmq8ue3cjn0fx7a5nehq4cx0yk,889806.0,p2tr,9,1
bc1plkha0k5ggkn6dh423ehnlepjextqqx8kh8uwlaqcsvg6v0yn2gqq3q9n4n,889806.0,p2tr,10,1
bc1plla6hyw7yrjaglkzavj30xqsu23twely539k2aemwgwlzpt8xy5s9nj3rc,889806.0,p2tr,8,1
bc1pllp09lth8hqng3lz5l8udgx7hvdejdjz9qytu974ltd7gj4ssqaqv0tvul,889806.0,p2tr,24,1
bc1pllp3e7yyzkm6pxegn5uzuyrqhkq3kx3cznaxj8re5yrkw50clx7s9w6evx,889806.0,p2tr,8,1
bc1pllp5np2ndh4t483ar44ts55vyp9fd3r4yg8tfyjzuzkwuen2nw6szd7nvk,889806.0,p2tr,11,1
bc1pllsp2tnf7yu3h205za7papuc0v2uzg7xhrut508lmhyyxpsj4r0sa3ughj,889806.0,p2tr,9,1
bc1plltade500tcccxt8d59qw5ejs0ansz5rpu0f8lavhw35eljges6sz0wh67,889806.0,p2tr,9,1
bc1plltfkltza8ef3vp20ardm9dncmudjgtkmajpdxmn0778yuxp6lds2kjcps,889806.0,p2tr,13,1
bc1pllyuvu5lmsmmjj5hwqrlyuf90wdh4usu62acpamhcjf2fcfjmtws0sd7e3,889806.0,p2tr,10,1
bc1plm05294cee8c235vwn52uan0a45e8hq63hpzewd0qpafsrlap9nqdgtduy,889806.0,p2tr,11,1
bc1plmc76rv6ej2x4dvmkdegk2gf0rf4vg4pe759yjrjn6a6t4pqq05sn52z2r,889806.0,p2tr,22,1
bc1plmfakadz0d6q3eu5s9tw3uwtgwsqw4ntd8vr2wxqywmewfdmmpls96t0pl,889806.0,p2tr,11,1
bc1plmjd2fxd2ungqg23543aaqg94ujcxe4w84payhk389lj539mvtgshuq8m6,889806.0,p2tr,118,1
bc1plmltjnst5xg7kmyl856z4gk4xu50zca8tn650t97quda5qg4prds3uryue,889806.0,p2tr,8,1
bc1pln0ajk83yfp7pnwmck3zk8r7nxtjmrcxeprey2v4tuep9rzlv08qa7t07y,889806.0,p2tr,15,1
bc1pln9j43gw8yj095uxh05sdep4f6qtsutl08sv6d8mfpu6g0e9nz4ssfqwm6,889806.0,p2tr,48,1
bc1pln9lfyf5mazhhxwxes78vz5dft8555txx6adz340sp978xdhy39qe70t4a,889806.0,p2tr,8,1
bc1plnj050at8z506whrjzce84yv0repx3z2gtar6vs824aad5z9qssslrrwz4,889806.0,p2tr,11,1
bc1plnun2tjrw5e0cp799uv0dqq7fta4nnlk6dzxum2v2ds6d33pfyvs870yuq,889806.0,p2tr,8,1
bc1plnwg2tw59wlgqtegk9az8fcdk3le22dusqdxmz5qg77qssl4fauqdu5jkc,889806.0,p2tr,9,1
bc1plpc2a7g2devd0jz028r9wgx8v8lhudnar3u4cjv8h4ua9zdgflgszs6f5t,889806.0,p2tr,9,1
bc1plphzukpcwllv4tcz468ny28ete9df9w7zqcvtklq4h5vktzuaazsf09x5a,889806.0,p2tr,13,1
bc1plpjw8wcxulde6fjher9cc8ge7vwpzpldphvqjlkwg5uqqqj2yhzqz5krzh,889806.0,p2tr,18,1
bc1plpm2hrd2kudehqzx6qpf4j8tphlj3dn5jqtj6ahfx48ehgaep47se9uzy4,889806.0,p2tr,20,1
bc1plpq7g3awewy4x750m02r9qa6dfyvm2qqg74yytxt2wd0t2lzrewqy62pus,889806.0,p2tr,4,1
bc1plpqucz448gard6t8m8sev49thqujwgfzv6dm7flmhpyw0uuzejyq93g0we,889806.0,p2tr,27,1
bc1plpscgpze9jq4j6wsu9ve5xa36emt7dtrd3pz5hnuvhfum8naqcmqfhl8ve,889806.0,p2tr,4,1
bc1plptqemucmzld92m5z7ycql8n4prqymqnqj93x2kfvgg3tmakl3zqsdfvtx,889806.0,p2tr,13,1
bc1plpuaeh0lt8vyvla29ef95h8j05sh3msd4n9zmuemxd5whg604sxsmn2xde,889806.0,p2tr,9,1
bc1plpv0fwcw7h0uy73v5g033rvykev7uas4uf9wdf4zdz483wr6r4fsplyfw8,889806.0,p2tr,8,1
bc1plqf7p9efy499d68xycusl4j4k40ncxkjrgp5sxgpjgn3zprpd5hs47yrpn,889806.0,p2tr,9,1
bc1plqleje4fx646tynx37jv8c05wqf4mla60pldx2d2h2ws0zptuuzqdgha28,889806.0,p2tr,10,1
bc1plqp7cr7pn94wrqgkkf0czv3nusjju39wggy0w6htd9xu390ev3tsdkk0fa,889806.0,p2tr,5,1
bc1plqwvrxlg0n9az6sp2m9wtzhmawsxccnkmczls3kthqnpygdswdxsgxvv92,889806.0,p2tr,4,1
bc1plrhvw2hwm83zp7lskcn7g92hl8pfyhq54yva20gy4k6z7lmcphwqj06dhh,889806.0,p2tr,19,1
bc1plrjjdgl326rj0d7t8mgmr5xetq0mjwln4h8jtsm4jr8ey25w9acq8kk4lp,889806.0,p2tr,16,1
bc1plrvy0x9f0uyeg2d9wt363ngn3lnehu8jwg2u4mn0xl7ptcl564fsxxjlpq,889806.0,p2tr,8,1
bc1plsa7zks0tyst6787f4ukrauk9yzrmaxtsudnumezuurd45ff7gdsj8wsy6,889806.0,p2tr,9,1
bc1plsguqhgxqd9kw3567f7cckk8enkpp4h8ylvygyx8w2w4075s5atqec0834,889806.0,p2tr,10,1
bc1plsklfc6n4m4q28mepgnze4nqv7g78s4w3nuf6qkfwn7smuqad7nqwvazr9,889806.0,p2tr,13,1
bc1plspkhvem0g55dad04ugxrmvdwvzhq5c676fjj0zvjfqnslykyavq323z86,889806.0,p2tr,10,1
bc1plsqctdhgaj80j6f6tlf4cdtktqhlushj0n8hvpfnltcl6g2zd9us6heysr,889806.0,p2tr,15,1
bc1plt96f6y7yh8q9zskzd0grvz5d6xwafw2wqz3zkttfy7tny3ura6s9krt0v,889806.0,p2tr,9,1
bc1pltkduadp5dnhuvzag7pk69ppyvl4mgzayqm23r8u5szjepalt43qgpz4ae,889806.0,p2tr,15,1
bc1pltp9yqnls456vuga796u3rn2je3h5lhy45ps8n4hqed75d4kw4zqc26rum,889806.0,p2tr,8,1
bc1pltu5nu77s43lfdmarg4a2zmvygaat2a3j2kpkr0u8k93hvu6z6yqgrggv3,889806.0,p2tr,27,1
bc1pltzk7qah8w72lu4p9x0ddgxxwtmg2mpwqt3npxj4tz6qp6nlsfzqyvjm93,889806.0,p2tr,9,1
bc1plu50fqf2xvv2qud58322h9l00x2exfv0m94rmdj7yaltez52seeqpvqrxq,889806.0,p2tr,23,1
bc1pluskxnsyqkz5p83pprhakvm2qfhdfeztt7du3ujfaltawn6th0yqfx06zf,889806.0,p2tr,16,1
bc1plv56ft625uskgx4dk4mfka7gpzae9tl4eus48rqlcymum63fa2hsktkk0l,889806.0,p2tr,17,1
bc1plv5vzq07sau2wwl0s54e7qsjsdruv3ax4mwqdnwhmnt5tus5dzxs0rf2wh,889806.0,p2tr,10,1
bc1plvh0mjn2jpgt7egk8xex8xu038mzaqrlqu35ddyjlsgcc039qh4s5lq0th,889806.0,p2tr,5,1
bc1plvhs9mt5urexhvr9eag8sv3vf2vnyk6kzzq269wz8p2zzqjgqaqq2472q5,889806.0,p2tr,56,1
bc1plvul8jm2gztsxm7h9s67mvsw37tfcl7nr48mruas7wgt27d7ndhq557xkv,889806.0,p2tr,12,1
bc1plw9w8qgfzd3xmjx4cga2tzk7ahk3kryuy3xvy7u4x553jk2cd57q43sp9u,889806.0,p2tr,52,1
bc1plwnmumsl2q0qtagxl25knz3y73fls0z7sgyxcrxym84dy2aljsfqay9mfc,889806.0,p2tr,19,1
bc1plwpsxr2200a8wwtyh7raxapmen7d9phxztyt5rtf66rm46xqk6vqruuu54,889806.0,p2tr,8,1
bc1plx2wej8n5awau5sdxpaus0ltnkan09vasr8a5k8lcdjtr98u8vaq7v99ak,889806.0,p2tr,5,1
bc1plxh6n4ymr7uxjvv0f2cvkdmz7kx98tu447x6m4yeydfms2f4ss3s5pfnmp,889806.0,p2tr,8,1
bc1plxmtcxf5czmy4266flnc2hg8wzzw2mexvuy882kk5dxm9juwkc3qy8r7ln,889806.0,p2tr,15,1
bc1plxty97m0tujmkx9lp27cxg5msjprl9d4w7rk7ufhfv2s0wz4w0usrv7llt,889806.0,p2tr,15,1
bc1plxwcnrppd5qt7nhpka5j8v2m86jkzjwkf4mgpfqcmfrgj8x2ynksdkrwd5,889806.0,p2tr,8,1
bc1ply8rrxvttmyfswux0l7ppgv3ekx4xm8vep2maefayte3q02sv76qhh88g3,889806.0,p2tr,8,1
bc1plyt0fd6ngf987fu6hwjtnmt2fjetgy2yfwv5w08369f5jw30tx3s4vwfng,889806.0,p2tr,88,1
bc1plyuch8uz4qgvd75y0s7mwdw2urd909mc3pyyt4895mkh2vqaxhcscgv72x,889806.0,p2tr,12,1
bc1plzeg8387trar9m4xlz4ks4ndjqlslw2gcta5gv7z7tqejkpucvqs2myad5,889806.0,p2tr,9,1
bc1plzjtygvhphge6mplxepg2dv5tulprtqwrp70e77z7c7x2k7ckeasgcr2nm,889806.0,p2tr,10,1
bc1plzm0kctqayhmr2h4n7fw7q05lmzlx9sga56903nee5lasp2z35uq0ehh7w,889806.0,p2tr,22,1
bc1plzraaen20d69nnz4c3f7nrrkr2f2ld6yxdrpf7dzqwhqcrkts32spxd92j,889806.0,p2tr,12,1
bc1plzsucnl0936q60mwte69ga5x3857pr9ns238paf4qm9hkwggp0ks8qfhuk,889806.0,p2tr,13,1
bc1plzxjzzhyunn0jzl00r8wqepmrrcjw5r6wh7kjvxqwzsl69cwclfss7y7xa,889806.0,p2tr,9,1
bc1pm0ctfemk9ehqluuv9nw3ga99teqw4dhr7htypxcjserk7ux596hqx693wt,889806.0,p2tr,26,1
bc1pm0p29zq50n5w8ymnrxlrez0r9xy7cs9ew85zleg3ack0j4yx09fsuq5rt5,889806.0,p2tr,10,1
bc1pm0rz5x55k3hwzxfn0unyk4ktarpa87ltw25fd3q454u0czppft9qg6dusw,889806.0,p2tr,11,1
bc1pm0s3vrt2wwmfzc3096hjc5lgfanzwxz7kgpyzuxvtt67w70tk4wqhft5zq,889806.0,p2tr,10,1
bc1pm0tgjh5cwa9prlmgttwhjs22jylhrhuvtn7m30usvg8pegkd27gs2yecxg,889806.0,p2tr,18,1
bc1pm0wva2fkz287ns3w0j0j08l7umgy30rsckz4r28td2k00np46lqqdnvery,889806.0,p2tr,61,1
bc1pm0yh4v7d0ggd9svqe9ed089zq9537q2vt9zyv3trmcl4jjnscxyqfyapdq,889806.0,p2tr,9,1
bc1pm22dxurtyk4wfpw8aq55e2k8tafm5nf8v7kfr77jak29x2mujcaqeq29fr,889806.0,p2tr,16,1
bc1pm2a9xdz0rwrzynwudu7qk6k3x0gv5u94fckyslema6vy4jnxn8dq0hmsh6,889806.0,p2tr,16,1
bc1pm2gcrnz0wu0cwavm0pqtpxjgsevxdzglf28hn84xp8vx4ucaw98qsm4tcv,889806.0,p2tr,6,1
bc1pm2gxremuvdd75k9eah4u7rvhxjadqjskwkn0cx24g5kx9rrlnjvqpwafss,889806.0,p2tr,19,1
bc1pm2zhkmf3s79n5vt2fxydt0vmttw03jh4wtaywwmc53hym9rfdlzqgpvupg,889806.0,p2tr,8,1
bc1pm325n2jag46er0d2v8mv4yhrm8vyk85q0ex0y0afxn0cl72xltsszuzqtn,889806.0,p2tr,8,1
bc1pm34g2fsrh4lvm7arkq23ujzx02760usran7vks395uk74w775fgsf7naya,889806.0,p2tr,4,1
bc1pm39kygv59jvn06jr3cnw957f6u80f0ls5vs7vx494hdd555zk7qs5q37a0,889806.0,p2tr,14,1
bc1pm3rmtf20wsy53ufxg0tmm0x99w60agqmcg4trttzwdnw7wmw0h4slyauh0,889806.0,p2tr,6,1
bc1pm3vncgc7s3twfyrcrk2wfgf5k2xd7ekrfp7pejgczxypayvywjastet8et,889806.0,p2tr,15,1
bc1pm3y8zgdqdsh70ddgtn6md9gv9lvhlm3uwx3fg7wzyl4255wp2ycqtcmzrv,889806.0,p2tr,14,1
bc1pm3ycthj9s4j9yc79wx5r22es53m0f9t2ghqgh8k2mfydsrchxcxsn83s0l,889806.0,p2tr,16,1
bc1pm40rh7gw0p8y024z52tja2w343a9z4kh0p2k9eg5tnppzd0yx6hs3lenvr,889806.0,p2tr,6,1
bc1pm44nasettv462uxrrrn0ksjt0atau8llfef336tsvqt5keudk7pqf5ur93,889806.0,p2tr,7,1
bc1p8yk9qphc4ff04nlqwzf2mxma9jsgvt0x3jmjvvdh0f7q4g3mp4cq92w0jc,889806.0,p2tr,8,1
bc1p8ypx69l6n4n4v7snd436w7dhw2gk0xa4rdhv958s9f2zhuz9fzmqeeax72,889806.0,p2tr,10,1
bc1p8yvqvsst6lxx7q0zt6dtkge607j6nsgxe9lke38mv286984sh83s67tveh,889806.0,p2tr,11,1
bc1p8yxzsnzld37445aw5lnlge9nz699042rtx8ud9srh5qaudzt2pas5um2ne,889806.0,p2tr,11,1
bc1p8yyz03ak3le33sv0znzjgksa0hr808j67jdjamuycrjnsvn8xxkscxdx9c,889806.0,p2tr,10,1
bc1p8z0yq9sg4pdqhnh42rs96mpy9fvvulhcvvaydpqke78xg7muwujsdzkq20,889806.0,p2tr,14,1
bc1p8z393lngthshr37q8mu73e548t50dej6dtwe6ydmujzugxwu8khscg2q5k,889806.0,p2tr,4,1
bc1p8zc8cvxy3dn8gt5v9c9dnlvmrslclsc5cfm8cwc0avqe48s9v3xsdykgwk,889806.0,p2tr,11,1
bc1p8zhltrlcj5rkmvxnl3nlhq73ygs2xzrzjzw0sy7fethjs7m6kz8sur68en,889806.0,p2tr,13,1
bc1p8znd7nka6t7k2czgzclvxszy5uzvasp5mk2dcqklaut92yljky9spu375l,889806.0,p2tr,17,1
bc1p8zzqvp5wyv5v66gy08hylp3l3k2g27nfaaum4ffhr9q6gz46jzqq5r9fte,889806.0,p2tr,23,1
bc1p908atc66lkqt3mnpvn3yv4jg6mx7my8qyrt4s2cl4ucregygy9kq2g54zw,889806.0,p2tr,15,1
bc1p909zgr0chjvfu0hgfedx77pu0y534wjhwxfhvuue36jwm6carv4smr5ntq,889806.0,p2tr,8,1
bc1p90dt0jnaqr2723wavqh586ka6y4szlzh8q3l3gqedkcasv7uq6qq38x5ly,889806.0,p2tr,10,1
bc1p90e5xacc4llnzsgknnmgj47l0u7tqxg0fg7ewl2ualkmld8k4eksyxa0ku,889806.0,p2tr,14,1
bc1p90fnwguhwhwa9tl5s3w5cv6d9qwzuxhwngmxqf7jn8y267dcpd5qakmgus,889806.0,p2tr,11,1
bc1p90kvay475g3trgr82yp6f4g27tq9z69ekwdq2rpqzt3mwagtsn7s8ytflt,889806.0,p2tr,23,1
bc1p90kvcy7xcup4j93h8k4avzdehmt8t9terp05d99hk92uu4qnp2cs0un4wh,889806.0,p2tr,28,1
bc1p90lw09qsc2p65he3hfa4xpsgl2cw4802kfcknclt4cjm0t8szw6q8724q0,889806.0,p2tr,8,1
bc1p90zg07j8sn6g52pdv3r9r7n2uz2wy6c447dtgkqtqs5a0ur08xssxj0dv9,889806.0,p2tr,10,1
bc1p92cp06fedwkdg2cvm8f880l57pe6ptq673xe4uxqnp85c0aejdhsml6mkj,889806.0,p2tr,4,1
bc1p92n55zgvsmy66z5nea6vdj96rsw00xuhms620pfvwx80v3fyfqws3gs7ns,889806.0,p2tr,6,1
bc1p92rhjprdqd8sflpwg7fzz97t7jxe6x5uarnu6skphqz0fzwmx8hq2m8vq5,889806.0,p2tr,19,1
bc1p92rv8x9khqhdwvpwj25rmjw23sserzj9tnhj3wt90nctjtjxfjtsglnsmr,889806.0,p2tr,16,1
bc1p92tctj95dh277xyatjp6rny2nt838y69zrf3v9075qk9s6255dqqrfr9ng,889806.0,p2tr,9,1
bc1p92xu0gmkwmue09jsygcyx0vndrh8sax9mr4q8lnypwlhpwzj04jsxlvwjd,889806.0,p2tr,12,1
bc1p94292t0f8raxxvjh8llnua0hnp7xu99v075fchxlc0230hmew2dsqfuthu,889806.0,p2tr,41,1
bc1p94k2q2kam6aezamcw900csdaa0kuxdp3rumxurfsdxqf5vx4xqqs2vd5sd,889806.0,p2tr,5,1
bc1p94lsu403kvccurgwufaw8suhrz8tmfvsnregnzrxyrddlng6fkrszsgg65,889806.0,p2tr,15,1
bc1p94nagxt6a095ey04vclecys3m8l9a4tjuq4zejnyaz2s07z8247qel4lgh,889806.0,p2tr,17,1
bc1p94wq32mzhuvm6ph7jm7amgzka0wr7pct4et0tnm0q6f4wyu9fmhspfp72r,889806.0,p2tr,35,1
bc1p950gwal92ze5utnhhgyrgg8p92mpnv5495zzdmpgejced75un5qqyfv0r9,889806.0,p2tr,129,1
bc1p957lpwp4wf5f043hj3y4pd2360vqvhc97egq8epyr0tmjfpafhhsycgugq,889806.0,p2tr,14,1
bc1p95hhdn253tvk3fm2a5zjxjl584f86nu0slpgssnc2agsy2pjgdcs2spave,889806.0,p2tr,16,1
bc1p969jc2reqn2xceqxs8arvhkd68f3njcsexk3xjap9aqc4emz5l4sdmnz2p,889806.0,p2tr,25,1
bc1p969yfyw69f2yluhzmkp0qvgj9u9hes9yxtfyc5l99ldcn6yg6f5s5w02tx,889806.0,p2tr,11,1
bc1p96g3f87vyyum0avdss39ep2808aqswsmh9kwly0ym2gd0x2y8u9sq7knc2,889806.0,p2tr,35,1
bc1p96hcesvtwp262uqdxnvalmqrzqscxvw25rcaxscydt3t65dvfgnsg6xpjt,889806.0,p2tr,11,1
bc1p96mpkknchs3wgmqjg92gepq8lwpms2qe3uanzfqnylk9mdzktt3shwn63v,889806.0,p2tr,9,1
bc1p96n5ezcd7dcwy08p4rd2jlem7790et8847ru4s9hv5n5zcxfghrs79pugp,889806.0,p2tr,13,1
bc1p97ewzy50rpxa76h69w5pf7pw2lvh0tp90tgmvz44l7ctcxnmmapq6ug8ef,889806.0,p2tr,13,1
bc1p97hj33zxfe8c6wxl3k7rjdl69y53wjw7eagh2crgmyq4fg4avuwqd7xf4t,889806.0,p2tr,27,1
bc1p97hjg20h0vhflrnvm9hvxxuwv94ghgvnajxuk886u9r3cl08umdswgkflz,889806.0,p2tr,46,1
bc1p97p7zjvn4sgh4k8w9m2pax0g4qq8nzxe9qvd948rk294q3ed0scsa9vfer,889806.0,p2tr,18,1
bc1p97rqre32wztfw4q9uukqvfrau5cz6pdju782kxlkl7taqrzp5pfq8s4qd6,889806.0,p2tr,22,1
bc1p97rwh6la4z346g7fw2h7q9v0d4dz9n6ay5e4f7p7wny2vszsmspq9xsyxv,889806.0,p2tr,13,1
bc1p97sggm93ldvks3dp3ccwcsvqajqv06lksq60ny72g2064s5wxuvq0ansc6,889806.0,p2tr,14,1
bc1p97v2wekw28ey2zuj8s3spq46y5whxwzf20vgu70xmfj2dcuz2z9sjck6qg,889806.0,p2tr,6,1
bc1p98apnd725wz2y2xuglpf3l34m4szrta20x2hxx8my23nh3fgcudqyfj7hc,889806.0,p2tr,13,1
bc1p98raye3xnk7e8azef95dsxa7mdul0hkx0kz0ffc29yltjrre5y5sguaf0z,889806.0,p2tr,9,1
bc1p98tczymnaexq0ah5syvpl2n2g74jnz7s6dtuzdz6a9jmrcydr4zszg8w3q,889806.0,p2tr,16,1
bc1p993kkywpxjnzxxacy2rr5grepmegqwra3y6r7mddr5ty0varnjqsn2xn76,889806.0,p2tr,17,1
bc1p99eghfvcv0e4z7tt94tms0zszda9h6smq6l38j3rfqndu0yjxjvse7pwnr,889806.0,p2tr,11,1
bc1p99gkqq9awec7tqw7cgxflgua492xku2xp04rrur96xjt38h76h2smj8aqa,889806.0,p2tr,8,1
bc1p99l20lyvf24v9fsnlcgp7a2jkgwadyxdpalx6m6dkgh5dp8kemqqq2ljm9,889806.0,p2tr,12,1
bc1p99nd9n3s2jqds09cu44ftzga59mge2fgu0jf3s7t5t5za87u9fqslkcl5y,889806.0,p2tr,9,1
bc1p9a8ausj8wp3xflamxfs34ds2l8zantwh50ja2g7gnux6lvzzd92qgn8rf0,889806.0,p2tr,11,1
bc1p9aq55n7y308u85fp5eelvwexzhegjvfudul8mxp5gtt5yggr46ysxqgpu3,889806.0,p2tr,24,1
bc1p9aqchawqkt4l2v53f2wmft5kafkkh2jqxlfmgwa088n649cyaj2qfufnuy,889806.0,p2tr,9,1
bc1p9aqs6atw2v3c6e29kaa936ury5p0j4jy84v5gx9jqm6ht02a04hsntmc00,889806.0,p2tr,9,1
bc1p9az3gysxwh0wuyce0nzk9fypzh6skct7acl64wdzj95yffhaezysv4psun,889806.0,p2tr,32,1
bc1p9c2kfwekxrun8ps6kv4z7nqqmsgcutfkhn0ttj27evj2q4qv8z8s02ytgj,889806.0,p2tr,4,1
bc1p9c90yqmjaw9m8parlflutvf0kp0vmh4z3dxe5km0phyme6cls5ysf75v2q,889806.0,p2tr,11,1
bc1p9cjd96a3xtfyyhpxw078kwc7ujkdyxh60z9jsuye5lp95cqfqlsqwjs4nf,889806.0,p2tr,9,1
bc1p9cjpzze4s8d57vw9a2pzkz4r4hxr4vgaxlpte5p3v5c3gdc0rc6srlym77,889806.0,p2tr,15,1
bc1p9djcc4tndwy63kknasvv73gv6sg0tfmfvgwx9nsyqqpzj382t4mq8r8e47,889806.0,p2tr,28,1
bc1p9dr53esw49qj3elq0uef9a3w3f6jq472mxyvzr0qy8mf68jy7jpqexw8pa,889806.0,p2tr,12,1
bc1p9e43907qdsc5p0lpa6gwuhgv32dl29gww04lz0vz5ecjnx8ccdxs4eqtfm,889806.0,p2tr,8,1
bc1p9eaf2pdswkh539wwvk0zteegvtruetntgrpk6et0duqm4qlz25ysgc82ya,889806.0,p2tr,43,1
bc1p9earwttg0f5saux66dqqpz0dhxfkhl9hdgk5esq9y3fwnxpchm6qe39xgt,889806.0,p2tr,5,1
bc1p9ed509n3l8gm6ekv4cs6uds6n84s0s04s7u70xw4gltfvnlj0a5qe5gqa5,889806.0,p2tr,12,1
bc1p9ed8tgdqg3qvz8dtq6cmq065cn8yc7k6huhsuq38sgjl2ms4wgnsrhgn89,889806.0,p2tr,14,1
bc1p9ef8c72es653pgpzgpu30a8fhpgnewhzvawzxlh54q7xhf0s5s7qccmdkl,889806.0,p2tr,26,1
bc1p9enxd2jytws6tmflpepuqhk4whvmknjyhqejmpfc5p35ukkvd2sqeg2pdl,889806.0,p2tr,15,1
bc1p9eremylm7hxqscfeyarczkq3w5z3k82ky63etgha3janf6m8caqsrtgyq5,889806.0,p2tr,10,1
bc1p9f33zumfnpwz2e3tn8mf2kj0jkq4rprp9a49980ntemvjz56y6cspeehf0,889806.0,p2tr,12,1
bc1p9f5lzsd89vshrq77m3zleplzmczacegwyr2dxyn8ynyfgdwusehqh0hzyh,889806.0,p2tr,18,1
bc1p9f95rhh2ktmavl78y06v37dghlwqlvszydypkf5vnfh0errtlplsn70hwt,889806.0,p2tr,12,1
bc1p9g3rph53m0ntysxz92m3zh7eu58hrus0t40h4xytz9y9txu504eqlh59h9,889806.0,p2tr,12,1
bc1p9g9w3ja7yudtl375m7w9707y6vc5ww34mejles29fw52kjsvj78smah58n,889806.0,p2tr,9,1
bc1p9gd9fkkkqjs9ycc6sd7xmrhuppqksyy2udul8rj5egrez0x0q86spgu4t2,889806.0,p2tr,9,1
bc1p9gljqd40nza3ea630n6g9w4va0p6339ktf8vuj92muhvud6c9skqgxam73,889806.0,p2tr,8,1
bc1p9gpt88gkc9yf9275jhkl0ndf56sy3txzf3c78aj98te2a0xdupgssldnvw,889806.0,p2tr,15,1
bc1p9grccd0mqsgnpzhd3r5vw3quzfnkxvhpqell3xg5kr0c9c5xvy5qysjlrc,889806.0,p2tr,8,1
bc1p9gt09watuuqe4t3n6ts8rsa68d4j6vep2pt27fmr422tw7taav9qs4nfuu,889806.0,p2tr,9,1
bc1p9h0ya4563zw4cuq9tl86ur53fz36zrnvy058ctz0ltstnad0adxslwmps7,889806.0,p2tr,100,1
bc1p9h70r7ftsv4ctvwxfandgdgs6xpt69rlsw3nfafvr54aw2hdvxtqkp34m8,889806.0,p2tr,36,1
bc1p9h7j66wr63cn8qn9exdygzlqhe5ppmtga9gcnjl0uuudsmf5hdpspwplu8,889806.0,p2tr,20,1
bc1p9hjq4farpr0skrj0lvpnwqtac3a9st5mf07hwex7f9nu6ah6wkqq25ygzp,889806.0,p2tr,11,1
bc1p9hs3c38r6zx8q658nsccn0jxm9td3xye0gxc0h8ey2v77lfsqu7qx60k6a,889806.0,p2tr,13,1
bc1p9htkr60m8qefga30qm57exx7zuueffzesnqfqlascpp3eht7ywqqqjcmaa,889806.0,p2tr,15,1
bc1p9hzjdkhzjaa0entl3ucjdv4j7n42tlxzfmlphzdsxwrvff7x5ueqxaklp3,889806.0,p2tr,15,1
bc1p9j5udg4cy8fajc5camryjqskggauzhcxvgura5h3a3hjwp292q8suj4fst,889806.0,p2tr,18,1
bc1p9jdw9w95rufxlxl2632sjxa49vqtjs0x0sztunsvutq7kc7u559s4gqk72,889806.0,p2tr,23,1
bc1p9jh5wj503n8v3c9j6z86urzy4x0j34t854kgcpv3kc05usy7pjdsgtscxa,889806.0,p2tr,8,1
bc1p9jkc6h4h7kywcsd640zuc5gh80ye52yru53hcj5l3az7cpqnuwhqhpqzdt,889806.0,p2tr,7,1
bc1p9jvpkht4r5zfrdhzdhcf6xcp8u8vhma5zfaydxmh6t6jn4g6gqkqs4ck0d,889806.0,p2tr,4,1
bc1p9k24ltkcw07vkgkfpmqhgku2skxyedhnjn3zjdseqp7djq0lxx8qyayztl,889806.0,p2tr,35,1
bc1p9kamacxw8pnwgzez53qu9us4zs3enfjgzvt2vc9qk0s9fdaa9tmq75a20q,889806.0,p2tr,9,1
bc1p9kjszxl644047h928a9ujc3e3lm4zvgwg9ynx6pyhggs6lf4sshsjxagtp,889806.0,p2tr,30,1
bc1p9klfx5uzellz45me32a8tdd8ddnxx38jct8ga33yu5t28luq6y2qx3jemg,889806.0,p2tr,30,1
bc1p9ku4nz44cta4acdhuau5fyh983ffe3rz47fgfjjm2mqhg9q3rffqrzzeg4,889806.0,p2tr,14,1
bc1p9kuyyaxkjmq3tzrd5quaartywws7957levq7s6jx40suqsehl3zq6dvs2t,889806.0,p2tr,8,1
bc1p9l3kvyc3fst8hrug3dc5j4453adjsv0sln4tq4fndjve833qxwfqdqtnss,889806.0,p2tr,20,1
bc1p9l7gas8a78p9ju6smhrz469zhu96cgpre59tqnuks67z6puudq3qakzknj,889806.0,p2tr,18,1
bc1p9lhczxjqs5ser9arnqgl6qkp6c03dpe0x29el28j8st4e4nj0lhs0xk4l7,889806.0,p2tr,5,1
bc1p9lvcns5gk5xeu62f5k2f6xz0yl7md9lehgjeg5a94p6jyafyv78sgk2kun,889806.0,p2tr,14,1
bc1p9m09zv6x2grkk69pw4kmrs9ydps0k90dvv5cjdkh7gwx9zq6zqksf9jp6w,889806.0,p2tr,26,1
bc1p9m4lddd39525vqylcmgjf9w4lm9gfdy88elvssyvj4eyue4shcpqmrqz4w,889806.0,p2tr,12,1
bc1p9n2prlyzq2vdw4fwx2ugq5adjfds7gh5qssvlj7wasvflcpe8sxqdc9smc,889806.0,p2tr,11,1
bc1p9n2yrqc80svuyn3ynwrlhqvsu4f79le6zfq934sdrnakllwm95fsv8qjzv,889806.0,p2tr,15,1
bc1p9n7mnp2qn5da5w6desfs597k47lmdra4lzs3q9h9ekh36x683yaq4xl0a9,889806.0,p2tr,4,1
bc1p9n85uj3vsrcjfdwmhs78r6c5x6rl5qur9zh6ke5wv7ztfte6wteqavrhdk,889806.0,p2tr,26,1
bc1p9nh7p7lvwelg9v0njjg529lwr6gc0nxd0tlrz4pmfa5n56fcsc5qyrpteg,889806.0,p2tr,9,1
bc1p9nmmlm4vcl4qfjg0f4jktezcrs6md0v7w88z4g2z2qr588h2atssuhflmf,889806.0,p2tr,9,1
bc1p9ns5xjes035cat4lyaqxva08te2t23m85pdwxch05psr77uth92sgw97u6,889806.0,p2tr,44,1
bc1p9nsq9z0kk4rr8ytxvh6xxg2udy5lfhzmtxsul8ffcw85sz85gsfqsaax05,889806.0,p2tr,33,1
bc1p9ntsetrugqhklpmyq6z5heyyqmyjn83cczvays499mh3ckjt720qf2zluu,889806.0,p2tr,11,1
bc1p9peue39ud440zecevcplue23jz3ehj480xx2dnky4fwc8qq3jv5s7pl6q6,889806.0,p2tr,9,1
bc1p9pgq0v620rsxy4md97vuwkwyh0enttfru73p97aqhns3suzz3jzq65r4fs,889806.0,p2tr,5,1
bc1p9qayy96jwdmp5jg2v5fyjyyna0axv26s3xpfwx2vd8va7yz42gqqc0clj4,889806.0,p2tr,17,1
bc1p9qkmvfamw2x4zn3rlfm4vp7e2ycx9c6frtdrhcy248nhkturkqnqpvt7cv,889806.0,p2tr,8,1
bc1p9qpwhm3svhjacymc9zpttnlntv8vgn8cur9f7mg6fsz8alpmmjrqjuxt0v,889806.0,p2tr,8,1
bc1p9qtq4lnu6lvrjwskm3ull8dxu4qnfwa8ue2wlnv988gt62uhlr3supva32,889806.0,p2tr,8,1
bc1p9qutsscjaa85qw9rav5wkjewsddhz45hf5g08eejcmzxsced8zuqc47f59,889806.0,p2tr,5,1
bc1p9r9yrqgmycayzznnjqzpd0u7qgh9t20g3zytf8n63xyuskt5px4sdqxxn4,889806.0,p2tr,9,1
bc1p9rla63jpj3dflupypdlee0z0qe5k0alzxx3xm8gy60e5qp4cvkqqxly7wl,889806.0,p2tr,8,1
bc1p9rsjdx6wzlpzpyllfwasvl9euq7lu5kddprq7gascjz7xzqqsfyqzk7s3w,889806.0,p2tr,6,1
bc1p9ru94t2vecz6gyuf884z448vfqz8sysh5eqyyqy5t6sg0sv2fepsxnkh4h,889806.0,p2tr,17,1
bc1p9salz5npxauhwyzgmk4zuc00e6yllgjxzjtt9w4wcfufx7c986nq43emnn,889806.0,p2tr,8,1
bc1p9sg6pjdmz3l5tny7g7fe6sld9tdg7xfv2g5vwr5hc52az9c0ffyshjerfm,889806.0,p2tr,20,1
bc1p9sgsujf5leffq0sutwznhtpvpax3ns0a2shzyny7w748tyd86fqs46zmne,889806.0,p2tr,17,1
bc1p9sgxa24ze7n9mwhvhuhgrc0zl44eje27egfaa5hz0fue7h5m9zjsga2680,889806.0,p2tr,29,1
bc1p9smq0dgrkelk2w5jyv4cj2yqckvetkv6xj8rr0xwsgcm2xueey0squrqg5,889806.0,p2tr,12,1
bc1p9st0q72403w9j9np5mm7a2p9g45sghpau78ph5k4uurdycy25y9qnj0phk,889806.0,p2tr,25,1
bc1p9t0yyxzr3whguk97qlkxyygr5f329fxvquntzt02keu0jc6h8qcqqlp8nc,889806.0,p2tr,8,1
bc1p9tg7kvtduwkruxh3wgg6h5m3p5vxleswz8wlm6qx7zlg9kdak5ust47kth,889806.0,p2tr,4,1
bc1p9tjnhrnzucwqw2prmh4zx59nd6gqsk6828whgpa5tcd6xdq5q4cqpkw5cs,889806.0,p2tr,17,1
bc1p9tv29xq8m5jusgvsxqg3u3u9t0np7c8qww5vp73xmz2tspry499s6vkahf,889806.0,p2tr,10,1
bc1p9ughguhfc27l0qwxmjfkk0jtk5l9rk56vgkgfj468h2ae45m2s3qs0nph9,889806.0,p2tr,10,1
bc1p9uysnl0vmslzxnmsyan30qpzn9njjnwek2cta722nz9j8jn3fvjsk5e3ae,889806.0,p2tr,19,1
bc1p9v2hm5qq0266ennldqzevply9nvhc00tdw4gkzhmjn8dzf9w6ncs04tesx,889806.0,p2tr,13,1
bc1p9v9y0q07w66stq3krasq94ddwqn3klgmcthqwgkjjhnatp5qzkusf4t69d,889806.0,p2tr,29,1
bc1p9vg2vd98nj5qqg4clr33smmlj77ez0xkd8fxp9wcxy4u4cp5z56qyfw666,889806.0,p2tr,10,1
bc1p9vl90a7gxzq5cf5cqmmasm8z28kkt9vzsx7fjrrpe48v9kxuk3jsad840m,889806.0,p2tr,22,1
bc1p9vppsg6kpseqxgrqmjvcmqaqj29h4zyp987nkqtyqjds9y3jtljsfp3vcn,889806.0,p2tr,8,1
bc1p9vtgxqfvggu6phvxqp03nvdm4hjm664ammsgpr2j9kg8w55cvxcs9cgavj,889806.0,p2tr,10,1
bc1p9vx6ylc72alc2xyk6hd6flatuzanz55ed0dlx2fw0wu90038js7sh9yjnu,889806.0,p2tr,32,1
bc1p9wgtw4wc3905lpzpd8hzwdq7uf5ju7mlaaz87xjjnrkcq9p9t6vqmszgzk,889806.0,p2tr,12,1
bc1p9wkxhk2pp78allzxl5ejz4nkmgl3v7mz2p97tqyjgsjm6lx0uwfqw69rzr,889806.0,p2tr,10,1
bc1p9x08afmq07zjdwcla388wdcarzu5txrmqcwv6ahuwdus3aa6y7gqkp79sk,889806.0,p2tr,10,1
bc1p9xmgl5etnxcg80h8jq8wc8xwajn9gr7szlfqfqjrv8l5kejxqzkqp0tzwj,889806.0,p2tr,122,1
bc1p9xp4gq207dgw4v04uk8q285hkpgc6wxecf7uvwp5cy08u67vvwjqxf4lmw,889806.0,p2tr,31,1
bc1p9xrqqmz5u7slhq4z6shlfs4cnfj2t8drt5j49px9eev4zakfqfcsy4ptxj,889806.0,p2tr,15,1
bc1p9xtph2l5xuna603a0tkq2acrw3w9lr098z7xmh6ccy2zlhz9ytdq0xexhs,889806.0,p2tr,24,1
bc1p9xv6a7305f3fvdgr7w763ww7fwggnp0e9h5a6sa78z8n08n3yvaqvxseuh,889806.0,p2tr,12,1
bc1p9xzsmtcz0mn3c3l04d6ptnkcfu2cujp64u9p0yaera6hs45tmggs3z5hdk,889806.0,p2tr,23,1
bc1p9y9wx02cpvd3dkgm527fnggryr72u7ckcxemc84jtvr3j2fvs93qyqsrf8,889806.0,p2tr,44,1
bc1p9yf73s25r26vqq45cm4z8wjmqxryhyqqelull9kwsydtg3uxtgtsfdp49x,889806.0,p2tr,20,1
bc1p9z0cgafgggvrp8jx483d7dnvcl4t5g07fnjwzvrja6535wufaxaqwqxg54,889806.0,p2tr,11,1
bc1p9z59zg56f2ng0nyj5artdlhedgyp8ty5w0vgd86tvpc2mvh5zpuq0l5uvl,889806.0,p2tr,27,1
bc1p9zerfmhsnuff8hxem53txe7nhwguch864pnxe8gz8dad8t89pldssp5rw7,889806.0,p2tr,14,1
bc1p9zg988hu0lhft4yv2wsn0d83s4kvpp0cslwakumaglpk2r882ncsyfcjx8,889806.0,p2tr,10,1
bc1p9zq0rs3q0duhg39ml4hg42l52vxgty09qfppy4m4qqak893uunjsvz2rhx,889806.0,p2tr,6,1
bc1p9zr9wn9lu5khcuae950pz8as7s2a8w6876l0zawvthkk57y5t7rqcsjt0u,889806.0,p2tr,13,1
bc1p9zwp9n56t86hng9f99azezvqryt7gqzqutx87eu2d0rvg9km74fscf0rnd,889806.0,p2tr,18,1
bc1p9zwzcsrll5vgeyf8h06a2djaqfhttktgjdfae53hek02chu06z6s05y6x9,889806.0,p2tr,8,1
bc1pa03epch3yy7dxflrefsxl9zhj08086sjttmzs54y3wllhgwlj09sgvmj5l,889806.0,p2tr,8,1
bc1pa0ax607elu3a2309a94kp98ptu8qd7pke6dp55cecmg23mpv24pqzaxr97,889806.0,p2tr,19,1
bc1pa0vftjccrgcwva0arqecmzas8p5k4twwqv2ucl4798fy2reyx9rs5phc86,889806.0,p2tr,4,1
bc1pa2ey4804qq56wap3tcypu7j9lj686qws6ts03hgwphndyh6lyhxspe5t7v,889806.0,p2tr,25,1
bc1pa2jl0lutr6e9xfefswv0w8xk78ppwzmzamllslqul3hj3ywuvluqagnjlc,889806.0,p2tr,4,1
bc1pa3a68a95gk8nuyxh2wukeq8ghl8c3lxyjt6v2d2p2y2u3j56d0qq9aq5hl,889806.0,p2tr,18,1
bc1pa3del4qn5xp0fjpfvtal5tpgqgm0xf8pxeumc2ml9mggtq4k5n0sdyy65y,889806.0,p2tr,23,1
bc1pa3fsyvcfu0yh6r4wc6p69m3ytq8rnyz0vrsanrqvmp3a4rh4ylhsz97xeu,889806.0,p2tr,9,1
bc1pa3j9aq7q4qz0edw34arzzrct704q6hu6mfp5l2cluv7733dgq8pqw9pdqq,889806.0,p2tr,9,1
bc1pa44g5wk0nmpfktqswwmzz3h9ul6t72wzvzdhu85dqz7dgs8ha84qu256a2,889806.0,p2tr,24,1
bc1pa45jxcjxdu7v7q80t4u8cgnrm0nudpwt4q8lptse88jprg4dgswqc23gtl,889806.0,p2tr,56,1
bc1pa4a5r0ycylsfdka404ms8f8z08zh8xru5hlu3vrreywr22p8v35qfk9tsx,889806.0,p2tr,15,1
bc1pa4m22paxpwf7yd7afq3et2jf8t0y5ympmkyvcy0p2sjrhv5rpwdqd59qcp,889806.0,p2tr,15,1
bc1pa4nc62wqt0fquw8f6sv0mw7rj0kukxqvlaxedfz3dgzzg929hlxsy0txt3,889806.0,p2tr,51,1
bc1pa4xm2ww0t6dugsrp47ajfrpr3y45kaw4c63htcdrh5pg7gvwhajs33qpjg,889806.0,p2tr,20,1
bc1pa4xwujypeflmprw4vfrkcv5vgeu4adp92jls0e0wk8dw6sav0g3sza6vvx,889806.0,p2tr,12,1
bc1pa54hrn8x5su5h8ckzm9zpqgw9rz7q958a44x38mrlnwafqrqcr7qtejuc8,889806.0,p2tr,10,1
bc1pa5e90fem8kxcv49ml50tyy3uwfw4qafn0lc49a4dvkylh759hvvqkd6n25,889806.0,p2tr,12,1
bc1pa5gqtgadp92u0agyxayaarevsqcah2zkcp63q9v4sc0prmsfkhes4t5dwe,889806.0,p2tr,15,1
bc1pa5hw4hupn6wpd6wkvlvgzure3dsy3xw0d75sqj3kx0agd5fa5vcqwg4uak,889806.0,p2tr,8,1
bc1pa5n776v8ge969ypcv0xha7fcvu0ta2cjwd847g50fj0n4sj03dfsg63lsl,889806.0,p2tr,9,1
bc1pa5s2kc0f7ggymqsjayld8x85pe03rky8n8k7cszdwl9hzhaqt4kqrssplt,889806.0,p2tr,9,1
bc1pa5tjts6kxlux5lxucke4q7tdtavud2v082zrcsvs5yxk7skx8h5qtydn0g,889806.0,p2tr,11,1
bc1pa5ygajwlyv57r69xjnrqgnccxhhsm2sz47c6nx5a36xd8f47ktjqg9qfar,889806.0,p2tr,9,1
bc1pa66ycxvcxc8zsczpfsysg7fjg98dmy8fmvemx64k5n8g0uwhczasq2lpgq,889806.0,p2tr,4,1
bc1pa66z9lqpthdz42hwae4y04vg0qw30zsl0jvphxw9xmrcfrgma2xs79uuwc,889806.0,p2tr,18,1
bc1pa67j873xn2wcel0l3k7r2yr65ynth360rk2zx27fcaulthtpsm0svwh3sa,889806.0,p2tr,9,1
bc1pa69svyetu2de48raeq6rat5vq2vvxjnpr5lspxp6c0d05pj4yckqenzdzn,889806.0,p2tr,16,1
bc1pa6f243ad6prv7ytezpwhrexpplx7tfxv7crrydrl0rca2lalsy6swe452j,889806.0,p2tr,12,1
bc1pa6k40apsfsdk520fmn9d0c2m9v3cpqf0cx6dsd23t75wnpxc0l6sg0qx3y,889806.0,p2tr,16,1
bc1pa6m2lfqdsud9jrjrr4n0u2llf6fdqtns2u4f87ktrdvlhuqxc4zsa9v0eg,889806.0,p2tr,8,1
bc1pa6mffzecwnmm96etkjp9657z8cjkvna4gzyyr4ga0pejuwc6pdrsh48gkz,889806.0,p2tr,16,1
bc1pa75rzl7dwyysmfphqeshdzyjaujd5vucs2r3rwgll4t6lsqqkzfqfzxtje,889806.0,p2tr,14,1
bc1pa76jgtjk06u239dqtscylkk5vhlyd9pn2fz8am2nnawjt4lvqk2sadnaml,889806.0,p2tr,17,1
bc1phfjp5pgavufyfsl3m65tqp8qnhvp2q09sxy0gcwlyscgs5fcpjrqxgxu6z,889806.0,p2tr,18,1
bc1phfn202l9nf60f0f80q9eu9970p240mk5vf423s3myn243sl8a7qscx0xj0,889806.0,p2tr,8,1
bc1phfrzde0w9au34wnl5r28ddl9ea6afptj3gjupdlly27a00cp40dswdyrzr,889806.0,p2tr,12,1
bc1phfwd5cydqz2y000s6wp77c8hejrpwjj2av7tdmtq6hvfz67hchsqjknsd4,889806.0,p2tr,5,1
bc1phfx0launwmc5v96yurt6vn7cp86ff2e2p8d0ndru88u80x53zuqq4wjvas,889806.0,p2tr,11,1
bc1phfy9wf80cdk9a0gwlfly96rnhp9tcwcec66wvxqmwx33c38njsgsyshps5,889806.0,p2tr,17,1
bc1phg7chykl0zzh6rrlr9pnxedq6rkg2tacvudm0gtvsj4a62p8h7gs54zyr2,889806.0,p2tr,40,1
bc1phgdzpnl06378vr9j372pryf56jm53w97wsqp4ays9d5qhd88vksq38d2fn,889806.0,p2tr,5,1
bc1phgh453rw4lwdumh9u6jx7cjm3dl0fgzaxx6gcafymg654ne2ynnsuc9vjy,889806.0,p2tr,8,1
bc1phgs3jfjwjexeewdrjm9h45hyxhz66l60v6cca8e88328k9fdkkjqdcq3aa,889806.0,p2tr,14,1
bc1phhprl9z2f6prt0jwqreamv8mraktj7munwsua9lllfthwd6kqdhsln9jd5,889806.0,p2tr,12,1
bc1phhwwzdfxl4ly9unkx9xtzh4709h8zay5xzg2zrpuzsqghy82zaqsh2d3s7,889806.0,p2tr,8,1
bc1phj6cs7dh8nsrnsgfa3tpu79mzq6478maygqcc8947cpcu88jkf9qwkxhgr,889806.0,p2tr,8,1
bc1phj7zg3708e8scvfhns4xpufrtp06smpy3z0lcdgu3m0d5pl3dujs7wuekm,889806.0,p2tr,4,1
bc1phj8hsl9w937prsfea43ea033gegwdgwhfp3xe35yx59vfyfr47ws8l8uq5,889806.0,p2tr,4,1
bc1phj9c23uu9zdps6vznj5ugk7kuweclwf0mxj2qqpd9amhpfwu0xyscg4c6k,889806.0,p2tr,13,1
bc1phjkfvp3kvntwl2ggh0nr5p823dttzj09p00h8tc2r7jxe8exrpsq8hya5d,889806.0,p2tr,19,1
bc1phjyn535wt6lgpe5mk5rgkvmuzr2yrpcf6h474dydj94ll8jf907qhy5t94,889806.0,p2tr,23,1
bc1phk6qlyh7xkze7q3y9msyx0ae44d826dctxyck4ndvc2w3w4hrnms2zsk9q,889806.0,p2tr,16,1
bc1phk9cy7snac2j0jgvq7zfmhgwn2lvtgrzqfjtrjevykl402n0knwsqa4zlk,889806.0,p2tr,28,1
bc1phkemqfvwuunvjtnj6c98ksemyjfs47y03nqn2gnnjz73283q4wdqqdsw22,889806.0,p2tr,8,1
bc1phkk75tf4wfhc9mqw8gxn5dawf0s5x4qkfgglqwft37fphfweaxpst3g3tp,889806.0,p2tr,12,1
bc1phkmryjzpkex5ugc4fg0sgnd9ayt6rk79dzlcv5r4zwz6mj420yrsux7782,889806.0,p2tr,10,1
bc1phknrwqm2mmq2hrhx43tke3vrlllv266us79he7fqqxvlccn3uavsnretyf,889806.0,p2tr,12,1
bc1phkr44pp2jts5rxfvrqq9fsrd4wdd43tejyzu2sfdcjjm0uvtt8jst8jg8t,889806.0,p2tr,8,1
bc1phksmnj8gpeqz8ve2nnfr7p35manfqm53tceudmqlcflny4xxy2ks9fft96,889806.0,p2tr,20,1
bc1phlfhlm62477x25q7k906h66c6htsde4ttgm7wkwmwfxf496aflcq5zznwa,889806.0,p2tr,11,1
bc1phlqwsfx0lsruudzxfvvxruajzsrxxr8yf4ts28ansxx0w4w59cmqt56les,889806.0,p2tr,26,1
bc1phlrvf9f0447u02vrelp2f94g4hsmy5f626qr2lplek9dy6mdaswqhkhave,889806.0,p2tr,55,1
bc1phlufzw5pj768xye0nezfdndxnkgqqrdp8thlgrzfzfu7nqzr76tqg5zcjx,889806.0,p2tr,47,1
bc1phlwj5xg0eftaact6h54r759r7rs7z6r8nfyq9m9rkzz9mwwpl5gqcna99r,889806.0,p2tr,14,1
bc1phlzzn2tjx3stu80pj6ahdpkznh260xvmpkhkj9z5f276m9swfl0shtv8qc,889806.0,p2tr,23,1
bc1phm79uac095ytaqsr29pahh8s36tq2salqnjcmnj0e6vqfuf0eazq24zagt,889806.0,p2tr,4,1
bc1phn5m26kzlxmu937hljnatzud7tmyl5znxsd5n74zhe78ane20t4qfmm4xg,889806.0,p2tr,12,1
bc1phnaju9qexhumfpzw73pmp0cpccjnndyj74a29gmrqdlu36fgqs5s0zqhnk,889806.0,p2tr,18,1
bc1phnj3ez45dqxlzr3k7z8n8jpa97da0r0x39njavr5ly6lljcrqw5q9fnvws,889806.0,p2tr,14,1
bc1phnkjum6p5gg4kc3yyyxd4gxacu3m5qrnhxtuhv8mhd6p22sl5z7s5wwvch,889806.0,p2tr,19,1
bc1phnn9kcswacf674qkrejxhvvuduzqwyyfx5lhq6e696y7myj3f9qslz2gap,889806.0,p2tr,4,1
bc1phnrzqgma674lkkm2lfq23gxqzms2snnyhpvpzngz8gxurqr23nuqyka6j7,889806.0,p2tr,16,1
bc1phnuf9fjq72vq2wmeyhayjs4rwkxat6j4vsfm2n83e5ed53dywucsv4s9e3,889806.0,p2tr,5,1
bc1php26ysm8etc7k46ufpl4w5mfn4hg8es0qk3sfteph2an7dh92agqnnrds6,889806.0,p2tr,15,1
bc1phpk2psuw4afv5emthq6xjshmh9nw8v6s04vy2a9tu0v55pulkyjspd6t3w,889806.0,p2tr,27,1
bc1phprtfn75mdzzemyt3ckkq898y4j7attus67lgpt2pzaz09ycdyqs0h2hql,889806.0,p2tr,12,1
bc1phpw4sa25h6mq3mpwgfhuhv5jlfmf8tauan0wqevr49jlxnpaswjqw57eqy,889806.0,p2tr,4,1
bc1phq6n4wsw8ffmcs2rtvsdwef3hx46lwt60crsm30u97sjk7ujztyq76gt63,889806.0,p2tr,4,1
bc1phqdwgv6vrppr6rrfp2mr8hfkq70m25t9548xhykyp9xkmguaudtqwcwr59,889806.0,p2tr,10,1
bc1phqe0q3704smt3ej7v7ma2vljcff8areavp3kh07acaswz250k6cqa2tp23,889806.0,p2tr,18,1
bc1phqga66fjdstwpv3rhru47pa6e3tsg9094qkng7dt4zxctl4ktmlsqv95v2,889806.0,p2tr,13,1
bc1phqkjxp64n6e6zrng230cvsz8rh9pqqvqcup76tdgkeamtufuka5sat9pl3,889806.0,p2tr,5,1
bc1phqxx6269npexfsvxwcxp8wq2mm6yyx7d6ecpt2z05483ty0w7u6s8hf7vy,889806.0,p2tr,4,1
bc1phr0uct5aknsm2nqdc4cvl3u6ypddkr2ewt3lqa8765klav0rarxqcsehle,889806.0,p2tr,33,1
bc1phr6kyahdwrjfrdkrpt3k54nvm620ucalr9t930am3s0z5hmjfthsg8cham,889806.0,p2tr,22,1
bc1phr9ryxsvl42s9608lze4lafh6ska46ppcls9mddl8vek03fw4r2syzppet,889806.0,p2tr,5,1
bc1phrddf0rgv7undnca864pg6fhx3j3pshlvwumtj72z2ulpsy9ttjsjjqcdv,889806.0,p2tr,14,1
bc1phrfdr7dnc7y9wnjylj9m87pf7ry80j6z5zq4zn66fwc0vmnzxzcshtdfpt,889806.0,p2tr,5,1
bc1phrkxjwts670z2yn9g8ael4jtkp3wqdmng8f79ua6p8dxn3q4fj8qyc5vfc,889806.0,p2tr,18,1
bc1phs02wx6tnz02xw738ys4ayk35eepkj400d2ap92hvcczn2tr92es22tqj9,889806.0,p2tr,8,1
bc1phs8wq8g539egkpshtw4qc0ehmgmtda5tuvzcs3thpwkj3vur4j8qku49jm,889806.0,p2tr,14,1
bc1phstzqqjcasrpexqu69hyf9c2hjynw80cfze5sncjsc5u26y5sxcq4lh52h,889806.0,p2tr,23,1
bc1phswayhjw69mf006xcakxxetl4n3g9tzvwwew389ark0365z9sqpq9nw43m,889806.0,p2tr,9,1
bc1phszs0u76jx9w93lenuka847cv2lsss3jckmwy2tfgu8glr9ldpnsq7ezja,889806.0,p2tr,8,1
bc1pht3rw9gqx2e6ueffsqs6zl505u054awa8l2rgn3r3zs6r688xu8slmym3g,889806.0,p2tr,8,1
bc1phtlqsyt2q76unh6pfsu9gx6n34nyg3m90p0ylfmx4s96l50fd9gsemdw5r,889806.0,p2tr,4,1
bc1phttm825vn5z0d2hr6wyhrek0fjsxlcj62a9pxs0zeyc9gpxujjzql9vlx4,889806.0,p2tr,14,1
bc1phu367kwq6zrf8hg28y34arppemz64m6axpqlkt0a0khupdrk0vfsu06hlx,889806.0,p2tr,15,1
bc1phuac2p472v52aykn8e8etysj002krvdm9nh5tz9jpz7mu8n6tezsqnfaa7,889806.0,p2tr,56,1
bc1phuat502yzqmm7c97ep3ps97dvc62my9tnrvlfz8wtcwrx4fzd0gqdj9ldz,889806.0,p2tr,10,1
bc1phugk758kq4xghysyysu56gytkqncrln34vpa3pl88x7dh9tv9a0snfelm9,889806.0,p2tr,12,1
bc1phv0wzsgrvfszdy4utqmckzqdm7k6glg5me7kwhskrnr9a8gj64qqc26j6m,889806.0,p2tr,34,1
bc1phv4q4xg6rfj4542am4qc6aycfq404swzp7nnaq4c2ayshu26cteqkh25rz,889806.0,p2tr,20,1
bc1phvejhkn4prpph026ufzrzflvhzdqfmewhypun4s9qpwexhp8mn3qkpycre,889806.0,p2tr,10,1
bc1phvjeun3yehs6a28glsxhlj0m93uurmxwssxny6m2lem3shnzwees2rwnyg,889806.0,p2tr,15,1
bc1phvkv03tjgd3drfqsalqrl8zzsetslt9ca0d9smnpsfmzevt538csn6zpq8,889806.0,p2tr,10,1
bc1phvwn8f6y0z3juedxnk4mflu8qrl0t5ck49pej6wtwhudym5s2qtsrh82mh,889806.0,p2tr,10,1
bc1phw34vchnf9qraszgsf7hrgrpehnx5n635dtrsjsxx66x40sq77jq363ux5,889806.0,p2tr,10,1
bc1phwhe2tgp50f5m8wz33a6qx5tpfa63lxck2fcxm8xm8y30pv5u4jqxvden0,889806.0,p2tr,57,1
bc1phwja7yjkpdr78tsv3lxxhd2pgnu28hpk6uy20lgtjv3rrd4rn36qxx98lv,889806.0,p2tr,18,1
bc1phwngvmmxuajzx630hj96ylyudyn3ejl6deqsupp6g5fsx47cqn3s7m50nd,889806.0,p2tr,11,1
bc1phx83w2x44pnct4zwfp4qu9frsh80ufe04ghk9fqlfuluwrw73ekszmph9n,889806.0,p2tr,27,1
bc1phxdvrf58ydr2sduz8h59vgvzz9hkk6gdn0x9vsmg6hay4czwntgq86xxsg,889806.0,p2tr,10,1
bc1phxng729xrwe827cnhvf5nshfax4zz0vqxpmm08tu54z8ysgtlk4sv0dnye,889806.0,p2tr,16,1
bc1phxqhqggvuqevjmm5zkymkdgp5m7m8lw5yhepjdzakpdvlxjt73xst6nazl,889806.0,p2tr,7,1
bc1phyf0pyuj982wrhs007tptgjed8zwmhqjxg00kj3g8c386e7hvhnqgderd4,889806.0,p2tr,10,1
bc1phyfrjjrkwwnh2hz5l050j6gpcz7nquxdp4vydl8sqf36ympmvjpsul6xy7,889806.0,p2tr,18,1
bc1phyq0j7hnj5g2z5xdsa88kgk65ttu4h8shhpwytqhjgy6kny774jqsnlh3j,889806.0,p2tr,27,1
bc1physh4n9ty9e9cvnsqsfkh53ud7ft7hun4quw4v7vdmtukhvqllgqw2djtk,889806.0,p2tr,4,1
bc1phyxrlt6q7vsnx4f2ywqdngs2s3k8q8jfr44gq3qajnka4saytf3qt0dwvu,889806.0,p2tr,8,1
bc1phz4al0r5ngdg2q6cc6jc2zc2my6epq594ywhu8hdceh58s6pj8kqyecfln,889806.0,p2tr,15,1
bc1phzt84wu58n7t9eekgxynrwjmhqk3dt094pwdtxngrxt92cw7ecqsev0f3k,889806.0,p2tr,22,1
bc1phztu0v9e50smhpecfcxdk6htc5sdxgjmk2740fu7tur3vh27594qkhdse3,889806.0,p2tr,20,1
bc1phzvg907cx9vrneaqdgzzwm7nuyhwemttd4the7qmexdg9wxh4fcsd3462u,889806.0,p2tr,11,1
bc1phzzr4dkfsl3uwuak9a20zz3y70v2nfjf3yxzhmp6yxw6myzdw4yq34nvsy,889806.0,p2tr,51,1
bc1pj022clzemmyk0rmed0sn3uacm7ydltm8zvqdgswhs20vy55ukghss9d94k,889806.0,p2tr,11,1
bc1pj02mr7jtuyx76v60flffwney0s3gd3z24adrqjrtryc732cqtksqetgwm7,889806.0,p2tr,8,1
bc1pj09dpev7l4xlj9f4hf4mu4s8s7swjamrln06yyqzjf67f488a9eq22z6wq,889806.0,p2tr,4,1
bc1pj0gcez68ma8lq2jcvju5pcmtcl73t6v3lvk89u2jzcq0sx3gky8sly5puz,889806.0,p2tr,10,1
bc1pj0nwpudyu59n0dhqzklr88dhjqhk0hckd989ptazalaw7zes3n2q7h20af,889806.0,p2tr,8,1
bc1pj0rh2fwgw6yj4hcyzaflg2l9avrejgzs99vk58udvz5dj8fhflgq905vxm,889806.0,p2tr,9,1
bc1pj0ssnrzmhqmq62jw8l9wsw4j7xgc4pgvjq4s9tzkukx804vddmdsa9p0qr,889806.0,p2tr,70,1
bc1pj0zp7xpeyw4shxnvxja5543aas907a2ljdnz20gxetxn4748370qjze6rq,889806.0,p2tr,12,1
bc1pj0zvcz2q2xeqm73t6fea77w6u9jsf2qjxus6ffcyaup406rxqnwqhx4hyy,889806.0,p2tr,23,1
bc1pj28v0hplug88syruaudelm4x835xx6vrdsm8nala9gj920pplp4qym2n80,889806.0,p2tr,19,1
bc1pj29ruah4208ere6xzn8e3p3dsk4q8sd67r0xvlteduxkee87h06sl5ct3p,889806.0,p2tr,21,1
bc1pj2k3x34vrzm4xt053lruamu2gdqhu40225r85348uk73xc2z2k4qthj4p4,889806.0,p2tr,10,1
bc1pj2plpd8fctvquhg78fx0qg9qxstfyvvpt20n6pu363r79vr4lshsdqcyl7,889806.0,p2tr,10,1
bc1pj2teceecjnjz4x9g3g7kz8ltlrpmuk4aq6xyqf92mg9snmm90tvswlrsv4,889806.0,p2tr,13,1
bc1pj2zcugjkld0wx67m5n4lyt6rppj9vxfcsa4awp69v3lpkhd0sdasvamtq7,889806.0,p2tr,9,1
bc1pj3w4t2yl2u77cyscqz49r28j4cl8np9wqpxwdr3waj2dt25dv0nq00znpz,889806.0,p2tr,22,1
bc1pj4pgqgkrjd7zd9htwazm9z04d38vp8hjv8cr62jrvj8ayfzvl8psu06nyg,889806.0,p2tr,7,1
bc1pj4wqt2jrfcgfaqflnnarjxek93p7gekr9jsps2097lug7rg4z3nq3xgw7v,889806.0,p2tr,20,1
bc1pj50qq47pxmd5r02nrgfzf2xlvnt62cpwaxtyvla7m5lc4ravvrlsq37rte,889806.0,p2tr,6,1
bc1pj54re6gp349lqlv8kka5n7297fr3pf3naxhv6dxajh4lfwgmqynsh9vfuz,889806.0,p2tr,9,1
bc1pj58zns3wun93a0lh29xhc83w2gsdjmvyrd2qz0r3emw0v26usmsstfx7tq,889806.0,p2tr,393,1
bc1pj5e6y0nuelpqeghj3n79lz2gg69wg5jct9pdru4d6q6zhqyvtpmq0gu0r5,889806.0,p2tr,7,1
bc1pj5pe268gf29dns5e0zlh26gkygj5njfufh8qntr6ryacmwsm4cgqhada92,889806.0,p2tr,20,1
bc1pj602vvdrzf94nmlkxgc573y24fau6lce4fvcqw9gnd4yku7qr8csdwafje,889806.0,p2tr,8,1
bc1pj66y9tnsxh6klw4f8d43hrm92u4g66sjmwpn9q52fd65pqra544s09tu99,889806.0,p2tr,15,1
bc1pj6gqk9chjdjlh8jlat3udeqn0ya220dsy9gjunmmhjyvfnly74sqhft3g4,889806.0,p2tr,9,1
bc1pj6kfw4hmvyy729wwr02k5lj8ffgzgqg090u9mkcdpzm3qcukj70sy3ww62,889806.0,p2tr,24,1
bc1pj6ktrvx2ffpyw3zlefaec3vc7ngl8yuzy2gd92fc54vakpqd7v9sv2mpcy,889806.0,p2tr,105,1
bc1pj6x8mj0xr585g42tl8d9dk5zxynen02vctqer6ug4pw6e7y7yfzqsv0m35,889806.0,p2tr,26,1
bc1pj72700prqpr6cyas6qms68zyrpgkhgsk8dugcl930x3taevjq2hqqfn4v2,889806.0,p2tr,44,1
bc1pj7ryh7jkpzy4ynrqtr6ew020pu7h48x9lnjnenzvpgrk98er2sfsa62vp6,889806.0,p2tr,8,1
bc1pj7ys5qx076vjkv7d89h57ssqanjp56cg3qdqef2p785t8r7qcymqvn9zw7,889806.0,p2tr,5,1
bc1pj85nrmk8kfk3hrq9a003ld0khh9whlmjnvykc6zh46cmv45k42sq3fwrxe,889806.0,p2tr,10,1
bc1pj8hsf7zv7xg694wvd42c4lpst8a422td9fauhehgv4a42cfxft2sk8gtga,889806.0,p2tr,10,1
bc1pj8hysqjrx3h9433td7eg3uskm6gtwfvm75pjmaweqztkkeycxfkq65amd7,889806.0,p2tr,8,1
bc1pj8v03zes2ch4yln00d0y9xx54t5yms5mex57dv25r32shmevq59q3t6cpf,889806.0,p2tr,12,1
bc1pj90eg97r43z9xk954mmuvnmfakpkgrkrc5uw0llrtcse03rshw0sjws3ev,889806.0,p2tr,41,1
bc1pj92vmef46afkl0x8zdaz8p7l74a8z7lr03c9d4g0y87zclj5h5ass3ykc7,889806.0,p2tr,5,1
bc1pj9cfsf30y66kcps9xxw40vuw7z9plx9ndw9yhfysujsq5a47xrsqd6j7xh,889806.0,p2tr,4,1
bc1pj9h9zk5xdjj7kt2xnldhsse6pk2dp76xfd8ag2lpl22rxpwtraksajx80a,889806.0,p2tr,6,1
bc1pj9mkr8ll9v3jpq9ltw5t9xwxq9wp92yfxa986yjf9dxsh6yue5mqqmd8x5,889806.0,p2tr,18,1
bc1pja35xsgelweg2jdwymxjg4y2phkt6k02td3pcqynx4dglj8paywqsg7uu3,889806.0,p2tr,10,1
bc1pjac962rffcc6my7aulhjsvxsusjwu9xkcm6xhvhd3tquhs6n228qsv6gjl,889806.0,p2tr,21,1
bc1pjavcfadsxccp0kqg0wtyl09llch6hl94480mye4d8wrw4rkf3uxs92slkp,889806.0,p2tr,12,1
bc1pjax0cfrl7cp5kc58hdzeqvqcmk763h52ztwxcsdpz4qvp2rve4eslap3ra,889806.0,p2tr,14,1
bc1pjc0ghkx9a96fphxyrss7fh8flpaj0n3d3uhva60t67sggzttqxeq4u0dv5,889806.0,p2tr,15,1
bc1pjc3fr4s8p9fn98zes5rzq22hjf4v598wps8zwu9tllglpspqn72svvv5p5,889806.0,p2tr,10,1
bc1pjc8zdjtf6r5r330kj3ukezswtx7va9ehha6md5mqy7vp7ehr28sq2zvp65,889806.0,p2tr,23,1
bc1pjcnx8nfh9ankmuyfq9vz2acmt4xnca00m6x0p2wamkacmvrnmguq6wwtxe,889806.0,p2tr,26,1
bc1pjctyvqvhs7zrq3y80em23dzq34y4tlazcftgqcf8shw5rdufvpyq39hfy4,889806.0,p2tr,11,1
bc1pjcwtu93fkpqxvz06s4txfmd25jatywfh65t9emdjq09nsyxt9ctscj2qj3,889806.0,p2tr,18,1
bc1pjd579359v75tsljgycel2y23tzqhscjjpq7jw2zpzhpn0zn7ptrs8jas89,889806.0,p2tr,20,1
bc1pjd7r06g4leuddw9dd5twv4szx6wvjy2vlyz2cpr7mdjtfh9w6wssetmu2s,889806.0,p2tr,9,1
bc1pjde46wh495udz9mthgefzxs9jfpf2lg5e2thd5j45k9ycpccrvvqyakgh8,889806.0,p2tr,9,1
bc1pjdlmjfaucnzs0umjjwyvl9qtvrsk680lsdlccnzq55dn3gh3mslsad4qq3,889806.0,p2tr,13,1
bc1pjdwftsc2uvyjz0dk27txcnpgx3d79jk99mrtdzkz7xdms28txdgshf6l73,889806.0,p2tr,7,1
bc1pje8t0fegk94yjtkx47ecdcenjwxy6fs39vvkv6tfxqndje2nwedsaxr6ua,889806.0,p2tr,12,1
bc1pjea6v6mr3ztn57p088nngrd3m3v4dpg0y8rq6zaxtqz2720h0uwq0ulvjh,889806.0,p2tr,11,1
bc1pjed9pqkxu0zv4s25as2vqtyyhj2cugnyzpkjeq6tkgp682htywmstwwgqp,889806.0,p2tr,8,1
bc1pjeepcag577u9ev0punvv3q7ajuxn2t8a6wmwtyheq0qx0g54uvpshrgq3a,889806.0,p2tr,8,1
bc1pjeh6an8yelukxrga2ru4uflyj2wwvd4nl8ay93ln2v72ne0xxdmqlea96n,889806.0,p2tr,4,1
bc1pjelnxwnm9ejputxugvd7ryt3p00mwj72fz2f5hu9ne3arepp9j4s8w82t0,889806.0,p2tr,8,1
bc1pjep3n5sgf2g6rqq4vg4u5fw508u622y3vygexlgvjz3j5vyh8tfs6k4gxg,889806.0,p2tr,8,1
bc1pjexvlxg7gn6h39yprjw2gf2nh90hyu8ttkzs6a5rqlec9qegj0nqrrclht,889806.0,p2tr,8,1
bc1pjf5clggq8zc3g2mzezkylhq0m3jtmncw8ueruejaxx2naqs7txes8adc8w,889806.0,p2tr,20,1
bc1pjfp7p4rr5s5clhfnu3udvcal2arcnnwuwwzzz3v5w4rp4x6su97qvd57mk,889806.0,p2tr,8,1
bc1pjfxg8vjm3r648x0e90zdm5gh6mw59xgkg6uwzaast3kkgz0kqxsqtx3zwu,889806.0,p2tr,8,1
bc1pjgf3v375tp22fm6r6q030mwlazyksrmgdxzrytmux5yjjx7cxmrqj30ctq,889806.0,p2tr,17,1
bc1pjgl2yg5q0fwa03t5ahwrr2trx55zg639p8y956hyqsqezj73fnnq5dz0r8,889806.0,p2tr,8,1
bc1pjglaf387ak2z8ne6ezkx8qqydt4ukctc396jfaf6crrqjnmw7t9s6d8uar,889806.0,p2tr,4,1
bc1pjgpqkk5s4ljr30e5fj5hkd865d9fdmdnhe2khvgnkte6fd05s3ksug6xgs,889806.0,p2tr,8,1
bc1pjgu2ttkn6ht4naqwkyagm0cswsvt2djpjpj5zvvpz33kxc0azyuq6vxfq4,889806.0,p2tr,11,1
bc1pjgucsqa7htp526amcrtekslddzzwc74nu85qanem7se3jwasjnwqqzsjhx,889806.0,p2tr,26,1
bc1pjgvm0eyrut9edgne7y4p9dval9x5sepswfrnsm0jqgvhhxylh7lq8gukea,889806.0,p2tr,12,1
bc1pjgwl6zm7qj06vukru2x483fxp9wz45t4xlz3se820qc0wtqay4eqvvjclg,889806.0,p2tr,10,1
bc1pjh24dkuvqe33m55n6lpkam7zqw8s3wkaxwzh6v8uk55x4uj7vz0qdp47ru,889806.0,p2tr,23,1
bc1pjh2vxhfexu75nxzn9qsg8pvkg78elw7f3kwq0nnnkpaccgd0nudstxwu62,889806.0,p2tr,10,1
bc1pjhgspuxyk4ctmlpl0a4yfqeydumy5gldsv4hxyf8n2j4m8rkt5lqqkjg6a,889806.0,p2tr,22,1
bc1pjhmwrjz6mwe94enjedeplvhlk4p6gma8p2a23hwk7dv6kvfmka9qdn83eq,889806.0,p2tr,16,1
bc1pjhn3qvenuqppv60x0eqzzmt680meswqlqrht0cnl78x437trrz8s7nx76p,889806.0,p2tr,30,1
bc1pjj2ldah756ekgw2s0cjpezy0gwx7xg34laev46h8qtwz9ecs6v8smjk2tp,889806.0,p2tr,28,1
bc1pjj36c5dx97d2z28zwnnedawfkw3hng75whx2swkeczaytzz94keswt4u5a,889806.0,p2tr,23,1
bc1pjjp5fv257md4qjcw27vpjpk939tnp9wmq6mh4vwzw50a3zjswy5s3gg7a7,889806.0,p2tr,5,1
bc1pjjqwhgqnmmzt8dcnnxgeqp4ccc8hnr5h8gpr3k5qdyedhtas9t8s8d3kcs,889806.0,p2tr,12,1
bc1pjjtdwlgyez53tqcge8vyvgasskncv9zxjzlp795fly982w4cg6gs22c5t9,889806.0,p2tr,25,1
bc1pjk2tf54xv49xkdswd7spgl4rgm60n38003q0mfkknpqu9vxqecsqfwpnwj,889806.0,p2tr,9,1
bc1pjk3fxdmt7n50j6yt9rvr8pgl5l5zd5nnk57fmsxcpvss003z7ywseyq9mz,889806.0,p2tr,4,1
bc1pjk3rzln44wft5mp2w3gutpztkurnam3t79smxs3jdft88wkf0exqudfkd2,889806.0,p2tr,24,1
bc1pjk5frk6458yw5kefc73vjkwnpmlfz0hu5qyxdw93jzdz6hktssyqc0ql4f,889806.0,p2tr,12,1
bc1pjk7z6448r9a6hltwzphy3xzr55sm8lemwmy0le3cmkantmvzag9qdy5fzq,889806.0,p2tr,17,1
bc1pjkfhne4csdf8gmcswqvz4j42wnxpv322u04epz95phajsyjuhdwqrfqa08,889806.0,p2tr,13,1
bc1pjkkjuq5pehfhqpy53pyrm6tqauhw0v7z79vufjkmglufqad342zq2w4mkq,889806.0,p2tr,12,1
bc1pjkl22r96d3mrh0dfkj9c7ez343dta00fvyr3m4dsgyqangcetq0qrhxyr9,889806.0,p2tr,106,1
bc1pjkmpngptcwplx2m26m52xyq8ru4tf8kct4pfh7fnnpgdfan9c08s54sypx,889806.0,p2tr,15,1
bc1pjkpssjxqtkleq7dsz5adj62ac0hmezkjk8g693pkvk3ye8m62kdqe90qd7,889806.0,p2tr,27,1
bc1pjkt2g6sn4w8mrqdhvpvcxl79w8l0xzcd5kx3zlhp56gdn8pkxeesz9rzjp,889806.0,p2tr,19,1
bc1pjkzrxt54v4ket9h9zdzcl9wj3ywtezpxnz82k2trkaarutth95cqu0te58,889806.0,p2tr,30,1
bc1pjkzv9u9ugel2axwytntzz2uaglg6pay6vpc20a5y8ms7jf5nvq9sjnppqr,889806.0,p2tr,26,1
bc1pjl0nm38jem05ag43j2wathc2rtcctlyek5ul0ny3f5vpnf7j358sxayvnf,889806.0,p2tr,25,1
bc1pjlpsjxw4mxpmttx7ew6fxcfnawn2hj99muvn9u8l90luv3eyy3msnklkn3,889806.0,p2tr,4,1
bc1pjltxevu7tz9zd3zms32g2hvrdj2kzql4n9ettsm6vr2pyhh26kysq8y73w,889806.0,p2tr,20,1
bc1pjmayem86nkxkaap4q0q5l0x676kzmsxsrswcpk25elvxtkawt84q73jxfg,889806.0,p2tr,16,1
bc1pjmtuvewezan2s59xvj4vdzlj7xt4ankxufmy5jxw8xhwszmnepwq6r342p,889806.0,p2tr,23,1
bc1pjmv2jkdmmzn5r6lhyqpzpf6keyyehyxsc9kh0vpmgmslx46202rsee4c3q,889806.0,p2tr,8,1
bc1pjng73nrjdwxe3v855ylanccmkl456z26aq4a58hqk76ruqmrqa0sezvuxd,889806.0,p2tr,10,1
bc1pjnywzuqnjzwt0frh37zd33r590ynrdqqnq5u785npy9fg4427ffqgmxhz7,889806.0,p2tr,8,1
bc1pjp6gxmy3lsxq7n7wznrqh0lzff860rwmyet6s8ck9aqxg6uuzxasmac0jk,889806.0,p2tr,8,1
bc1pjp6sleafvf90g406jf05fr7j62qxecrzc2xtrpds7fdm0qeymfsqdmns9y,889806.0,p2tr,11,1
bc1pjp7htxjusvppcpxzecpp7hevclh5jprgvpyqqgzs4kxn8w8ypc8q4pkdwn,889806.0,p2tr,4,1
bc1pjpjj7d3x0su9hak3vlz64hma6ukt4nlcjyk5zh4zyrjccyfykers2y7k5f,889806.0,p2tr,13,1
bc1pjplrum05kvfxyqadeqc06m9yag6tf5n3zeptxhafn5l7lee0pxcqjeq9jq,889806.0,p2tr,10,1
bc1pt6x2vjj9rhtw4z03cyccr67vnf7rmu22sjy9u6c3maxh4u07yqpsmajjdu,889806.0,p2tr,8,1
bc1pt6z37jhvh4jfs6kejx680qrak2tx7yszf3aclggvv26jx2mwl9us8sx2ts,889806.0,p2tr,128,1
bc1pt73vkql2ptufc6kqla8rcawxxs3txd8pj5x7evtcls4ma2qa5zzszdsm4a,889806.0,p2tr,42,1
bc1pt75h6fe26quv722pgqjqamdxmrr9wrladsggaxgqwg86mpk5z2vq4aw8x9,889806.0,p2tr,14,1
bc1pt7cfdvqhk6vr7a3a2eu3pe36nqetxxnq5c0pfv4w3se7t78f5veqkawwum,889806.0,p2tr,8,1
bc1pt7d8fq6ghl4fxftcuxnx6vdhkqdjx3nwedtrymgqrm2ym2tn6n5skyt7pw,889806.0,p2tr,12,1
bc1pt7ewv8zyd0gjqz2h2pc6p4xup2l4dw7yfhwzjxswp6zqkevh0aesf70435,889806.0,p2tr,14,1
bc1pt7kduugfmg8lks2v9vv6hv074pfv93ju03swtp002ca0ry56xe3qprx0f2,889806.0,p2tr,4,1
bc1pt7nsrdaty5d9c5rxqxt250qfh3zkwwp2h4z9ugsxlx258yky87cqj2np7r,889806.0,p2tr,8,1
bc1pt859s0p5uku93lexaysakgg5z0swjcjgufevzg9men5z90zkdtxs5ezs95,889806.0,p2tr,24,1
bc1pt86l0ccxlnr4trf8g482sz54ktuq8cly86knq0w9ksnpzl2uarhsha40vj,889806.0,p2tr,14,1
bc1pt8eg3cp9pcukarauljww53lvgf2ztyjvh3aahwq4x9p0hyv2wh9sklyl3t,889806.0,p2tr,27,1
bc1pt8wwymn887zmwnjxxk8mazwxycufuc4j8fpwf30ycymu09qcft8s5d3h8z,889806.0,p2tr,94,1
bc1pt9e6rpfzemnwq6t7csy034tjvd9st2zdkef9y303lmuenfqrvffqgy3dpe,889806.0,p2tr,5,1
bc1pt9h73d2se9usmre9vsrledg8mt3rt29slmx0uzx4e9qg2rt2669stnuygs,889806.0,p2tr,24,1
bc1pt9hftg0ad6zd7wvs2dagqgdh4fnq876359jjzlgp7vn277567wlswfhcen,889806.0,p2tr,19,1
bc1pt9pdact0nq8ax4aq0yjxtjv34ccmakktvlmdtqyf26atns2p7chqpxw583,889806.0,p2tr,9,1
bc1pt9ttacnla5leuj3wxzu8rlms2f5pz34s7apvuvn660x9s9du6gsqcz0vy4,889806.0,p2tr,8,1
bc1pta06f8ty9xdwyp9qqp6pk7flwfyxsk4vdcz2amqcqsukdgj244vs59gav4,889806.0,p2tr,18,1
bc1pta6dfqgmph7aeax3d85pkm7yhph7hldm4uzqjfsdqq5lcae972es6xlgwr,889806.0,p2tr,22,1
bc1pta77l3gv5ptpk6fctlke3d9xauvfphsqmfm8kxj8alz8gzp2fejqu7fxtq,889806.0,p2tr,10,1
bc1ptakfqz3zpldfnhquzr8r34uxlzsfcskmkklaneaprdjj3f33ahvq45aeh2,889806.0,p2tr,19,1
bc1ptamxuy4ml0wrnjckw26m6lsn3up9amjryegm6svt3tsm7pgytm9swg57ct,889806.0,p2tr,9,1
bc1ptasektjdslufwn30f5kpem7e64tvh27p7e2m7pn0lh2tpqq0fcaskrcgft,889806.0,p2tr,42,1
bc1ptateppveq7acxz5ll4htghfyqj4k3sxt9da338ju7guusfsw9gyqpp8q24,889806.0,p2tr,10,1
bc1ptaxesrss0ku49feuut5kz7kwtw5qp3e9ejdhjqfj7aw2fmpawy9q3jr5vq,889806.0,p2tr,79,1
bc1ptc20sq3szk7x5z7pr3s46ge5rm4r28np2kkpne4kcv8f8l3qvd4q3l255v,889806.0,p2tr,12,1
bc1ptc3jm2kwtq8pve9fj9mw0uzedjg0sr8ggz8zml26hxmw842jj56qufyauu,889806.0,p2tr,22,1
bc1ptcdh7u4ytg90ap4q27zzn4e0sv3ms29drk90drfal8jujwj6hxmsgrx8uh,889806.0,p2tr,15,1
bc1ptck3079arqp5s674wmdpufdqld6frt2ga4rner6zngrxfcky4hushlqma6,889806.0,p2tr,13,1
bc1ptcmlvnqm8nenzpwu6r7jg93fcsrnje59q57jn9u3uz803q65tr6sqh06q9,889806.0,p2tr,11,1
bc1ptcppqcvhkavhwqa4ky8a79zqmp6fcskqfhhryypma03fvt6g8z7s9845jl,889806.0,p2tr,11,1
bc1ptcsk8cezandjckvheank44epl65kyxklggkzm2v92xls89r06aastyjd23,889806.0,p2tr,12,1
bc1ptcxlkwe6g9ryla779erv4grcfeaz3gcgh8ezafwe2m8syenn2vyqgjwuk6,889806.0,p2tr,12,1
bc1ptdjsqj2mu56l6dndumhy4x579hk8jnlndytu3zq2gh0d8jynxzns9zlnvm,889806.0,p2tr,13,1
bc1ptdldrjguz3gwk5vlggdvuf6n6aclu2pqeq7gtt2qxwfr534zru9q94vtzf,889806.0,p2tr,12,1
bc1ptdupuvesjvrzu7kh0qts9hp3ju6wsjpeu3lc2aznl43psay6y9yshknwry,889806.0,p2tr,13,1
bc1pte3sf30kstr95t869s6px4p8zvccw0drddexgt45cdy7f2x7g5qqkkmmgp,889806.0,p2tr,9,1
bc1pte89dv9kwxg29r60ey58jf4gv0vqnne3sgcgm90z6fs3ynr4dp2qslwhnj,889806.0,p2tr,15,1
bc1pte9twmxe890mgr57j9d6zfxrl8djf8qazedw72gsw4c5ens35w9skr0krh,889806.0,p2tr,174,1
bc1ptectlc5n5vwlchn7yy6x6egus7aedjv5c4urnt7zszfcnqumk2wswaev9w,889806.0,p2tr,11,1
bc1ptede4tl6t63ljsk90pmj77dx3v98ksezlhlegmhvulfhpnl46a0qh5smyu,889806.0,p2tr,5,1
bc1pteh0uwjkwvscfqlm2dt3vng2v6zrlpsgl6jg85euczs4mhlzp48q9c5qx0,889806.0,p2tr,5,1
bc1ptejsz2au2t7wnatzeggv5ddwfks0k5gepz35r8erjd28gcfmtmrqpgc5ku,889806.0,p2tr,22,1
bc1ptelrwv8t3m6mttesadts92g6yt75tczg3s7vzsr7gmgnp7txe8uqnlfw4l,889806.0,p2tr,15,1
bc1ptexs89cjrunp0d7twsr5mfkljp7pxzref07p5kyf6j7q5dpa2yms5e2yx9,889806.0,p2tr,12,1
bc1ptezr3l2y7zl0txaeexq6uhm70v8kcfcsdn907pa4y7zga7dwkdxs8m922p,889806.0,p2tr,10,1
bc1ptf6ezhsmepzsjcg3ww4n88zl5yaxzahy35ljxfdp33rmc7v2e49s2plk4h,889806.0,p2tr,12,1
bc1ptfewqcqx5cmn3upya4t8vc7kd90nfn4rf54v0ju8dfyfyhly8nys9kpu73,889806.0,p2tr,10,1
bc1ptfj3ymhfuv47rdekk0zr3fd2jaqzj3ewnlyj2q05pc5ygq4lk2tsd4hcs0,889806.0,p2tr,9,1
bc1ptfrr0jnvy2u6veq84rpug5vfmavuwcmnrv7gp4ms4e6w3epzs38sq90ejw,889806.0,p2tr,22,1
bc1ptfvv85jtxxad4mvk8tdmmehm9txqej5gks0t2u5x7wg7g3l3jxds9wly29,889806.0,p2tr,12,1
bc1ptfxlvdka3knssrzlfna0xapvcn65ec356f9csrc9xqlkqcexq9psvm4sn6,889806.0,p2tr,9,1
bc1ptg0jn4zun6jew0uylzn2mp0994p6da23aad5f0ekg9847df78kusqrmatx,889806.0,p2tr,13,1
bc1ptg3k54qc7cws6mgky08xe6wx34d47yp3n38xt6yzad2e3hcs69nsgn2945,889806.0,p2tr,12,1
bc1ptg4rqk4a4nss5fljndx4fzufjw4fdckzl6mf6tas7rkejcq252zqa6tuq9,889806.0,p2tr,25,1
bc1ptgdcpyuh2sy2y6yum67qamdxg7s3jz26e6lp36usnuyfucm355msks0364,889806.0,p2tr,22,1
bc1ptgs44rzkefjqdd2kfpktdzxdw2cln7gmn8eltrf6rnle0kap25jsdvln9w,889806.0,p2tr,16,1
bc1pth03yzd40cny7tww3cweck7sjkkhhkpgpmmfuapa355x0qxzyj7se4jw5a,889806.0,p2tr,14,1
bc1pth06l2pc5zn3d6wdkqtxe2m5arvn6rtn82xu7z0alwtudhpq0gyqjh894m,889806.0,p2tr,21,1
bc1pth6fxz8qyfwftplqq5gdgkt9luzkcxzfqhfhuznsz2nw2fjknzlsp258ve,889806.0,p2tr,4,1
bc1pthks5vs73l8jkzp296ar3f3drsuss797y9fd7un725pcxv4utnms2tmzs2,889806.0,p2tr,14,1
bc1pthnjlguwht8r8e4endrxxdgy78wf2gw2twq5gq8q7cyzepl9y75sa4fgx6,889806.0,p2tr,14,1
bc1pthq789htfrzgxpn7cnhhvwd5ejtvftp78wdrmqnd5rf68ggkkfhs75q0hj,889806.0,p2tr,12,1
bc1pthy7yu26xnpgcr95xcfyty8s8ak00gqz7ltrtzq760rhc9x3krxq8srz5y,889806.0,p2tr,15,1
bc1ptj47gmul0wlxqzy3udlkxcnmsgut3edzpn6mufn5lej0v3ll9qts8n54jq,889806.0,p2tr,9,1
bc1ptj5a4lc567ltv7n8mez3j7gudhw337wm3dej4m5mwkm87z9k2vssykeuly,889806.0,p2tr,20,1
bc1ptjdf9py74mklmk0s4lje23xjfrtyw2nsdp8klvng99l4ewjkdxys9ep9me,889806.0,p2tr,9,1
bc1ptjkx6emazglk85sljwr2srh2a5aj47jc406qq63xrfls8tuajc8quefv2n,889806.0,p2tr,8,1
bc1ptjsjqqpjsvfxmh8adq3mtlxytt89rfnxyq2h8we6ky2pu0ssxjnsnxhlwd,889806.0,p2tr,27,1
bc1ptjutl8ddm2rfml6rk2cnnhc2zg44xsc0q5f5n78urvzjpjc9534sgjupcz,889806.0,p2tr,46,1
bc1ptjvfvpy9fu5ywwuvdsku2sp5ezxstls7aquy68hzelhmnp5eq90qwg7y4m,889806.0,p2tr,12,1
bc1ptjw4yzlky7t0m6p6s6z2fkv0uk7rwhenj5v8qtl5luy346zgntcsdzmmxf,889806.0,p2tr,12,1
bc1ptjz7hpl9xq3n6lkqx5wy64e33e8pvwwe6788luguhv2vj5f0v7rs9s0hfc,889806.0,p2tr,11,1
bc1ptk77lr70e9490g2fh5htysz5e67tr3kfvqgss96q7em7ds2thfmqzn8te4,889806.0,p2tr,16,1
bc1ptkfayjgvdk0hfwv0dql845fut0mywf2fdcl2dhg5g64xqsgklrtspqxunj,889806.0,p2tr,10,1
bc1ptkfvwha02tnqpp3nrg0dcdgg3epulaq8jlsa5hydx9waw925ww4s2e0rsm,889806.0,p2tr,15,1
bc1ptkqdmcm9mu4u7hp0mq9s0ktxcfrfe2tcrchn7qn8wcy9dxu52acs8qeewk,889806.0,p2tr,23,1
bc1ptl0wpaew2289zh0ree5w6km4sv9dvt7klzhrhjjzymg5fklescqq40kse6,889806.0,p2tr,15,1
bc1ptl2dmcf8ufuukfndz2rvptxhfscrvguehnpf23wqyfvr3crs8r5s5rdy7r,889806.0,p2tr,11,1
bc1ptl2qpdee7kue84lf7hg9e6lcav02yz50sdwh66j6wl50ldzsrasqsr8as9,889806.0,p2tr,12,1
bc1ptl6akh3v7mkghz82fa8ps8uq4ju2z6lsr33pq6p3uvxzhkc6v2vsrpth9p,889806.0,p2tr,9,1
bc1ptlck4chz2gsg8j57llcpmep9ds3why0njkwta6kkzh6gjasmcpdq9zmwhv,889806.0,p2tr,11,1
bc1ptlgh535yt3jydxmacd3jcu8ypy32rfxa9qezzvwmvg0rhz5wwnrqkk7a7j,889806.0,p2tr,23,1
bc1ptlqkt8tj02tqy7fhdqqkc7skc2ae6tlreer64j8gvmulpf6lfhwsucj0vh,889806.0,p2tr,12,1
bc1ptm48dxa0khczhgq85ke7w4sz6mf8fp6aaz5kszwmqg65we4h27pq7jzjdq,889806.0,p2tr,11,1
bc1ptmemj0pmswp952clruhqva6gjjj8nzrkwawfhc7nhfsxwv0r79aqjl9per,889806.0,p2tr,12,1
bc1ptmkj7pem25lyrk6p8g7nknyz7wdnqlteg0ptvfg086da5fahgguqdr2fzs,889806.0,p2tr,4,1
bc1ptmqrkaaqm4u7y2x58m5gu43ze6vlr7cqtt5f56dekeryfv3wy5hqgl4vpz,889806.0,p2tr,29,1
bc1ptmx44dvr893mefxu787xmhw6h2ks43dgpzstum83n855mm5allpq57cyht,889806.0,p2tr,10,1
bc1ptn29n82kv0wrl9wg6adnde50zj7tffv4q7h0d0f8l49zrum0tnws52tmlp,889806.0,p2tr,20,1
bc1ptne6z270psp2cke5qll98hgleenj05aa5y7s8gpjvaafj7ancd5qu5pcqx,889806.0,p2tr,9,1
bc1ptnhxqk9jwp7fa8qzh0er96kzlqzk6wa9m8zd3rmuy4dm8n3ly7ks9dm98u,889806.0,p2tr,89,1
bc1ptnpefzusnaa6h90zc0tpc58yrh3f6k90qwr6fn725f8q5rtsgq6s59amwk,889806.0,p2tr,11,1
bc1ptpk9uq5s2sjc8p4k73ltnpad66yqt45yqpcy9w9yx8v0yv5svdrqvysj6l,889806.0,p2tr,10,1
bc1ptpmp0lgthrwqgasse8qwd65r3ppawry2lrwln67vgz3yt0hecfdsdaptua,889806.0,p2tr,23,1
bc1ptppl4mzz8fgms3n59y9eqgapvsluedewakl0jsktpesgzezxsmzqgnhf8v,889806.0,p2tr,4,1
bc1ptpv2qf5d9spen4d75vkrhpasuty057cj2z7hedu06q0f8yzd0ynsw5ep0e,889806.0,p2tr,9,1
bc1ptpxachcyu6ve9v0r28uzknn5wqp0q799mernsfpg782g59p3wcsqycl373,889806.0,p2tr,6,1
bc1ptq06svaxeat6n7c0edrjwnnvcsuvqd9s5tfhnlnhz2atrmj39tjq8hs0u0,889806.0,p2tr,8,1
bc1ptq3at02gjjuv4q0z4dn20vxlue2uj4geggtvduyvgmk207xfwkks20z9r8,889806.0,p2tr,12,1
bc1ptqcx8h9k60n3rcrtkc6t6u8py6ndlacvfh468qw5f7c2hxhzwl5stw0q3k,889806.0,p2tr,23,1
bc1ptqff3cnu2szcjvj475ks5w9huu82sf2zuaw354cazyptjawsj9mq52f4nc,889806.0,p2tr,10,1
bc1ptqkvk7w06e70h0g3z9ey2ak2v6jmgx29a7p79wn7qaenh4t333js6j4qe8,889806.0,p2tr,8,1
bc1ptqvck93gd8tf26cr4xgtptr2pa83y4e6ymq4hel0hcan2kr0zy0sw4y2ct,889806.0,p2tr,31,1
bc1ptr56yvkwtvv05e06gg0gsp4cjuv83mfduy2fhw7tm9mej6d9sjws2dpzu8,889806.0,p2tr,38,1
bc1ptr95pex66syvgtxk3a58dz5ehdnr6yhjzc0ec0xkxe2tvezpyxesm2t9ym,889806.0,p2tr,23,1
bc1ptrgf0mrw9dv27j2pnavvxw8n7jxvwwr02updadv8ylmes6wzk8jsde3vk2,889806.0,p2tr,12,1
bc1ptrguj6vsvke7ueuqhg3u84xr0aexuqmvs2lecsdp6eavaqu2hcjsf9rwd3,889806.0,p2tr,15,1
bc1ptrzcgjkdzq49alqu04nav3rrmshjhj2gmv683nyyk0es73ynytcqnmfu73,889806.0,p2tr,6,1
bc1pts0sqsxhyq4xm0675v2x7xpvml9mph66sg6uc36u9v9mfrft6eyqwr78c4,889806.0,p2tr,10,1
bc1pts7t5xq8fms0v5zlz6648wlckvjvn5f9a09r3mq4pg4ql8020qzqag2y7g,889806.0,p2tr,8,1
bc1ptsfwdmj2k8n3x4cr0sxklalpyagek3x9kamklllyfgsz7fd7x86q3zmzlj,889806.0,p2tr,11,1
bc1ptt44f9x96urs3kgtf7h3nyzy3qv2jnxyemnav5kxn203re8uahmq5ketf8,889806.0,p2tr,13,1
bc1pttfdl6zfnlgf9tk53f9xjwk0fmgkeytr5sxpw0wj0x5qetkwdcls8v8ke8,889806.0,p2tr,14,1
bc1pttw9at909vmzap6uh8mp3ns9c0f3suthy4y4jncxcgmep8x5zwxsh784jz,889806.0,p2tr,9,1
bc1pttzns6ky7wlxmgkrnvvxkljlnh9cgdq9drmynd2pl698jlak27qqdwhehm,889806.0,p2tr,10,1
bc1ptu9apl59jgmnf7yl7gl7x4rud3v98gguf5nyurx47f4njf7pc96qy42uwd,889806.0,p2tr,13,1
bc1ptuaa6k5pl0wxw4xx0tw4um8q4nx62xejtm2628ge47nd3547fuaqxa2g35,889806.0,p2tr,4,1
bc1ptuh7y36677yt5nrnald5j8eptgdtwxlx7rk82zafkju830hklqqqu45w43,889806.0,p2tr,54,1
bc1ptusy80nukns4mh0w0j0x7rlen0spw8jzl5nh7ptf0lsqhaa2kd7su88xe7,889806.0,p2tr,32,1
bc1ptv7t27rn2dcnym7h9gcqqhrp0aeu3kkhaxcsg8a8yhd42n5agr8sue7zhd,889806.0,p2tr,14,1
bc1ptvmmdy4m235j35yyy8mnamdtnsrlfg5w9juhlax7a99l0zjpat6q64ym4u,889806.0,p2tr,4,1
bc1ptvps4aa06wawsh52l4pgh2ld06wejkenk69r49lutr04zyq4wpaq898v69,889806.0,p2tr,14,1
bc1ptvqmtgkf2hffntux3cg49f5nffwcgd6udmqj7xnj0c5l2fmh8laq43lgez,889806.0,p2tr,10,1
bc1ptvs7ez5jcdydxwg6zh5wysdpj6cfvrkfayvuua80nea0f7x9r2cqtd2g8y,889806.0,p2tr,8,1
bc1ptvtllfpnn4aqlzwqapp5c27quasjs2yx5nekd96qc4fjp35mcx8q650tjq,889806.0,p2tr,22,1
bc1ptvx7mm4jff8vfnx7crhxs43ypse5fmkdmwkyla9m72zpm5r3x94s8hmy2l,889806.0,p2tr,10,1
bc1ptvyw5y5rn0cdhxn95zd8hw4g4r4ymcqr9wtmzrlgdrk4pqgnl33sscyarw,889806.0,p2tr,10,1
bc1ptw4lstp2mv3zrdadvxjqv0hjh57tkwamqv85g4vpwzzyjdl5uuvqwptaws,889806.0,p2tr,15,1
bc1ptw4tk90cn26ftuz6xl5d8hzymtqfcy22jert0uddjkj30gazrz5svdl03a,889806.0,p2tr,10,1
bc1ptwp02jdgej9ulu490lrgsryklkm77wq8pxysmrkmn2d4tqrn6s5slsftqk,889806.0,p2tr,25,1
bc1ptwwhmrmd0dnq40nnhcgwc6fmq86mrdl2cxvur7vfgp8tc5xp80vqg545lg,889806.0,p2tr,6,1
bc1ptx34km2fqvhjpe9wptdtye7v4t93nzk3zaa774h7mdy4f6kc5jcq27057l,889806.0,p2tr,37,1
bc1ptxeg30nlsyk8qpsp9gp2e80netxzln646quhydtwx8ts07d0dggs6ugnwn,889806.0,p2tr,143,1
bc1ptxsucldtdgm9sc0k06gvgqcrzajvyzyz29flsnzcclly0tkyrtjshs9jzs,889806.0,p2tr,13,1
bc1ptxvu867f9m09serfl5hdrw34pa8mtzg0jgrl8kqv5yya4nvl57qs2pzu6w,889806.0,p2tr,13,1
bc1pty2kvpvewdsj46q8vnf6448cug9j5xt79utvm33lfwmtcvnp03hsgmga38,889806.0,p2tr,25,1
bc1ptyd2uvd5hfmhu72hf2cpuuqtqzs7a97tsk0rn0256uzzksw8zmcq83cur5,889806.0,p2tr,9,1
bc1ptyhaqda3hc4h0634k99cq6q6hxshxaq7vegdfp9hhfwfynu8naxsvpu0gw,889806.0,p2tr,16,1
bc1ptyjjvwsd462u4xdt258jq68raevmkp8y559tlmqgnw296p64hruqd4yk5h,889806.0,p2tr,15,1
bc1ptz6m3ykcg9sc0eu8c88sc4gjdpwhh9m67mmjjzcvap49rucz89aqmzw3l9,889806.0,p2tr,9,1
bc1ptz73wxeyfaxweedgr8fpz8gyt98zyts9dy6jg3ldew4hddfn6rhs203ask,889806.0,p2tr,12,1
bc1ptzaj0h44q5c6w8334xe8y3cxt4yw6e7fs66htxafezlkmvar9c0qxa95xv,889806.0,p2tr,8,1
bc1ptzcc4t7avrteyl238y8dh9r8ul4qk5wv8f2mw2lmhcz4vxl3lsnsaq84pz,889806.0,p2tr,4,1
bc1ptzmaz67yx3umde0nv6nhsard0n53rms5acm7pw6fg097mtnu8pzqgdwnh8,889806.0,p2tr,35,1
bc1ptzpth9fqh4y2lstujze53c4y9x7nk9pvsuh0q8yzm22a3amwmp3s94sd9h,889806.0,p2tr,10,1
bc1pu00vjdafr8mk35mljeyu7nrmlgme76nlnh8755c33vfq0xmyyags7tfu4m,889806.0,p2tr,8,1
bc1pu0492s7p5lkpaf4889ayy3cltqs2c549xamsjuuxqf7cv0j90j8shuey7j,889806.0,p2tr,11,1
bc1pu05nav9p86ezhy9v6epf5exhkppnc8t3vklrmr6cexwakxhajswqhspure,889806.0,p2tr,4,1
bc1pu08c5k69mrzhguwurdp4svc8upvry7ga9v34wj9fc228udnwfefqx08yf9,889806.0,p2tr,29,1
bc1pu0dsq4ej5q8gy9qzwmg5cug5lg5jzvlwg0yqpy6p4qnyss0xl0hqrt0k8x,889806.0,p2tr,12,1
bc1pu0qxhc7qlsger9xmdtwt5jksd6sdllcstfcmtewf90au44ufhg8s7apdmv,889806.0,p2tr,130,1
bc1pu0te6txvmh4gu2ervz7d0spfev7zvhlnhsuryp02tmfjzw8s50lqdg9w03,889806.0,p2tr,36,1
bc1pu0uzhzhrhc7d2qc9f9eg2facw7l0aeu8f2vg39elk02f68ahuhwqyn2s58,889806.0,p2tr,11,1
bc1pu0zrxx4rr5u8hrhezen2hjtn96qsfdsa56e302r7s8exez2v4l0st34p4v,889806.0,p2tr,12,1
bc1pu298j0nx7nyxart6h83ee0l43rswp32zrs0twrj3ws3v6n6x4twse3zcjd,889806.0,p2tr,4,1
bc1pu2u5a5mg42kp9pcags885t6t9x2xg5fqygql4c8yx3y85lxqe09q6k4hvp,889806.0,p2tr,25,1
bc1pu2w03xe0jmvk2th0mf273duw6knw8zg5nr6tmr593qx9c6rrpv7sy63csk,889806.0,p2tr,27,1
bc1pu36wnjkkcmdrjm2ytem5j6x4ru2x4hurgshuudckx2dy6cv4c9kswgqex8,889806.0,p2tr,9,1
bc1pu39wvj6zlzpg6udmzqa2y62zhe233auet5w25r7xl3ck68z0j3esar80vc,889806.0,p2tr,8,1
bc1pu3f2lsk2jhym5glyhdllj4w7ve6e904z7gkd7v2uawr6avh4wpqqll3ngm,889806.0,p2tr,16,1
bc1pu3g0w6lxvex7unv6f0k2eq90khhu8rpc4pmf54x9n4t22uxeuyuq7mknc7,889806.0,p2tr,6,1
bc1pu3n69t80ps9xvfurmyvs2n23mwx2r8vk8ytnh7n9wxyw4m66k2ps986khm,889806.0,p2tr,11,1
bc1pu3njggmt4zx6rnjpd2dpr6ccqmqhcyuzfr25zwmynpexzs4lu2sqn0qqf7,889806.0,p2tr,18,1
bc1pu43edjrflzhlucy0fhgwf4kla8r3xlfyqc962vapwpqlct5rq4xsypw2qe,889806.0,p2tr,8,1
bc1pu48y4e6e2awfx30n79m99cm7zqphmjf3xut74jxptrwgphmpnr7qhwe0h7,889806.0,p2tr,16,1
bc1pu4cgfnj09ljsvpq40hy6htn9m4ncp556ezfcsnn0cudmydgf6kuqtm8fqq,889806.0,p2tr,19,1
bc1pu4hsxv6r4w5s45psz5jcq7crqmkf2xunuwt8nv29d6qxwszf53gs0n8pv9,889806.0,p2tr,6,1
bc1pu4n2enmgf2xzk49gd0pt6677yr6p9caew3wn822u2vsejq5qjxmsd3ah2h,889806.0,p2tr,4,1
bc1pu4p8pae8xrlrrwep3cew8a33fl8lu64aqcul3hhcwsafcv5pkzrq3khjdl,889806.0,p2tr,8,1
bc1pu4rhzywyqt27rvx2c06teeukfcvct3lkm6qkpc9v02kav20zesusf7ae2a,889806.0,p2tr,149,1
bc1pu4ulwft6u7qcmxu39wh0ft2d36ulsl5l0nqwl3t0y6kek67423yqjxm8p7,889806.0,p2tr,27,1
bc1pu5awfthydu8n7qpqhj8p2n5g5kjus2jlpzk3ks295fcgh7nnrtrsx4j707,889806.0,p2tr,15,1
bc1pu5ttu6eevvz6ka3k0ecvlr5c2lu4yxf4m92yrzkuqqkkc9et40usdt0qtq,889806.0,p2tr,13,1
bc1pu60tjxx93n0pe07mq24jq9ptfzfhdhx5cvcyxyr62yf5q6sun6sq2jrahu,889806.0,p2tr,8,1
bc1pu65fn0xsdym42wpukdjsnnekl28c3pqqm3tk6lq7l7lenjpg7lvq03xpta,889806.0,p2tr,10,1
bc1pu6d4c2mgt2gk22lljlv7wvz567exxktqlx94u04x9cu9n26u23zq577znx,889806.0,p2tr,8,1
bc1pu6gj0a000jvrmpuxasda5jgh4p7uwn9as25v3tsc43eamjqrse8sfd65uc,889806.0,p2tr,8,1
bc1pu7a8lhggdve8g3q3az25z35hwfzezf6u0fhenznegrq7rvqx622qc5lgx7,889806.0,p2tr,10,1
bc1pu7jcdur0yuus2pxvlcnhc5zn8el8ez0tmt5dw6hkt75cr60ln6nqug3xes,889806.0,p2tr,9,1
bc1pu7klr9vculeqlsjs4g4hxq8s0xy4jw9lhht2da8h45sas79m338qeps04y,889806.0,p2tr,8,1
bc1pu7ma0jvk3xrapdmr9eveta798nrvzatd42le9jmclkjrzwxkl8hqp4n9lp,889806.0,p2tr,22,1
bc1pu7pxr6c53fd5av84fa95tgty6cjwz7m8vlffkl70c3v0avte7r3qxucp53,889806.0,p2tr,8,1
bc1pu7qlvdy5g6ja8sfmstm33n5e4xg2f46zuc0r476g4xpuz034tmgqutdtpn,889806.0,p2tr,8,1
bc1pu7qnavmelnh34ascxeq32dvcrpwy0wk6qmk9hmw26q2pvhtf9m9qt3ejug,889806.0,p2tr,5,1
bc1pu7tacvlarzhc6cd45aavcf9thz638407fy0zkcf5z80zvt2hz4qsw7vua7,889806.0,p2tr,14,1
bc1pu7vwk6374hgr9f8t2jp8rwdrg3gzxpwj50c226m968zeh7kgjhps8zwxea,889806.0,p2tr,21,1
bc1pu80dlyqaa9xykznxjqdg86f67h06hv29v2ze6ggxn0yu6xnkfxss80t927,889806.0,p2tr,9,1
bc1pu85mdc9f64uvll4uwkl7ddu3qf4wsgz0qnptjlkl7kjzhjc58jgq46rqrv,889806.0,p2tr,6,1
bc1pu8762y57jehlzmv2qn3vt8fqt20ax2jw63m83am6kca8smt5lftstuxgw8,889806.0,p2tr,11,1
bc1pu879nfqjnhz26vun6ex26ecf77u0tjvdrt9uk0qgx4h6dt6pzevs23aqde,889806.0,p2tr,26,1
bc1pu8kl254y7qhy5n45x59sut4f9ctpgscltau2z8fcut2gyhq3ldcs7qgxl4,889806.0,p2tr,7,1
bc1pu8m67y9nvwrwyvu2l4ncms36vj0lh968mgm2ds70lqxfcsg9ljqq52fjnv,889806.0,p2tr,78,1
bc1pu8nx0k03hcgdledm26qrd3kwn94pc7tf7rc5c6wwtfuc3ufac99qdjuxhm,889806.0,p2tr,9,1
bc1pu8wgk80qhtlcktjhh6lexgute7f4ea04t4tk02cgd55nx2w847nsjxgj05,889806.0,p2tr,10,1
bc1pu9maxc9mvxj84876s9wk937rzr6dtcqky38qu6d44cg7yvan7zgszfx5kl,889806.0,p2tr,6,1
bc1pua6e0uajcw9watsvgmwwv7hnexy3fvvj9jv5y7vte02qj5yn39eqwqf3zj,889806.0,p2tr,14,1
bc1puaadz4vat2mv37jrmg9hc6dk5tuk52vzpyeulmzrh5wrrg47f96qv03p8k,889806.0,p2tr,9,1
bc1puafshgp8u7uu6rrekkpwn4a40n6qj9vff0d2lm87gcz5lgaehhcqzkt5v3,889806.0,p2tr,16,1
bc1puapxtfvsqrswgc8rrk8vex2m30v06dyc5zxt2hsdemvhrxuxnc4qttkq4k,889806.0,p2tr,17,1
bc1puaz6asr26e0l6fv6xyyfq8c2gr692at2gju6wxpn3zyla4vpnytq9ftjqa,889806.0,p2tr,22,1
bc1puc6hvzzx6rgx3ekwfwmg5va47pp942z2lj3pzq6plnfew52qy0dqkjsxj7,889806.0,p2tr,22,1
bc1puchmefzffnn8ax37n0jk4nmeqef8x65zdu24p6tynuf6m8s0y2qqndhsh0,889806.0,p2tr,14,1
bc1pucn4x4pd428al5yuea5vn938f3k6ml5tqr3mm3w0qxagd53eajeqv548kc,889806.0,p2tr,8,1
bc1pucne578mv9xk6rx7gd80nzjrhy96q5wjg3qzx45ew3m6uazaysrqsldl9f,889806.0,p2tr,34,1
bc1pucyxvvhpwr89a075wxl9xz2pqwgs5zldp7ad2frsh26uqvelux8sfuladx,889806.0,p2tr,9,1
bc1puczedc5uq5zpuqql7rk3sn7dz082p3v4uarl75qhrzdlmz55qh6sf76kyk,889806.0,p2tr,10,1
bc1pud48j9x4lddq2zj50rdaukcsg7alaffj2uk0pqnv6h6aautxys8srqe5fg,889806.0,p2tr,15,1
bc1pud4j67tfmny9fukcykwepk2ct4rlcpcgdjzmnzx592rvupaqfv6qmx2ndw,889806.0,p2tr,12,1
bc1pud94kajes6lucm8k4lpplwcssud82yp4pqxjn5gnwh7eaxssvpws2tzyxz,889806.0,p2tr,22,1
bc1puddzxy0kl7dtqd6cpzuqgdm9skftvk5gy5ndptj852e6anq9yxfqg98pvl,889806.0,p2tr,14,1
bc1pudeujl6w6sz7gsayp24d6tsej4yrlhymvc2z086lhnmmjvk0xsqs6wlvx2,889806.0,p2tr,14,1
bc1pudf59rltgv9hq6kmxzka32cgu0vrckjlrh6yyfapfjkayfv6ud6sqnre4d,889806.0,p2tr,10,1
bc1pudk35q5snt9jz24r8mq3c0n7x8ynnz8l4dr5a8mm25wj3u7jugzs4au553,889806.0,p2tr,25,1
bc1pudyaggz4u6lhd43zuaq3umx7226culn5rsex6qtyfatrngcj5ldsc5xvnh,889806.0,p2tr,24,1
bc1prywh7w0qgckzx9vhtwdvj03w84fuzluehgv5vkntrrrfr74asxqs2h4lkv,889806.0,p2tr,10,1
bc1prywhc7jp0kckjytx5phjyntm64uqrzks245qz6tevy5ahpnt9aqsdz9khz,889806.0,p2tr,16,1
bc1pryzm5ctc8k6sq8hanmdjn3ann36llzr6xg3lw9vwddgsacp9xl8qyzhz2c,889806.0,p2tr,15,1
bc1prz6e3k3aynmpesulfvcpnaez9aluekl2e7jfr62uaasufe0vstsq8lwfdv,889806.0,p2tr,30,1
bc1przlx9aple75peg0zv7z5av96dyr7ze7dkzxf2nf046lpyccrhxns5rmed3,889806.0,p2tr,18,1
bc1przrumwesjap67dnged506ylwvx6yh3sehsm0gyw2qc67hqfamc0sn70z8s,889806.0,p2tr,13,1
bc1ps02pf5c3qq94pxrk0gtqz5rfljx2779kytff3t669e6c0q6vmkvq47f8jp,889806.0,p2tr,9,1
bc1ps0ewlkx42r3tuflsa8evmutsy7mxrg406ytlgckywy6e7cfhumtsm6ynav,889806.0,p2tr,4,1
bc1ps0hygruvztl3ahzupym5678p8yqpyq9p48hdfhp0afv7zst3unsqjj6sug,889806.0,p2tr,23,1
bc1ps0mp94na0suvs46tmdxjs5aggl0x5ztjhf3tjkkmargvqrurel6slege8q,889806.0,p2tr,8,1
bc1ps0x5wlezguddn66upqglxgxeg672jky52vshs0gzjhf49pekvp0s4kfddq,889806.0,p2tr,9,1
bc1ps0xt8rlggtsdquzvmhk67n4l5xdhh9zlkc0g3re6zpaclwdp2uksgn4pvd,889806.0,p2tr,15,1
bc1ps0z6skuvzenc3tnrpfdawxzpydjflzs044526rklrqe87ujtq0ys99papd,889806.0,p2tr,16,1
bc1ps259nc9yd7r0jarhsezt2sucteptmqalv7yg2msjgz8nus3jk8gqkxa3g3,889806.0,p2tr,8,1
bc1ps275qr3ldykjxldycdvc6trxzt7ppxywhs8ulenfgyx8hx9c2h2qks573m,889806.0,p2tr,15,1
bc1ps2g45xsgv4j085g3gtwlq2209hljkpajlgx3wkjemy0kvhsgl2jqev0wqg,889806.0,p2tr,10,1
bc1ps2n6wleqhv7x27uampancgp7lfeejp6mypcgk0n5qlyf32ewn0dqadxfre,889806.0,p2tr,13,1
bc1ps2p4w4vjfgwplccprq2lurvyydft8dhtg69jvnuch2e238nxkemq7nt0lu,889806.0,p2tr,12,1
bc1ps2qjsx3elxhtyny27kaw48myukjfwqyf5rkuf2yl39ulrl99690sagxeq3,889806.0,p2tr,7,1
bc1ps30t6t970m8xwjswtls6lwnyrytvv7qvqt55rr9x2txws4qxa3lsw2g29c,889806.0,p2tr,9,1
bc1ps35dp0rdf39ssqnj70pr8y7j8qa42r7ukfnh5qdc7avxreqah7zs64l85f,889806.0,p2tr,10,1
bc1ps3mpr94afr65hsdx0yvhskz448cp2ujvvptnprdwmyx2qe9pzcuqfkexam,889806.0,p2tr,8,1
bc1ps3xzaye7ykesut7rva6xevfqj24vsvk2z3rnc8wkl2s0reqnga5qeuwdza,889806.0,p2tr,9,1
bc1ps42nnuew6tl3xtkxnl2tkduwmqm6ns25n05udmvs9f2ek5pr8e4sas97sx,889806.0,p2tr,27,1
bc1ps4n5697du4l0nmxgeuf27smfeaf8dp3a9yyrjw8s2fqa847c7jjslcpva2,889806.0,p2tr,9,1
bc1ps546gf7tvdsmah47ghslqgzl7x9jey3xkxufeg42mp79nccrmmus4ej693,889806.0,p2tr,11,1
bc1ps5chsawz3x9p4yjfu9h84ctxge3ujmlllw8vmmp63f2jzuhn94lqz6hca7,889806.0,p2tr,12,1
bc1ps5cr06clxw9addyp22k49ywf8esxmvr6c63chxg0qg592kx6ygyqzvsjun,889806.0,p2tr,14,1
bc1ps5hyztj7k4x6lksal4624u0mw7prsqhnt7lv64963rhnu80xntksda9d2y,889806.0,p2tr,7,1
bc1ps63d277llpa3c4kgt36dlkn6606w2la5c5mhrm6rxad0sglwstkqhns7y0,889806.0,p2tr,11,1
bc1ps6sft0d227h3eh5wxvdsd7l4dk57c8mlejphscep77cdsctswdyseja5ad,889806.0,p2tr,23,1
bc1ps724jvp9e4hnww0qjlzfg9xtk6hnaune4rt06a76ck9ggsw5qn6s878e2y,889806.0,p2tr,30,1
bc1ps74lljentwnmjar3xf740qprjq80zh66w7d3lm6ud9fstx54mg3q2we5ek,889806.0,p2tr,9,1
bc1ps77au9wjp05cj4j6wwqku8yn8ymjs40hp68dpx7cn6ql8z7wal0svv2s9m,889806.0,p2tr,4,1
bc1ps7ej2lacnxp0pz20h78fh2ragqsgpw6q6ea5tauenk4vqyg2q5wstqdt4n,889806.0,p2tr,16,1
bc1ps7gcl2c6mwevp4qftnskhmyp25q6fvnnp65ghqwz72rv99td95vqefd66l,889806.0,p2tr,11,1
bc1ps7p6vwgwyjz2pefuvzejtuu3mx0fzqrtmww4nnelez7zvxcev74qmpzxgf,889806.0,p2tr,13,1
bc1ps7wuyljqxeqp5fztqghcg32gjs59w6t7tvdq5pd97gentdcs4vgsjyj5xj,889806.0,p2tr,15,1
bc1ps7ykqcdlvgrss3tazx8whutz2gd2g33sr0ng4e7kh0n9007yyuysllvhrs,889806.0,p2tr,9,1
bc1ps86vz5fc2aesmwd0t4sv5keh6fkvzr7yrz53nfdzcaaszspft5fsdxfg3f,889806.0,p2tr,11,1
bc1ps87uvg6xe3t2qger9c4rsxnqprflsf79wdv5rfpjrza6w0llvthsfjeznu,889806.0,p2tr,42,1
bc1ps89fx0yuypzngdwkykxgun4xyazkm0t65qdm6svcqm5az04h3sgqhaur79,889806.0,p2tr,16,1
bc1ps8jlpyjhr5n607sec42aehlfgekqzhz6xmjzvtydug6qrg6ehkfsey5e37,889806.0,p2tr,9,1
bc1ps8mhuptkhtnfnc67hshntvlelyw89shdcwzvf76q7j7l7h9wj0sql03lkj,889806.0,p2tr,27,1
bc1ps8nhpcvv0h76ddu7ggp25etgarwfx459q6r9e3v30wtz9w2n27gsvaak8f,889806.0,p2tr,15,1
bc1ps8zvmfh2z0v5tjv58ddr5mrfvpftlahypu7nzanmwact4x0cvr0seavhfc,889806.0,p2tr,70,1
bc1ps9c696nznsad8pjnchftpugeqkfk6vd47egmly8uj77mvq9dz9zsxa9aul,889806.0,p2tr,4,1
bc1ps9eydv36csdp4hajw30rfsajzmx4d5dwafn9qpxp7xgn4pplzhcscj0y2w,889806.0,p2tr,11,1
bc1ps9q2kn837nft8qvxc8pxr23ythkenef8hyr3cg8mknx2lrgtrs2s0tg95c,889806.0,p2tr,18,1
bc1ps9vmhg7jyla7mfmap6am5jm80yrjduv2u7untxuedu77rh55ssxsue86r0,889806.0,p2tr,19,1
bc1ps9yg6du2e7ezuhhe6xnuzjsqcf65zk09kmqrf0tmq3x7nk7ze6esr0vaym,889806.0,p2tr,14,1
bc1psa3jq09gk95jphc3wam572p35v8er4xjqk9pfm7846ses6vrfrsqwacr9e,889806.0,p2tr,11,1
bc1psa7fgyu8cvzuf0t3g57c0z4a9t2zcfp0flnymws7xv48z2ck0htq6jcgee,889806.0,p2tr,10,1
bc1psap40c8svpevvyqnqx3jgr449dln6ae5jlwez6r6rv0crjylt4qqfkcas6,889806.0,p2tr,31,1
bc1psawlrp073wdcvcxckr9vkz3axeakx5y5gq65twwe6wx5c2cts02q2vcme8,889806.0,p2tr,9,1
bc1psaz9j9eza52ldm3nnk0u48yypcmrps5ykzr0mv72277zlur299vqfhl48c,889806.0,p2tr,44,1
bc1pschaca5l853vgglp9c7kn70xcs80utxakqvjsyyfdqth7l37p05sgrp4qz,889806.0,p2tr,8,1
bc1pscx7pumvh270wwzgz3ktd6h7puxstyfj977dyl9kqz070kpqq9qs6cnzce,889806.0,p2tr,8,1
bc1pscy079acx59xeqccmv8xgm74x2m0mj8j6kq6gtmcjmvt4dvgk47qrm0rkn,889806.0,p2tr,7,1
bc1psd2w5vhsy27x5mm8hgap2j0mzyu6jx37nrfnus8rad083mw3c3esdxyekd,889806.0,p2tr,10,1
bc1psd4vdrlcddyq638z3d43gmh89k9wt4hcy55t4xyzwjm9aumw37ks5jpv66,889806.0,p2tr,35,1
bc1psdgkypfmnllqft829zmds0p72ppuhlvh2gh2cmnq6zpjknmh645s6mrjph,889806.0,p2tr,14,1
bc1psdmdukuzgtqydstnnj4errdj83w5gtemdts5gagqn9dseqtse5rs6rxspz,889806.0,p2tr,10,1
bc1psdnq9yr3kwzaauhylwty6ttnum6zgcf34s0lwcythjcew8zss8fqumfl2z,889806.0,p2tr,14,1
bc1psdrpdpv9tf24tw7ck7hhqnh5725akhyury4t04mntspu72clusuq7zp4wj,889806.0,p2tr,7,1
bc1psdvuwrmrgwan2xs2ku0uks050x6pa2ar03v6mpn6zwxvfw095acqgxflkt,889806.0,p2tr,26,1
bc1psdz5wgp2lg584andft7xmfvk4uccmg9lxyempkxrt2f04afusxvqn3ywye,889806.0,p2tr,18,1
bc1pse4c562e6gptd25ygetrvvkmsyccvzdu2tk8v44dhk58dhpd53tqxzgcnz,889806.0,p2tr,26,1
bc1pseef34lsmlm4mk87rac929w64j0tklk0d4ky4h2vzuch3pzzzaasw2pgv8,889806.0,p2tr,12,1
bc1psehyu8a37lchyj6cqr2vadztlvnumgs7sz9fytzaqlw4vuk6md9s9vcsc6,889806.0,p2tr,14,1
bc1pserdn3es5pffz2hmx322svvmyvkyev34x5eznprg0tpk5wvw2frqtzks96,889806.0,p2tr,24,1
bc1psezcj54s02xxtuzlv3my5fuewdxrtu5s8ttke24af93d0jvygnqsd9ntu7,889806.0,p2tr,16,1
bc1psf5rvcjc5wkqke2eqms39uj4f0fy6urpncexh8nazt9zfjgesdlqsntwjk,889806.0,p2tr,19,1
bc1psf7pkg7rzg2jjj040dpkjtg4la3s9prfe9q22y0wrc0jdqutmedqfkguez,889806.0,p2tr,9,1
bc1psffu8wwal2yxxxuljtj353f0d9fwd82lx50mpz5samryudcsdqvs4e3gsu,889806.0,p2tr,40,1
bc1psfm893gl80kza0judfcwcs3js6fg8kul8rreychg5pdjmxn6w9vsr4lwnm,889806.0,p2tr,11,1
bc1psfy98uru5dqhsher7twtgglexjc26u57z6u97kt8nz2lkga03ljsnyzqr2,889806.0,p2tr,10,1
bc1psg84nx2lw0lzx2vah3ke5qxm4v4xgyl6efvprdmjx4w5ehx2mxfqnlkxg4,889806.0,p2tr,15,1
bc1psglr6dz3m9gy0qs2c53csrhh9v9563qz4300v53vkn3v08dvgjmqc2j439,889806.0,p2tr,14,1
bc1psgmk6tz7ql8q59jkp06tk4rmrd490ple0swyq7tyeeqhl92cahhq8jqmkv,889806.0,p2tr,8,1
bc1psgmn2yunuuzfsqxztdlx3u307fpyvvu3angnxe5knvv297xenm6qa5t6fz,889806.0,p2tr,18,1
bc1psgnmzpr8stk4993qxwc0pmvlae94cr8m0jnfgtelx8lg0dzza2dqhft6rp,889806.0,p2tr,35,1
bc1pshdkkw7apvhw7lwk0u97z5a2ua3wea8h70ujute5ugfwe9q32vuqlf78zg,889806.0,p2tr,20,1
bc1pshjvtjufutmcmcu5837428d26upvyqda4rkaxdlqqdsa0hqdkfuqq2wwn2,889806.0,p2tr,8,1
bc1psj7999t5y8s9sdp5n20kvngk6s5wk674nefvw87dpsj85evxxegqh45prh,889806.0,p2tr,11,1
bc1psjleevg7p25etnkgcrjgm7hys6fudedzs6vjqeyzf8utsw7vcuksewd972,889806.0,p2tr,9,1
bc1psjp08fu3qwn8hscgtwu0u5muf6fh8mg3wwgy3auav80audw6ku0stxm7mq,889806.0,p2tr,130,1
bc1psjpf3qwgt66pkjseyhx24s2he68lshtgxv6ngevn3pv6l2qlkj4sr9szz9,889806.0,p2tr,7,1
bc1psjr6rvc2ltnrx3t0xakq2zx249yl3vw8ag2m82je5k2mjl0fuhpsdum6kw,889806.0,p2tr,4,1
bc1psju3sv0dy6mdpfskdej7t8u9vhh3d3uhw4w6gv5cj59ya8534nfs92pjxm,889806.0,p2tr,19,1
bc1psk3hsudtw3x5w6wrjm85d776lsyzakgx8cv4s0mcut6wgwt6gyesmty96j,889806.0,p2tr,16,1
bc1psk55dvgy0lk0yz474nszgef90nx049h23e3aendzsax32mrn5vyq6zu0ep,889806.0,p2tr,7,1
bc1psk67nfnh55hrgta6c9mjgtm83wqa40lsmdszmxxufydj9s3khptsfv4j5m,889806.0,p2tr,24,1
bc1psks4q8s2jz5tl50tchsfrvkat7zym8tfh6wgkzxk0pg7lwk5anhq5m2uds,889806.0,p2tr,8,1
bc1psksygqj200kzsgejcgjnay8dfettsh00f7d8jygdhajffxf0v48sgfphwr,889806.0,p2tr,26,1
bc1pskx2jyy8yt5gxyzrh8lypt8l5edy8txnydexradlk47ec7l95gcs0wtlm7,889806.0,p2tr,7,1
bc1pskxlgn4tkewpr3y40vk2luh4c9mqq3xptmsl45k5p5vkltmvhshsasaayp,889806.0,p2tr,23,1
bc1pslga53mdrlq7zq6xver7j8a9vztmpv2npwac4faawzuma4pjlf5su5fag4,889806.0,p2tr,20,1
bc1pslydmvplj7u2syudseamqplp7k5stvvzq749fuqrky2m4e7723fshcca5v,889806.0,p2tr,8,1
bc1psm7gf3k56ru9qd43ygtd84p2j7ujw44as8tykh2zht4g5syltdsqcnhdzj,889806.0,p2tr,8,1
bc1psmv3n3c9c45vv9d0wugfg2ucnkhy74chug0pf6d32v2nc9qsvylq8t35ul,889806.0,p2tr,22,1
bc1psn0nzyp4haaur3f5056axw84q8yezmffl6kslp5hhcskl90a5cfqgqrwp3,889806.0,p2tr,9,1
bc1psn3juu9g8k3uuxsyk0m8nn4dvxvwjf9y2u9tcq4c3etgjjvj898s9q7jml,889806.0,p2tr,25,1
bc1psn3s0z0adk0fg96z9ay7s9ep9yq2m8derhkz9rc894hswclpcm3q5qpu2x,889806.0,p2tr,128,1
bc1psna6gw8jm4va5zstmtz6l07647qmny3qwhpwy4nfykwmzhvh336qv6cdp2,889806.0,p2tr,15,1
bc1psnh0u538uscfx7mlx4fxtl4uvseeame9px76hpm4glln9hhyzhkqunlhww,889806.0,p2tr,10,1
bc1psnhluxwmswu0a45gmkdg6hcnun387925gv3zwehykqwqym3kunrqmg6nsa,889806.0,p2tr,19,1
bc1psnnpa9lzawfretztu88ghp9d23j723fgvfygwq877aky92dtjxmqzjs5xx,889806.0,p2tr,9,1
bc1psp4erlg366rn2fw0puddhcqc3d2aka3k2ez95qwfcd9utfz33azssll20v,889806.0,p2tr,82,1
bc1psplys8hlj2z0qf7amk0j750v4smkk2u6ygpc7yn3hq5z9cgca38quvu909,889806.0,p2tr,9,1
bc1pspqpr0n80heuggmemltkmvqufkry83gzn36argghnjkyslc68t4qere8yt,889806.0,p2tr,47,1
bc1pspxxjgsnvea7x046f5garhjjxw36zfur8x9up92r9fmehe8zz4pqcq2wrw,889806.0,p2tr,6,1
bc1psq7gdk2g0xy48yzypeyxqtypwjsrasn3yrmxkjs3e6s7mrrwsd3svgquvr,889806.0,p2tr,32,1
bc1psq7mw9gy9upd8qhc6d7cgk2hxdv324rjcg72pwz2uzzs6r6hacusttmtrn,889806.0,p2tr,65,1
bc1psqdqrsxr9wnjguwam0pex0gckz7plq5kwyduw8t9p56ghrjx8peqa0wjcq,889806.0,p2tr,21,1
bc1psqkvs5g0htkg20hnvt6rjwz7cxuheedwq68q45qmcvgp30n6xrps9af80u,889806.0,p2tr,14,1
bc1psqne6x3xlukkszcrnlrde4hwtuzkghjpdwecgce7prrs6jkjaw8sm3a6u2,889806.0,p2tr,27,1
bc1psqtcvn86wxe2utw08jzsfc6wec9tg8zusvmsa7yds2h6y5pu5deqs6gkgd,889806.0,p2tr,25,1
bc1psqtmwhsvwd6hqtvh0plyzms7vuf640mj3v483k689wf03v0cdkpqrp4dmj,889806.0,p2tr,15,1
bc1psr5musmtnd0k5zf95mvfqrdjgk8v8t644jvfefslz27wz7dy489q8j2nae,889806.0,p2tr,4,1
bc1psr7xpmxyz6n2yajh4t37tvr7wykgthfc5ctmqlqq7263h0wczlrqvpg3he,889806.0,p2tr,8,1
bc1psrnv9qzcqwaha68zg0n974cuh2xhyzd7vpudzu6j4lwdjx4pjp4svrfzss,889806.0,p2tr,8,1
bc1psrtutlq73ce26jyev56yw0ypf3x28m0f6ewqgkd3vehmepseew0sd9atmw,889806.0,p2tr,8,1
bc1psrzthzvj2c4kseskhfaakexg3eppa6g0fes2eqellpsg8an4gu3s3vn04g,889806.0,p2tr,12,1
bc1pss6xtm787a3m7kz3d7dw2wn9djn5609v7un0kjy5tz42x4gtmxfqe95knx,889806.0,p2tr,8,1
bc1pss7f59esgnxy5gzjp0kswpmy0esdytzmtvhp6g7tfamag9r7fvgqs8wadn,889806.0,p2tr,27,1
bc1pss7rq4l06eg9azmzh50ad8aptlvn97zyvzcqa660c57qqnk8k67qg34fq3,889806.0,p2tr,20,1
bc1pssgty2cvk2l4rtt4f2s3s2h24d3xgx3z23s6g8cwcu0fzkeskupssgkmpc,889806.0,p2tr,28,1
bc1pssps3sh225c7u7zceqks074frlx6mvcuse85es3ahg0gvacyjacssfpysg,889806.0,p2tr,37,1
bc1pssqqzcuakgflpdrht6j3sahnflez9ycxgtrehel9kx3fdgqvyxwsz4tqp9,889806.0,p2tr,42,1
bc1pst4utnh6swcky852w4n6eyx037l4ece4y467naz57tmpzfrqx54qaq557u,889806.0,p2tr,37,1
bc1pst74gfdznfkhv9dmdgy42wtghwcr6lcl47u3srlx4kv5whgf36tq6ax36g,889806.0,p2tr,16,1
bc1psta7gzum44kwsseh4prcg9afnjgkhch05etyvms50pxh4ygr3qgq9ku5m9,889806.0,p2tr,23,1
bc1pstluqq9dfrk0rx4s5exvh838nfd8ja8knya7nh28gpndk77mg5zsqf08uu,889806.0,p2tr,27,1
bc1pstrv6g0l5zxa0rdw6g78ay5ef98zkakkpgc3prf5uxgddehm8h8skrr4sr,889806.0,p2tr,8,1
bc1pstvkm0zg9mp25jqldslej02f5y4gqpn2jlxtzprsw2nl5g2fruwq4s8sk3,889806.0,p2tr,8,1
bc1psu00hz7cupmw044rl5fagwpgmkandyum66dc6ynk8z90jfk5gntsjc562e,889806.0,p2tr,9,1
bc1psu08jcxhx3lhaazpgawex8ljwsv4meaer4s2td9s2mfw7jlzy6lqat2pnn,889806.0,p2tr,8,1
bc1psu3v4ltw27qz2nmjjd2h9ahr896sfj00al5kjf2y7fnd3n0zmluqj3dd9v,889806.0,p2tr,11,1
bc1psufxgrwmcgfpzw4gxknn2etpn9477lln48emssk7e0l32mj9pyfs2cx2sd,889806.0,p2tr,14,1
bc1psufxpf46fyu478sr0jh30j3zx5peh2l9rnqxm293y0cdrmdgakdq5273h5,889806.0,p2tr,8,1
bc1psujz4lech85j5ke936sa05l2tl56zqm26ff2vusff8n4r0j00tssdc5v9e,889806.0,p2tr,10,1
bc1psundja9q5pjg09z0f3hn8lqzpqwqh60my30xj880xlz0w7jk970qy3autq,889806.0,p2tr,4,1
bc1psuygpukpjvpcun4rf3kratftfzd8e28vpanau5fakdhr3cyhgqjqdpym5j,889806.0,p2tr,6,1
bc1psv6v3c5amc9rjs6uh0cckvlvn5w5csukwtfhluxx5p8m9qh89t3sltkmr6,889806.0,p2tr,12,1
bc1psv8lt7lkx5uwpzz7jlj7vsu497r64yelxgyz57vslnkkfju4yfpq6y09wz,889806.0,p2tr,34,1
bc1psvex0ku7sx6r6qqpvdmfjx7p3te75z4fw5ath54rtdfrap3uenqswptguw,889806.0,p2tr,10,1
bc1psvfnvl7zhut7x28g98vmtl8nhde6kh5tdg0ywrt6cnyq739enzxqxuad5x,889806.0,p2tr,28,1
bc1psvjlqsk2nfq4azg5tjeajfznt69aw6vzlu8t7c8jqflg56p8aqvqdlvgtz,889806.0,p2tr,19,1
bc1psvnkyzg8r207w28tcltqyvxdpt27g3ydjmyxj2hhgx9efs32ffds0jj8vr,889806.0,p2tr,10,1
bc1psvxf96lwvd6yp84v8rz9fx7jsccpmfc26kwgducnr928eyar6n9qju769y,889806.0,p2tr,4,1
bc1psw9h65qe3y5ep54ul487l5rzk7q94fdku7ytxnaql5rwyd8kc29scxa8hs,889806.0,p2tr,9,1
bc1pswczwu9kkxdm9ksjssn3t5hp3vytz6nm3g5yexy0d7y99myddejqehz9t8,889806.0,p2tr,16,1
bc1pswjaujez6m549avgrh955028qxz36ryjx2hcdhnffhgsy49lmq8q66p0pu,889806.0,p2tr,15,1
bc1pswjmg0vqh9s7svysdu0ttf4r37wl3yddmmg5dcj8x9ja49zrjhhqt0n3l3,889806.0,p2tr,155,1
bc1pswkfv869t8kgu8vkvdpl29hmu7dtvafeyd3fev539tws3fhtx6jq4j6any,889806.0,p2tr,9,1
bc1pswkmwecrzuf5g4g46rw8gdg37pgr7gqdzu4a2dtyv8gf28wtvafsxy6xey,889806.0,p2tr,11,1
bc1psx0rncsl42f3av2njaf8rfeyeqn5kzc0g47lmwmexsdwdrgkmersxhneeu,889806.0,p2tr,35,1
bc1psx2rrpkwkrhxrp3hhwwgq6vluld8q99e099nhnmcm5l99txxs9vqfd3lsk,889806.0,p2tr,12,1
bc1psx5zu66e33m728pphp52xg96u5pq400v7gqmtq74tuxwp52shtyqcacuxn,889806.0,p2tr,37,1
bc1psx80fc96uft48vyg6ywg06y3tyk4tfwvutsxyrm96etr6j37apqsmzeuj3,889806.0,p2tr,24,1
bc1psx8fcsmppatvlpphxqez6u3t9cr8pmtvrrph5czqspge4et4xvnss9j683,889806.0,p2tr,13,1
bc1psxf48mpeskw0a3vfthwefns5qkfk2rcupps48m5p7nzt2hnklccq3sfv9u,889806.0,p2tr,17,1
bc1psxyfsqllx9rmre8rxta3gek2r9fwf6q4ky2tmexyang4xwls62mqqemfvq,889806.0,p2tr,15,1
bc1psy5l9sz3u27ercdjx9sjhhvcf5dy53fe08nwjux4svy8gekdn0uqnqpd40,889806.0,p2tr,14,1
bc1psy7d2hkadnk55699vwtyxvkse26tge9k4md8y8gvyapj87cfaweq3665cj,889806.0,p2tr,19,1
bc1psyt5vynk6vwqxlcl8keku8aqmw8m42ctuujzmaa2d7wyvdf6slhqxdmev6,889806.0,p2tr,4,1
bc1psyvrqdkhrvphss76d3wdpepqrz0sm09atkzfe8jzjmrf8e67xxlsaexaua,889806.0,p2tr,8,1
bc1psyzpyw6km246tjfykca93shwynkanlfnf4ywd6d309sa42mfe05s0mudy3,889806.0,p2tr,8,1
bc1psz8q0raj4fdwczf0nad8u5x6ksxq45hzkr5gm0rxv67zrcc97xuqsa06t4,889806.0,p2tr,13,1
bc1psz99lx7duz9qxv3yn5089xjwc8akqum7zgu8wn0wzkppaesxv3mqpm2jxn,889806.0,p2tr,21,1
bc1pszfm00h665znp79qgz89z0pukywkag7gsn043e0n825098yrx00sz2s7dg,889806.0,p2tr,35,1
bc1pszgj3l4g34ku8mzt6xrnevv42l634p5euatj45mtzs3c5l7q4rjq2ghxlc,889806.0,p2tr,9,1
bc1psznupgkk4f45kae3pc2kqefcxnxc7ntknqfpqrg80sp3uptffcfst8dpmx,889806.0,p2tr,15,1
bc1pszrxs6calgf2e4mlct9defp5l7gfzclqj9wq6c8ugs3qzyawk2xqjdjkq6,889806.0,p2tr,11,1
bc1psztd5zs5dhsagx9xe59vjcnettqetel7ptpzajc3t4ghhg9n439s8ljacd,889806.0,p2tr,16,1
bc1pszyguryqsjwp4twlq4rjj38pnrkagsstr2s5snx4jwklytqgsqwscjy5qn,889806.0,p2tr,4,1
bc1pt08znefz64fu2v0944az8fgxz8rss2s6queckhmh8qp62c5xh3dsvphp0x,889806.0,p2tr,8,1
bc1pt0aemj0622a5z5luexrr8nf6xrwumfjc8xcw403etkyxgg4kllqq6dmrn6,889806.0,p2tr,5,1
bc1pt0e2pewk38dqj8hk8yw7hktdqzn94y32mhnz8w4p2gnmq4ywr9aq2zcv9k,889806.0,p2tr,9,1
bc1pt0hp9l3j437d0encycd8vmryx59c64paekt080k892w42nl9gp8qwt9yun,889806.0,p2tr,4,1
bc1pt0qypc5j99kfpkaqr6lnns6lj5nns0y8kmdv6q0lydjz0hysdgys49q6zw,889806.0,p2tr,11,1
bc1pt0xlw03uahf2lw66775mvle66jelpsy6ev9pzdfqs7x7jhq0em9q8a4cca,889806.0,p2tr,14,1
bc1pt24mfzzcdwqqats0led84www9fmuf4r4pmwrlh6m3mycettk7ltqlywcex,889806.0,p2tr,9,1
bc1pt28fyr4g8x5zjjqle2dl3h7svg42vc9km7vk27v7a7g9p4apmuysarz5qj,889806.0,p2tr,7,1
bc1pt29aj48dznn8rv9p67gq84p5xp3nqf8gtrez6lrmjs9vhea4046sqpg84e,889806.0,p2tr,122,1
bc1pt2dfp049eyegddruzq3dxtghuwapd5p2a9y6sn5qp2mnpkresfms96x0qf,889806.0,p2tr,4,1
bc1pt2nts5k8w90skl3fyshr8lczsar8a287g2k9d98dyfgsu2audf2qwmmde7,889806.0,p2tr,4,1
bc1pt2vhfsu0v78a2xehreg30yfaq909qg5e8765aysrqje6c6k5r02sgss30c,889806.0,p2tr,31,1
bc1pt2zz2wxx468vgu6tfsg4q9ude7fs5u25kce0fxr6rjp2a0hwtpcsdr5lme,889806.0,p2tr,10,1
bc1pt3ld65w3tuntq9u0g76ucy3e2vhndv3r0cz06yq62nq7nxjwerls4ry5ts,889806.0,p2tr,11,1
bc1pt48pnc56l54dqs5tz9gcnanm208rdgln587mnmjj80qwd5wprsssc3ye04,889806.0,p2tr,21,1
bc1pt4jgwdh8mjwwemymq58evvsnadjnmsgnuf2mvzzene3xmc53uars5wqm0p,889806.0,p2tr,11,1
bc1pt4psw9aqnlzysrrxmgtkyf4a9nh75syrv9k54hvqu5fnqvp9mzzs44pz4t,889806.0,p2tr,31,1
bc1pt4q02rckshww36ajus6rxahy095qjmtkuewjysm6hm2tt66gwatqe56nyu,889806.0,p2tr,4,1
bc1pt4sw6uxc65zhfykqj5jd6dagrequafqhmktplmpkrcslp3mjx62qm80da7,889806.0,p2tr,4,1
bc1pt4xkw9nlryn4d9unxl99uz5j382pexmfdun9k6q50smym80pdh7s0zm450,889806.0,p2tr,10,1
bc1pt4y3uawmy5x2re5mkj2kxtjaklnz3zew0dle8s2cr3zhvmwfyj0q5rp8nz,889806.0,p2tr,17,1
bc1pt4yh2xxavuzq333gu702v2s8nje7gf7n7y6x46jm6dm6sud3qhhq3h3w7l,889806.0,p2tr,10,1
bc1pt52f9vndc8fcazvmvw9fmlf2wfxdn86sgwvjwvh5pwhw4y49nwtqnx04y7,889806.0,p2tr,12,1
bc1pt52hl04fuz357spcdh0jxp9u0vcv0h27j56uw2895vryn72jhans6mqfn7,889806.0,p2tr,15,1
bc1pt5763aqf9eq42m9vfjculfdwwunpwrasvd48f0u6xn47w8s4ncvq7pvvsg,889806.0,p2tr,27,1
bc1pt59du7mau9x36rxykgpfwv9mxjj9cwjc3p5w4780mdcvqyzssemqfl9ctz,889806.0,p2tr,29,1
bc1pt5dp7ymmuvw70d5adevv50rnkntgwxu06v8a46z6wgzt9xyv3qdsss9697,889806.0,p2tr,18,1
bc1pt5phwj77jhy3hecuk8hnpvs9mjq4pxqw2pspqef2y75235ycgnaqf6qz6y,889806.0,p2tr,10,1
bc1pt5sdgky8h3ydhlueq9sf5jzgtek9ur4kfqmhapf0cdp7vxadjctsr8pdrg,889806.0,p2tr,8,1
bc1pt5vlg3wf35me4g8jhkpfc5lmsap9dz8ds7qwkj0pl0f5uz35yuks3jjfxv,889806.0,p2tr,8,1
bc1pt5wkj5qdrt7df0kn00z3cerznchv93fxvudlheptcxf382n7w8aqqxyuvr,889806.0,p2tr,9,1
bc1pt5wnvs7nd4ulqh429r5wkz578vrsu52nlewf0hnz7nx5s7le9szqmnt8fe,889806.0,p2tr,5,1
bc1pt62r8htk5gladxr9q9sa8a4v63ja2yutkt8dr9fg2lpua99j6e4sygpgah,889806.0,p2tr,15,1
bc1pt69gtx0naemwlhhf8lsast0x4w0nff8w4mrasc3zcg8lyj2v87psk0msqs,889806.0,p2tr,35,1
bc1pqt6fc3xdn2786gpjln2rykk0e2xsyxzaggtjqm0pt9ak2jn4rp8scrz5m9,889806.0,p2tr,11,1
bc1pqtanqyajlwhajun4j95w88tyyza4ukfepc39wqant9glngunxlpsjgg2je,889806.0,p2tr,22,1
bc1pqth0gamsxdp89annuu8gal6z0ghk7yvkqns3ccnptdmncdmpjejsp8247l,889806.0,p2tr,39,1
bc1pqtrjsv9effh2pxvuy09tlf6n2velxefh3usvqgku89gdxs9etyqsu7xlxh,889806.0,p2tr,6,1
bc1pqtuvtqqnfhpdnf052gejz5ftnq8lvpntwyh5y05nempzh42fddesrf6gul,889806.0,p2tr,17,1
bc1pqtvc84xwfern4tpttkn96mrmmn5r5wclt3edf8ywt84pfcakdy4snewx3e,889806.0,p2tr,10,1
bc1pqu0z93pvsln3wlx9yftsjj2wr6734hss9znzgr640gnap2kcth0sev6nan,889806.0,p2tr,14,1
bc1pqu3g78p9jdgy8jp026een4femg8e87ts8h6gylcd4neu9rk7rh6q77gpdj,889806.0,p2tr,33,1
bc1pqu8pmlg5u0txfr32nn46hhl0ppuxt9yqjsssmrr5q9mjj9xf26fs979wyr,889806.0,p2tr,10,1
bc1pqu9agqxsux5k5grprrl2z0r5h4ner6tsk0hwqpy8epl83jzl2h6qnzyyvt,889806.0,p2tr,4,1
bc1pqug4nx668zffemlm44ulkz8w84jgv5jrd65fs5jjnxhrxawdh97qgguccv,889806.0,p2tr,4,1
bc1pqujhyusnggz6jl9nff9zx43khlfu828ynvdmaafj485a0hnedc7q7t5lsl,889806.0,p2tr,23,1
bc1pqv3xs95xxad05rjk6d5nsxv5qfh92mhehhmhmzuxv5yg0mq4x9yqkzupzj,889806.0,p2tr,4,1
bc1pqv7hv0zfe5gmw6vlrcufdt0c293y9v57l5e35dlx6qpykjzexsjqqseluf,889806.0,p2tr,21,1
bc1pqv8cl5hqjrp49mwnqru6uc9ershrdljzz7gglra0u46zgcztyges7w2uzs,889806.0,p2tr,13,1
bc1pqvc6lmq3qyjnhca7wuvdwy47ygy9l87yfhlf39wzhz4w6xk5rskq385r5q,889806.0,p2tr,4,1
bc1pqvhjw2u4vusndp5qqch473gq6pxs9j0s2jddftlmgemsu7qzv0psct0rqy,889806.0,p2tr,4,1
bc1pqvs2msruznzqg8vts5wdw99z9t896cd5v77wwrnt5lt56jhflzaqmzdxgq,889806.0,p2tr,15,1
bc1pqwg5cpk4ctrfp3jmcrtf38q9f9ll75aplp5p2qgnswve63p7vzfqu2ddkc,889806.0,p2tr,4,1
bc1pqwhwkugpyfw4l72vxerkr8yr2rzexhhapwyzszfd32wr38fksa6sghlcgd,889806.0,p2tr,17,1
bc1pqx0fm7m27v2kghv32n7kr775k27resu540kjrdjcddt85rqxy0vqnku7wl,889806.0,p2tr,10,1
bc1pqxp5ujadwd0hvlqaeurtkd3h4e3p8sh6g8x2ecjq726y2haw2w5sannqra,889806.0,p2tr,37,1
bc1pqxq33exzqfqr8xlj4nmz2gkt7vc8h696369ah4jndcv2rfx5sujsyp2ujk,889806.0,p2tr,12,1
bc1pqxu42hl98qltqm0lz22pdhauhr32qmcaweraevdr5s0kfat5ltrqcjkwz6,889806.0,p2tr,27,1
bc1pqy3rc4r7w50skp000lpg58raf67dc0hggddk5p4vxp98vwsddk6qa54y93,889806.0,p2tr,26,1
bc1pqyqnp6tsx9pgpapf8ejl0vy72c5f78xf8yn5z6ssthu3ypc96erscv5hp0,889806.0,p2tr,4,1
bc1pqyugjk48aw8z9w30xp2gc2r7wu5x9j760rynxmv42m0mvhsdfyvqqqcx9n,889806.0,p2tr,17,1
bc1pqz0p8ztwzx7celgwk5af045nt56l8vcnzrdt8c75j5ysyzu78qjqp0mnl5,889806.0,p2tr,12,1
bc1pqz5xdh6ea2rcf0z33spj4pzj98dehheqqrp36d9a8jy2a4h7h44qxrhsjn,889806.0,p2tr,8,1
bc1pqz8a6j2hxy8r3gsmdrczlcs78w379d56yn9elagukqnm5an6m2jqvn97gl,889806.0,p2tr,12,1
bc1pqzkhxsvsp987hj7u0e4nj98qn5xntqct9r9v8ejvfdz938ylclsqdjce0n,889806.0,p2tr,11,1
bc1pqzx5g9s3kq8vd4cv0sjcwf9g4revurvlwcflkeltl0nvvm7jjwpqh7lcag,889806.0,p2tr,17,1
bc1pqzx5hym4darq6r9htxxnz5m6hfauzxpc0zlzrx8mtrfhmc4txetsgtzler,889806.0,p2tr,20,1
bc1pqzzkg485v4ea9s3uqwdgekp98q6zdxfvh5a5zz0tctxt25ua5t2smafrc3,889806.0,p2tr,9,1
bc1pr09h9kz23cpnwcgjfehlwq9209egy3x8h5hl4klked4f4pfkun2sp7k0r3,889806.0,p2tr,15,1
bc1pr0hngfcu0f4fjm6gfhcuctt4h3qz0ruksf5rmm4mkl6fzmhatspqsjlry8,889806.0,p2tr,9,1
bc1pr0sppxyluuap689q86ztdg5rp27at585fzryrzyxnuly44qctyqqd9zclt,889806.0,p2tr,17,1
bc1pr22z38z7mu8ar8hknzp53xpt4alfvwyj7y8f4cxgu70hyfcu8snszpld6s,889806.0,p2tr,11,1
bc1pr27mpv3jyqsdzjslp470hpqkm0a9njgpzfuwu0d96e6py6gmkguq4kfjs9,889806.0,p2tr,16,1
bc1pr288cph7wn4vxcq3gfz6sc4c5a8j497wzdy0gy3jj7aypa3dmyjsy20sxw,889806.0,p2tr,10,1
bc1pr2cfwxmg5zm9xwum9sz7chjmvz8yk7qlm9m494xcdkg0kjdzyh8qchgd6n,889806.0,p2tr,4,1
bc1pr2d5afnt5vtnu4580chh7xljhfywazvzvwezk9ggdpcjl6tuussssm9c9m,889806.0,p2tr,10,1
bc1pr2gy28r3yntscugvr8gst38p74wg060gk2ncmxt3k4x59522qwhsw5s2y8,889806.0,p2tr,13,1
bc1pr2jlx9ups88k7zl6wfs6fzg5av3xz2qg2uzg3ahgqy4j6t8dl9hsan58u5,889806.0,p2tr,9,1
bc1pr2s6s5dvexlfpcl3nmp5cpg37s6wjrmlt3m53ln6fhwd0fmjv96snkupr6,889806.0,p2tr,29,1
bc1pr2sgz7fygwsw2sx6kejga297xalxx2vw36r3ax9s4gd44uveu6cs396up9,889806.0,p2tr,10,1
bc1pr32v06dq46dvpctjvvmu7m84dvdkpc4tqtstyaccd4883m8eeems6f8wqx,889806.0,p2tr,24,1
bc1pr38rhs3dcvwry254vc734u7jjxmmq0ekqkkpedw7gsccr6hlf9ysuh9qql,889806.0,p2tr,9,1
bc1pr3qg80j07wr9nkz45kmunuv5927pnzzsggryqtxjle87ezu4lfcqxmy93m,889806.0,p2tr,11,1
bc1pr3ql3jrdays3r2pa837e32t855emnee8zs70mxz75nx8l5hn688qtmmeat,889806.0,p2tr,7,1
bc1pr3qpcwgpppet89dkfwd090648l63fwdfywt6qglzrjatyg04jchq99tw3j,889806.0,p2tr,10,1
bc1pr3qqgd0t22hq09a3sywlmwayxc7nwexfe3ejy8pcgcl6t9y8w9yqunvtxg,889806.0,p2tr,6,1
bc1pr3rysjkgugxrx2h25z3df5c99al6slel2pd883sjwcud5ne6cyqqf7cn7t,889806.0,p2tr,16,1
bc1pr3tjgzq7efrgrfzlwssrqek5y6h9myqzug5e7az34mpec720u8wqgvr3pl,889806.0,p2tr,24,1
bc1pr3tnpxrc8xruqw5zpmvkq2ya4aq59accw07zc6tlwnxl4xrmfcxsz4kuv8,889806.0,p2tr,8,1
bc1pr48dvwydccalwdslhxgsm0x7crs6nqx0uqz9ku2xn8970ujevp2q43ju06,889806.0,p2tr,4,1
bc1pr4cunkhnyx2u834u5ua92ulacry297mr37krneejcl9my4qalwmsra4flq,889806.0,p2tr,19,1
bc1pr4mgjf8d3qmhu9n5c3624shr8g4gdpet2rxn6h9lx235kdg57nxqrqy9dy,889806.0,p2tr,12,1
bc1pr4nxu3rfw8ak0m9gjxfdynu5y77yfdw3g48e2320g5rukdttg32sapyzax,889806.0,p2tr,9,1
bc1pr53j6nh7jczv5t99fp80xznt6p36w0acag2f7k7hk0rnmp9hvezquk8a5v,889806.0,p2tr,55,1
bc1pr54zn75gh58nacvusxm4etn62vaj3l354zc94mf4rysyhl8c8gdqt7awgn,889806.0,p2tr,21,1
bc1pr55wltldf6pllw7pgvkm9rwde49zlglufdgvcy6ht4mt3d6sdqys6jxmd9,889806.0,p2tr,7,1
bc1pr56229ze6rqfh0ycfssfqlgnqu0wpe4wteqkxudg98sdfk9wj3lqz0q30y,889806.0,p2tr,9,1
bc1pr5gq9ndwswyyg5xspmzy9n5dkh28aljy03w7lzmjqexp9ymkw3rq8s343w,889806.0,p2tr,6,1
bc1pr5lk7k4tg3u3wjq47n2n3v0egf5lpv7qdp9s26j40eprtuawqw5qlcz3u7,889806.0,p2tr,11,1
bc1pr5q50wfmd8nmwyjyhaay23w0pxyvarlhntgvwdmawrglx2mc7phqzzdm8a,889806.0,p2tr,163,1
bc1pr5up6phgjazl8rzvnfezk0f8t5zh4ywe6vdenqyntvr9ce0tg9hq25r07d,889806.0,p2tr,10,1
bc1pr5zj8h052vfx7n2qe7xrs49pgkqqttr4qg48429jv9jmtz209lmqyzcysh,889806.0,p2tr,10,1
bc1pr63yty3c2vgwmyx6h3sxjpukp5u5ml3vdvz4gwwh6t2c6526z6kq26fg45,889806.0,p2tr,20,1
bc1pr65293gnn3rtt7ya8xcz8c6wc35cw7kec5e5up5dplk6h6da63ssya9hee,889806.0,p2tr,11,1
bc1pr68q3clunuujcueprgc58vhq7jfwp8a3z2fnemzjd7zgcj0km68q4e0z7s,889806.0,p2tr,9,1
bc1pr69lgf3usw3tk96y6lcw27rfzy5tvk8v3ce8v28fc0rc4mmuw2rsmpvqj8,889806.0,p2tr,9,1
bc1pr6c2yz0tfh2j20qv6zfmk64j3p0a5vdnfzcc83j20qqaha0lhgms82kfxy,889806.0,p2tr,9,1
bc1pr6cdldc93xz0me228aa5r6ct5sqhy0a3chnxjcjkrkq2kwdv7eksdjklyc,889806.0,p2tr,17,1
bc1pr6hhgyx89d494p30rv3t3mkny09uxetd7ff2zewdt6vreyaw4gzs3rkvmm,889806.0,p2tr,10,1
bc1pr6kqpjhzyjpd27cwep02scvhsvrhtn6rt4hyxj0m5y7hrta0hhkswllh32,889806.0,p2tr,4,1
bc1pr6lz6nlt2lwcz7lptqt0jw490ppu87ul6ducezdq8klll9va00gskcu0ep,889806.0,p2tr,14,1
bc1pr6md4tnsv0k3yd3l9lx2wqyd3z4lvt0ghj8fxlk67lqn58fautfszw73hl,889806.0,p2tr,10,1
bc1pr6wmjkvjhhgvanewzmmtplrclld7ygw2tcvpp2mhweadsgtpl47srlkrnc,889806.0,p2tr,5,1
bc1pr72nqpe4e9lyefpjd5fgw4pxn4zsdl78q6fwhcx0e0gqne3n0ulqtqkm2d,889806.0,p2tr,14,1
bc1pr7dr0gdkla693xaqxpv7w54wrtg5atl7mj0zm8nucyqxrnj2nqcqgcjpm9,889806.0,p2tr,26,1
bc1pr7n3fazu6sy8xtvysv050qfem4zdmlwa0vp4lzuup9mna7r2crkq2yk5q2,889806.0,p2tr,97,1
bc1pr7n99rtxw648ea6kwpflxyah4c0gptgnkdsjrady44t0h2mvl2tq33tmwz,889806.0,p2tr,4,1
bc1pr7u09v2pkendvj9f79uezuezrf4p2qassll9j4keh98pp6ek40tsanh4nu,889806.0,p2tr,74,1
bc1pr7znvmc9drttp5d2hwuexxaggm9tk594nq8gptqltvfqendzfh4sthsml4,889806.0,p2tr,101,1
bc1pr835q47kgn22v8vxp3sghel9m0agpnklcq2ngln3qmf0regya6gqqyefeg,889806.0,p2tr,8,1
bc1pr8dn09zt783pk82jzvtzpkz7sjhsfh9zscdmy5qqpf4jqsznjqas59sj87,889806.0,p2tr,10,1
bc1pr8hw38rh45sdapjdpugnhkkpk9quf0hpp8qaqsv3d7vjedzvx50q9escn3,889806.0,p2tr,26,1
bc1pr8rjh379zt469pzsml0yxnryuy3yza29nn50c6g8pzhy4sw22laqu64tzl,889806.0,p2tr,4,1
bc1pr8vjq0fk89f5sw3r4n9scrasvw7kaud9akhzw57c3ygycsjspvvseyjcma,889806.0,p2tr,33,1
bc1pr8xq7tn0cpdu6n334feh6mts02pekjhuuz9ldclc9f39dyngwg5sf6dgh4,889806.0,p2tr,39,1
bc1pr9aekjq4nkj0ke3rpf46e2n7ezrg43dpgqzy2l8k2wcw5p2ypk3qf3cfnf,889806.0,p2tr,9,1
bc1pr9lm8t6v56z4j6n4j920vl6uwummulee738xfkuuspatkrvmfkaq47ced4,889806.0,p2tr,44,1
bc1pr9mregj7pn8jn5087llyjftnzds0rwma8kjr0928sx74u2n84j9qfzte6v,889806.0,p2tr,13,1
bc1pra5r0dmkf5ew2jek2fktsrzclxu8gf0rgydlsmgrupann4mln2fq5rr0a2,889806.0,p2tr,8,1
bc1praa4uyuv4uhfhmlh6sfgan0jwca0ygfczgg0t8egyhyeztjvajus4qlpzk,889806.0,p2tr,31,1
bc1pram5t320a6x79ew7w2yrqs7sh0w0tupgjv2rqq0jeq27q7zwl96skjgkr4,889806.0,p2tr,22,1
bc1pran9lem5pt4zqkf9eacxysk5hhamyq0enkgm4psf2x6zf96wey9qe3mg6a,889806.0,p2tr,4,1
bc1prc0xu8fxtuveapl33rzspjys9nwn8qgarw2hyh8ra7racv7j92wsprzy8n,889806.0,p2tr,10,1
bc1prc2p0udtsh3yf4gyt4e4qug7kcnc0vs5ek8vkpc5y0ltktpe8pxsyejfln,889806.0,p2tr,14,1
bc1prc6f50u9y0jl30ut87yl6jxt7ajmn6vflwj3ruq58h5lx5a029lqx72r2t,889806.0,p2tr,30,1
bc1prc7dh7n275y3qsggzgl3h9drnrfghxlcpgzaptrnmar6m5yhfc5qqxswqr,889806.0,p2tr,52,1
bc1prc92f0432aehyrmh3g23nlftm7374ypg3nm4llksdppmwv6xcfnsfc48sz,889806.0,p2tr,12,1
bc1prc9x0rk82xq3q48q2hkjac0npuc9x62wdv4puvxvkftaf52504ms83wpad,889806.0,p2tr,14,1
bc1prccy8wkpw9qt3hx22kyf9ey8n50hpjk7x8ffef6cwv0gk3wyzezqexldqd,889806.0,p2tr,10,1
bc1prcddl6grywyzn9xtpg4gqtezwyrh3kkzs35wvq6yvetvdyqk8k0qwlr3rf,889806.0,p2tr,52,1
bc1prcknd5qx40emt4u20eefjq6alew8nzhy4wpsyqe6wfrym4wz506q3a4hl7,889806.0,p2tr,32,1
bc1prcs45yl9p2cuhevjp8j3q8t4x932szmg4eqq435ezduhzfxm8xasckef5t,889806.0,p2tr,10,1
bc1prcu2asrxewt8j66s4rht2l294guw4mg2dpryyu5r3ylhjd7fyvjqtjnz9d,889806.0,p2tr,4,1
bc1prcyrqe04e84fyfvrvp9nruuext0qp9prlwvhzyzmqy2pxmlxy6ks4cffwp,889806.0,p2tr,18,1
bc1prd4hll3wwatw22kmxekes03nwgz85jl0t260kxzatmgcnrk9p0psx85yyy,889806.0,p2tr,9,1
bc1prd6mjau7ahcd654qne0dl4vvetdradzavc6l9jvv64jnyrfyw45seuejfj,889806.0,p2tr,9,1
bc1prd85w6us0y68mda6zflyhycre64cs32dta665c3cxvt72cerqrxq6t37tc,889806.0,p2tr,6,1
bc1prdarfv2sh6426k8tqeyphvxtfn5ykj3ctkulek3a4gm2jfc3zxrsm4twlu,889806.0,p2tr,8,1
bc1prdghccszkxc4k44a6ezncwu2gh09n9c234526w3g45hlgwq46a7qsagmal,889806.0,p2tr,8,1
bc1prdjf5gr50xtn8q5vxcsflfqw42zj7qh778c4dglxsx3r25nx003s6nrsfw,889806.0,p2tr,24,1
bc1prdm2vnn6en5ruhn54nd6u2nckfu4dlcddrew5gvnn2wmrqru0jgs3vun66,889806.0,p2tr,9,1
bc1prds9h924vwa9d6ms2av3j4ercvv9fat9lkga2qw0umkzme8ynr8sywg4zp,889806.0,p2tr,13,1
bc1prdslyuys4fslcrl2zjeenynh8emwqvvl89mvgmssf3hqdm9ljjrs3sxfpa,889806.0,p2tr,8,1
bc1prdv89k0y9me46vafvgv4znlhehl4ryg5gzanfmkewvlarlvexpgsx5f8pa,889806.0,p2tr,10,1
bc1prekrghtz26yu2keausvdy39kk3d4uxvnyjr0j4y36t2levn8uddsaydh6g,889806.0,p2tr,17,1
bc1prep86j7zju3h00ypxmse2dfwjdtepem8ar4ekw0t8lru7226ygqspdnz7y,889806.0,p2tr,23,1
bc1preqe3pf4wwukhj9amhw4vkpz4kd8935qejvlh75xx98fxt0ltwxs46ty53,889806.0,p2tr,22,1
bc1pretmda3gqedej5qgxmpdnurz5u7lw6z784v7ytjnjv8mtgv73dqqy6r3vq,889806.0,p2tr,9,1
bc1prf0w7ymszkw872cs58qky5f3pa02cs9y822hrpc0s8whaxejz2hsx4exwx,889806.0,p2tr,28,1
bc1prf2txy85edfsc4udc94adq0ztp4kalersl835hd9awwwlmmahtfskkk735,889806.0,p2tr,9,1
bc1prf43sa9gxmrrdwwwy9qznn552zs0d44egx7mpd998jqz9trukzpsqyg520,889806.0,p2tr,19,1
bc1prf8wsx0flp509fhjkmwvpcgr0u5fhf5tcxv7lzjrq0tyefptlqvsaz82yt,889806.0,p2tr,10,1
bc1prfp5tyl8w8fxmm275ecf7gxjxanz2944k3m49ttqnmpj9dgnhcwqznevsh,889806.0,p2tr,10,1
bc1prfv3eyuhz8c3ccea2mcsj3g7gnjnjzmq9f5yw5njr7p97c742wms43yx09,889806.0,p2tr,27,1
bc1prfxe3sv8u9800cznunr4wl9qd9g3nww72k2rhgmk0zp0p7swrmfq69nnqj,889806.0,p2tr,10,1
bc1prg0gkr9v9gqf6xcmsh427ql9d78w4xysrnl9z2nsfv5vlga2dpvqg2payj,889806.0,p2tr,11,1
bc1prg0z70a7e2z3xn2p24u4zv4rcdpk5p5egrpxgjtexhtphc5n3fnq53qcjz,889806.0,p2tr,14,1
bc1prg22r3qc8z4t0qamy84ue7cx7gld9d8hsyh2xu8jf8l7wqj46rhshyzc0u,889806.0,p2tr,24,1
bc1prg8p2zme4tgsszaxr2tzlxtpav7fs4jhnufa3zyx8f97jv06wmtq27jqju,889806.0,p2tr,8,1
bc1prgm45my0tpx0hvzs8gjjeuklczfq80hy7hld396lp6uqjf96q2aqr46dpg,889806.0,p2tr,8,1
bc1prgpdg3s8dsmudrkt8s974ejetd5hwxm9j5x5m7whxx7lrm5gcdzs6tvy8g,889806.0,p2tr,17,1
bc1prgpjxes0shknlmze7vpw3s52ecuen2r39k0g6q7m4wnj0p705kxsmethn6,889806.0,p2tr,458,1
bc1prgrq3cxs5xwcvea06muk9wm6kq8jpszy96va5w9tual42lv9aqgs3namxd,889806.0,p2tr,25,1
bc1prgudy6nq8cdyrwl9yuujh5psns3d938a93l26675xh836a8fac4sl43rat,889806.0,p2tr,6,1
bc1prh5fq5eyydg8hke29458v5v9jpp5qsumg8tfc8vm62kf05v0xqpq8q8nd6,889806.0,p2tr,17,1
bc1prh7h6f95wevsawer042tpdkhwhudf6sg9l9rz7kj85ep8pw5l5fsp4l645,889806.0,p2tr,9,1
bc1prh8nf6d5tgj2mm2h8s5ehw56g590n9s37wmnw49r02ns0576su6q8n7fna,889806.0,p2tr,27,1
bc1prhhw2greq28726avu7450ayf5gemspyfdfe9wtp4u75rx9nzd3gq5cdmrc,889806.0,p2tr,5,1
bc1prhl7ykkre86t9t9j473hmpxse3elyqpst2anwap75gkfvmnmwydq8x2vyr,889806.0,p2tr,16,1
bc1prhlrer7ve2jydj99j0k36r3cwjhu20gpewfqa0k3yv42htlgfu7q0rvqq3,889806.0,p2tr,12,1
bc1prhtqnpzqx2549dcrkvh3vmpssz2g02mxjzpmkeqzdfkhjtgrqmvqy0k7a6,889806.0,p2tr,17,1
bc1prjce9de4zc0rfyq2q2sesvntxhvg4zglx6nkkzzlhp97zxehvhtsgrqtf3,889806.0,p2tr,8,1
bc1prje07hdau5g2wnr4shlj93kv0cx533ag8xvmj5wute8m4duahspqnem8s4,889806.0,p2tr,8,1
bc1prjef3qwxu57j6zeeumcktcaatrppzgrhz3eu3ec69u7cdts3eq6q4lyzy9,889806.0,p2tr,15,1
bc1prjm8apjjpjy8s7zwuy4np265q8mqv8h6fj2vg5e44wrgch3g4umsamwvsy,889806.0,p2tr,16,1
bc1prju90nxpwj8x0dh9mupmh8qhtklzhhrqnlx5jmcm8du5599atavszqxhpr,889806.0,p2tr,30,1
bc1prjxv86wjpyhux3lgyc275aeg7ljyrgau5efcjz8y49gpydjehwnsg6rvrh,889806.0,p2tr,10,1
bc1prjyxjdskkaf6lp0yyjhy2aj3k5hwh3au2jyncdtgua8w7g375k8q55dkvg,889806.0,p2tr,6,1
bc1prk3s794qw9prtnrpkvkaqp54vza9aqux7h47q9aa2vgsfls6yycsh2h68t,889806.0,p2tr,10,1
bc1prkhte4d96nfc65a7r9zvqg9ed50au95tx5wq3ulwaktcm9mnlxnsn4ugmg,889806.0,p2tr,9,1
bc1prkkz8tahy0gtx98kgy0sr6s8x7yfe80eclcew32sn6q6rz8kwj8stdd0zz,889806.0,p2tr,11,1
bc1prksvprrdad2zy7rz4dajd0mjntc3msdwhsa5zjk0sw0z7203yqaqvw3s6e,889806.0,p2tr,11,1
bc1prkukyxy04pa26jxm3fk0c4hd3juj9cw8aswtxfhzmn2de9as24ssadalcq,889806.0,p2tr,25,1
bc1prkwcnr5vyln7wutfnyrt3r9tgwz7wu62k2vfwt6ltd63gqxdck8szd84xm,889806.0,p2tr,40,1
bc1prl2djz29tj6cx0hf3dwfmvk95wc46670kyzlhmz9u3pnkt6rczpsehyren,889806.0,p2tr,31,1
bc1prl3yxersn9n05hzn0hzpl5at5ken7w90v7l6zycqvt30kcwrgzxs8l6dgk,889806.0,p2tr,4,1
bc1prl77xwtufzq3m6ekkp2w2lsxnudmju7f6ke0ymhmgvud9mvu2p9s9z328v,889806.0,p2tr,14,1
bc1prlc8papqdzq3alc6lx233qel5us8zk35qqtyvc9j3pmpc8gnlqwsg6rhcz,889806.0,p2tr,11,1
bc1prlgqt7luj8letsmhrns7s7s3emkqmyawc9cx9v0f48s0ys053zgqvzqr4h,889806.0,p2tr,15,1
bc1prljuuk2dxn3gpqm85n0shzq5svhe5z2fezma4uqn58kahlxpe55sqcpzrt,889806.0,p2tr,4,1
bc1prm73sj3d2hx25wffxqk3mz8y232lfrydqppuycwecdj96u643lvqa2vwex,889806.0,p2tr,23,1
bc1prmjd07r57gpdu6hs0u0cdxwq2xuztugv299hat42hg5aw9832c8qmpfdwu,889806.0,p2tr,9,1
bc1prmu99yfjgj8z8ujx4wrkflf8djhzu4h2hsftla94szr4plt3ffxs6628j9,889806.0,p2tr,11,1
bc1prnhcdevg8q6u90t3q04jmw0mtcq0u62hzln0jfcymfefg5ac4lpsassd6v,889806.0,p2tr,6,1
bc1prnhegt39wlephthy0l680f5lassk9d767yexgm3535f8q2g2fhjqhwf2wm,889806.0,p2tr,5,1
bc1prnveexm0rpd9d8x2rfkpvtq2fl65s5h58mqdwk3s89650ycz76ls26t2md,889806.0,p2tr,12,1
bc1prpctnlz8sf9hexf2nu6ek2ftavu8yxqd438ftgc64hd206qrf93qj0rzg2,889806.0,p2tr,30,1
bc1prpuyq5dc6mvj4zvzumy88cj98p8tm334g738jpc7rtpc2azxpy3swe89a9,889806.0,p2tr,9,1
bc1prpvggl6xja6w7m6gxarl07jq06dskuzqxdlvtne2xh8v69r92keszc3f8r,889806.0,p2tr,19,1
bc1prpz3l33ynkdslevmxgtmprwe249tuvqkqfkvjgs6vse9q2523ejsu2tldn,889806.0,p2tr,14,1
bc1prq06qpzp07wqskgws63h6ck6mzfumyppwrn82kvn94s4g66t8vaqjuyslx,889806.0,p2tr,24,1
bc1prqdgm23v34yf6hxzr7clrqsq3e58sp67p5h5alvtz8mz74tdr0tsxj8cyc,889806.0,p2tr,18,1
bc1prqdr6el7gmltyuekfhaahnpjk47kstquqmgugeaec5zz3zyehk0s0gdzgg,889806.0,p2tr,12,1
bc1prqg4g3ttzs7r9k7fm9cj4vugun5fp40t4e0wu8kzdzymvy9ruk3sq28usz,889806.0,p2tr,8,1
bc1prqjwtlv42zglrk9hvzc5hf2ep0hw4em98uk4gtx5465fmy9s7wvqlmmges,889806.0,p2tr,13,1
bc1prqledwdn7lagvxz8vjhezcd3w5q0qstl3zjsuan0j4z3k40cwzqqx8xxkw,889806.0,p2tr,35,1
bc1prqp9jz2923wz2pkfgwzhvsk255n7cqz5g7khjt6mry558s40p7ysq4kl0g,889806.0,p2tr,4,1
bc1prqsmeae9zv2etc72xrm8rjzamq9w2wwyuzynnevueeqg62qeqmkqmmlsjw,889806.0,p2tr,17,1
bc1prqu7pyetqqphdsnmspqvxzze2tvnt4vx99j5h74uv3nd0kxw5nqqrkdwgw,889806.0,p2tr,14,1
bc1prqzczplurjtyw7p0ykaplxd6tc3xrsyku0fsxzc8uylzye9kck7sda26te,889806.0,p2tr,13,1
bc1prqzxwn2l4q9v6f9d70fclnj85fgqcc9d79n2t46ldn97cadk4e6sv5jje7,889806.0,p2tr,11,1
bc1prrcqynzym0yt2uerraed50nak0cw62a7dg5fdukyhugevjprxdzs8gyfpc,889806.0,p2tr,9,1
bc1prrmm94q7r32deyqycpajuzz66e6ndsjf7rqhhuwrc3mxzrjxpfnq8pxqx2,889806.0,p2tr,6,1
bc1prrtk0azxfspxeda8qy2l2fqfl43my8gkslqzh26wyvf35hraz7psmvj6fj,889806.0,p2tr,15,1
bc1prrvh4zddepwt640thj6uk3zc926k6h07tclv7dugf7rr3sfrqydqxcz208,889806.0,p2tr,12,1
bc1prs7696agaanc6sue8vrjvt9d6ja7d6yh4xwjdv4y0nhxwhgtvjkqg0w0j0,889806.0,p2tr,19,1
bc1prsattg4jhwjfqszas6ewudsufl4aqskxda7tjeewyat2zcee3wjq0jadxv,889806.0,p2tr,13,1
bc1prswekz0s929y3m22exn8dz4s9v3ttdcu69tk5u4f0azqf64dvh2qq0atpw,889806.0,p2tr,4,1
bc1prsz3fagptxsrgzrlzac3tr9pfwlwn98r7pn27mquuplnuwpt674qg6cvad,889806.0,p2tr,28,1
bc1prt3l9heyqdusk4tcan864m7lujt7qv48mlanemnydn9069ag9ttqenu3dq,889806.0,p2tr,9,1
bc1prt4vzj3qe2xcsq4j3ppdhmxvgdw5qww63a4g0fj4jgrkdeee9t5qqfq39x,889806.0,p2tr,20,1
bc1prt666tl3h6amdrfqd93w45muesqhzp9qw5h8axytvrp66902hk4skxk7gd,889806.0,p2tr,9,1
bc1prtta47vpx04m839xt7umzewwretjk294nafypatmprljxh35p0qqh4e9sd,889806.0,p2tr,23,1
bc1prtxu953hx4wq27hqt5jhxuvmmky0hqejp3fnz0caky9lzl0a4wzqsx988c,889806.0,p2tr,10,1
bc1prtzu5dtkxfgv0jak8rn56ce5350dn7q9qumagplq7706m3tldzgs0sneae,889806.0,p2tr,8,1
bc1prughc8arh0x803zw6axgw6d4ygshq47lfc99ulj7ml4qvlctwe4q34w7tu,889806.0,p2tr,16,1
bc1prulx6dyyqhgg6vpq8nghq7wfq8sduj8280lwe9gkvujgsa3k7zushptp2z,889806.0,p2tr,24,1
bc1prumrsu25l6vy20662hdvmfeq4y5g6jp38sdprmpswd8nevfawkfswed8ey,889806.0,p2tr,5,1
bc1prut7tnedh954jc4ut7h78dwq5lhwwrrmk47z7uecgk29n5devxsq9r294k,889806.0,p2tr,9,1
bc1prv4pu87qc233vamt5zfvrpwp0xq8dejr4vlg2vc679nhvrf4lasqsuvv6a,889806.0,p2tr,12,1
bc1prv7cq9g4gdn8f92sf5urg4uvt2k83wp8t77d9fuyqrssql777wuszt3ahg,889806.0,p2tr,35,1
bc1prvpx0fwu5zppnfk4ysgkfzagl996znyr5v0rjejpfq3p4jljzp4slcrvfg,889806.0,p2tr,25,1
bc1prvuacgvvgyukulya03s9w78gy40enr4z5qv6cgfr0y0eyh3n88zsutk8wp,889806.0,p2tr,61,1
bc1prw8257wkh7pzvy8tevj88y93nez0kxxcfyxy228x6cuqcztwakjq4jly8e,889806.0,p2tr,18,1
bc1prwe2539gsxnthrplv3af5nz8kelnhrhssx4rkcwgwg4ecfp90ypqdrns96,889806.0,p2tr,10,1
bc1prwf7z7pcxrqtlnadmhuphnn7h0vz7uvw0eznpaws00h7vtz0r4uqdwz2a8,889806.0,p2tr,27,1
bc1prwsk0cugafq7q0ye6ceh24nprkhmwym9rdkpvywdgs3vd9qywpaq40mlhf,889806.0,p2tr,9,1
bc1prx80jewqasc4xv0j5lc020t06dsx83sfw5ca7akqrmrf6s3duetqyx8vdr,889806.0,p2tr,4,1
bc1prxdweedv45p6pu4w540xhkkr4qdk5lg83p56ph8g9j4mjxecp3gqnqke40,889806.0,p2tr,13,1
bc1prxrtglqlmjxpaaa8fjzv34xg4ncqawq4ftmfyq4wjvcg6slf5u8s29r59l,889806.0,p2tr,12,1
bc1prxu48a4e9jw0ck3l57cm9n0pz2suycqhxq5ujz6cv7625w33x2fsjy6h09,889806.0,p2tr,12,1
bc1pry50yu2m9zpazaguxwqzwgdeqzhkwry65exzcedn0qavrey59yxq35tmw7,889806.0,p2tr,18,1
bc1prycr90whlzzeuspc7jtv24e9n0ztk2dzn027rrt5h6gvs3sdlfpqmcqx69,889806.0,p2tr,121,1
bc1p0jp3mzu2r9sgee4738mykaqe8j3mdk0mc3q2rf79zely4xeyzadqpfc682,889806.0,p2tr,12,1
bc1p0jqlpq8csdl2vaj27cqmnrzw3zwwsqvqkx2wnj9j8xvktfw38euqhq94jd,889806.0,p2tr,18,1
bc1p0k378q9yuuqad7j0npngcpdh6774f9gdsvjpxxe9398e2euc9agsqg8pe7,889806.0,p2tr,15,1
bc1p0k3d8vdnvcza9zu0l36x40s5ruwggx22wagtse7sd0u34gvu6kqs7rd8v5,889806.0,p2tr,11,1
bc1p0kktjsatuj2d32pw8yqw6rnvhmnyafsvuxakq60f3hsa0ytve4ush6e7u8,889806.0,p2tr,15,1
bc1p0krgcamyg7ngqj7zwsv3jqtyvd7t54dzqptk2wfj4erqjvgrl4ts5ttx4g,889806.0,p2tr,22,1
bc1p0ktc788lm2ncyfvyp2tttpux6adj4xfz57gt0arvukhgaej75jwq4mun7r,889806.0,p2tr,16,1
bc1p0kz54g33gaj8qtuzmsn0duga0j9dcayps0trxywnfztd44surgnsaaslrj,889806.0,p2tr,4,1
bc1p0l3q4ajqrlwcms8vkwhns4dx4a3lkezcyz7n5hx30e4j96k0tm5shh7r39,889806.0,p2tr,17,1
bc1p0l3yx8j94cf797jhy49ghyxxthvcpcgm66l7p7m2x9htwdmrx47sjpk976,889806.0,p2tr,48,1
bc1p0lfsx4sg7fs5lfmuap0cvml7yev2n7rzkvcu0lyqeg02xldwhc4q7t825m,889806.0,p2tr,18,1
bc1p0ljn8850p2xrt9nufvqqplc7stwgpvhyjlrjzw8sa2k0au845stqsyndg3,889806.0,p2tr,16,1
bc1p0ljsr9sdv6qf4h03zfzyy0yl34ggvcfrxj8mej2wgu3qxnzve0lsmy37ad,889806.0,p2tr,14,1
bc1p0lvk5sly5583tl547wwr482terudkaln9kk8z2a72qkj4z773gwqv6zvs7,889806.0,p2tr,75,1
bc1p0lzjjgdwrsngk6ccqwld6mck4qzxw9ntxg7g0xlwz7q24nj7884sxuqw5v,889806.0,p2tr,19,1
bc1p0m47rapkwktxaxpn4lssapjp368929k4qlx7qf9xmlev4jr4jsmslew2da,889806.0,p2tr,16,1
bc1p0mna9ker0xmf6t9shepcfjm77vc2d24ua3y4q23w8rdqs0zn3ugqmx9ea8,889806.0,p2tr,11,1
bc1p0mpss9hxhlplp699kewdndtyg4ls4dw9pe45llzhwm42zs0shz9su65cs2,889806.0,p2tr,19,1
bc1p0mqan0cgpynhk790pc74yg5qcyk84kuqvu04fpkte0uz4vl9px7qza23xq,889806.0,p2tr,21,1
bc1p0mtzdur4gyycgtvalp7r648dmu5vs6ea0yp5ue4ar8s7h040t4uqjx2gdq,889806.0,p2tr,10,1
bc1p0n3hj9e99nf3zfy0wm2ngxdglvxzqewm2ut73eykwp2yp64vx9ksz0j76a,889806.0,p2tr,10,1
bc1p0nazq9w4aemqj7es7ztk3hx6f9j69353r43zz7uc5yp5ejmctgnqnvr9fk,889806.0,p2tr,27,1
bc1p0nhr43wh45s9hv9tgmkfjnapsh97zva38c6tneek3lkxy68f5husvl33kt,889806.0,p2tr,8,1
bc1p0nm4ewvtv9sh5jdmsqvqn8s4rspxqnzdcmccz4vjct9z4erz9qtqc7andr,889806.0,p2tr,9,1
bc1p0nr5fwjfudefrezu6cffnwfatkffm6tz0mgczq3mnkfwqnr5kxzs677gal,889806.0,p2tr,8,1
bc1p0ny8lwvvqv4tq5qr9v2gr0uq43lr6dsc9m3aseq3eautcp2ltr7q7rhk2r,889806.0,p2tr,9,1
bc1p0p0ujq9fst5pj3l0gtrujfwq0v3tys0z3wzwu7wnjtptjh36vntqth4jn8,889806.0,p2tr,9,1
bc1p0p38udp9u726e0yr039h2tvdsun563uxwl9h3vnyx5v5ctde4cqqty62qv,889806.0,p2tr,19,1
bc1p0p98wcwylvcjq5j7juggexfkcuag3w49f7ux2md0qgclz208jggsyenkz6,889806.0,p2tr,12,1
bc1p0pkm0sra87yz692dtmz6t6u8ehdx6npnzfr6audvzvayghvv69rsa6v7g2,889806.0,p2tr,35,1
bc1p0pmzq2f7kumyy56av9u8efgp3wdkq3tjsd8nfu99kgqa7vrqza2sfjwn5j,889806.0,p2tr,7,1
bc1p0pp57au56ctjfz7pztfhcw8gh72eqt5lrauv2s2xadfcn2fl3vmsyjr9an,889806.0,p2tr,38,1
bc1p0pu65ac8jm70hf2pg2w3telee40skl8cnwwdm0cc8x9u5hm8ukds7w6aun,889806.0,p2tr,10,1
bc1p0pwe9pkzc07lj25hg6x273lfduhh9yy0c20qkjaccc2qtnldthlqveqkz3,889806.0,p2tr,21,1
bc1p0pycf0tmmkr9zd46m5c748xzcvt0nn46g49lywyync3nttfyr0qs0fepe2,889806.0,p2tr,26,1
bc1p0q75lravgsa4z8gz5shljd065dqkk9tm7z6hzn2x5qfhakxdrr4qyat8l8,889806.0,p2tr,7,1
bc1p0qvc2c3r6s7n6uqt2s975y385k9e5euum2k8vf7v9kanjnaqrdwstexhxn,889806.0,p2tr,9,1
bc1p0qwfdsc8pvvq7y7zvvwhvmxjqtd4m7kwxg6pfrqgzrvmuptxv3fs6qk656,889806.0,p2tr,11,1
bc1p0qzne940y4wgqh8ujk4f0jtxj6an3w8fqsmfenyr876f6wfwutzqc6h6js,889806.0,p2tr,16,1
bc1p0r6dwrd5u7skmy9xtcqkcg4gs0l6jrjjwgsf63fr0rk9lyp4jn8stc96qk,889806.0,p2tr,12,1
bc1p0r8l2sxa6lktf5jzdzjdns2szwep2v0dp9ndzfp30dpen87sv8jqye86la,889806.0,p2tr,10,1
bc1p0r9qxhsz9qekvypu0pj7vc2nsthrl39n2jjc3gkf2y3nczzntqxqn6f6ef,889806.0,p2tr,4,1
bc1p0ra8y6p2fdx6vdfs26tq33423qg2z2hxcqt6cj94mwy5shqyc9ys3mal87,889806.0,p2tr,75,1
bc1p0rfx9ruyur5scrvs0jvexw3d6v3gkz6lpyggkqhahtaqy9wfv22sfy22zl,889806.0,p2tr,136,1
bc1p0rg9l9p85q5lr8sfzl6n6ecs8n4dd65h4c870cxedvr0qkv3rggq72xvu2,889806.0,p2tr,15,1
bc1p0rgda6am509ulc7u8wn4jrvqpn87fdh98x5v6cv4gc6cmffcxk0s2ex33h,889806.0,p2tr,13,1
bc1p0rp206mf7rgzjarqdkf9j5p2guqa2e9w94tlfrm9nx3vws84tz5qpqkpjq,889806.0,p2tr,29,1
bc1p0rqdqdtqfu9j7dhwj6jlzxgajpluzq26u0vx0d7kk2dupedqjxsq7gtfyq,889806.0,p2tr,49,1
bc1p0rswlfsrcp253u4ejpp3zqmtrlfxx3gsluzjayt2sazkzt42aj3sc9585m,889806.0,p2tr,20,1
bc1p0rzqs47ndc6f70gn3z9t9qfdelucluhugt7jgd8wvwt93f4ae0wq5yphle,889806.0,p2tr,23,1
bc1p0rzz4k23sf08qt2f4ngz8ywuh70su8g98pdurtspk4h9fnp42alq4mt238,889806.0,p2tr,8,1
bc1p0s5sjnjzx54ke7vcdyjn0086pce7szjsgn2l25ey3m3rw6r0wglszkt87z,889806.0,p2tr,16,1
bc1p0sq8fffzxyy2a4alx2epe762ry7dfg06hvt3jg2d7aysxnw94t5qy29wfk,889806.0,p2tr,17,1
bc1p0ssfexgt35eg8xz4km80036c6fp7mdnw8vhefvkqls0fcmcf83uq4kwn7y,889806.0,p2tr,23,1
bc1p0st2x3xggf3pqwgj462l2and6eqjfvvsezxtkt7rgzg3j3wk9ncs3fpua4,889806.0,p2tr,6,1
bc1p0t3v9q3f52mynaxykya76yf2mp7gepu2e235svh78ds43s34zqysq867n5,889806.0,p2tr,16,1
bc1p0t4whaypn25e9n0vksmemukl37f25jhdwmx6mw4q7t0gp60n79xsjlsxu7,889806.0,p2tr,42,1
bc1p0t5c340n6lj3k7wagsun99edlk8uxvrzspkfuqnnh7npavg9egwsmenh0m,889806.0,p2tr,8,1
bc1p0te3fpue6fdfq4znaxjg6nyldd6p5spp54xtcz7m07cqz9v5vn5qr8mk5x,889806.0,p2tr,9,1
bc1p0trzqxs0f9dk86lkvyt3hhujvy789fcy3az3arv5clk9ee5t6fdqmvfj6h,889806.0,p2tr,5,1
bc1p0ua57mqe9y2xwrrnyvgcxmrm30hl7053nw47tfqk8hlt6uthgy2qyw8g2x,889806.0,p2tr,12,1
bc1p0ue7ejp52q7ehy328y3zqxgzp3m5u4v0kl3d2kuykx7c977aclksqkdg95,889806.0,p2tr,12,1
bc1p0uw875rq7s2kqjagtqpuklj06gg8uk9v6shxa64asyen8f99e6rqkg0c7l,889806.0,p2tr,13,1
bc1p0uynmfu99ujxfarnlh9afwk7x9tpxkw9d94sw5vmaytx93hxmkvqxhftl0,889806.0,p2tr,14,1
bc1p0v3mv8a482yy3er2acrllhfuq2qm83uvr70xfx6nrcj3esucf7rsckh2es,889806.0,p2tr,23,1
bc1p0v6znxvx0fl0m5n3cdhtrh3ut30ckjn8tkrvkjnr4jwdx7sm20cscrg445,889806.0,p2tr,9,1
bc1p0vedlrfhzazdpttjpl8lzeulp38tk7z2clrjyt0wftqe4ug4tf5setr0mx,889806.0,p2tr,18,1
bc1p0vzp5vscnena492zdzdsxqqzc0vpf3w7cg70l6x88tw6fpcu9q6s4z9ap9,889806.0,p2tr,17,1
bc1p0wrmndyp7ycr3kqd5umu8c622ls7h7qeu575r3vrzstnl8rc7zjs8dg8tl,889806.0,p2tr,12,1
bc1p0wzce5av5gq9slf6vtn2uvgqu0dqvad3kav7rl49jw07vqcgspgss5r5pq,889806.0,p2tr,12,1
bc1p0x2vr9hpy390030mnsvh2hj5kdwa2v6cp8f6p0q09qjzk44vergq688svp,889806.0,p2tr,37,1
bc1p0x67jn0ez5uy4t80twurrvacvm6pql3qflztsdzhs2h8yqep0qhqx4nvdr,889806.0,p2tr,15,1
bc1p0xkfnqwkhg2p7yc6t3qcxsmtsces8fnjqtrz2razt3fnyxkycuyseq8dz8,889806.0,p2tr,7,1
bc1p0xsmh6dgzw6v4stkfk8559zvwe43q3pgx6fmtdkgvnjrqu7mt63s8kjk6x,889806.0,p2tr,16,1
bc1p0y9n0kzuws0ejz5kmj46pfqf3afzugm6vhzdsx0ew0dcyrehxugsujaduc,889806.0,p2tr,16,1
bc1p0ygeh4ctwwkn5p600ua26trkpeq9s8ll5hp65muzem9j5xsnttwstjqr0y,889806.0,p2tr,30,1
bc1p0yp6lkqn3wkjc8lllhpwnphg8gytyx434vw025lx64ekjkg3mejs5meur2,889806.0,p2tr,15,1
bc1p0zas9pmc4tt39jqmw4t3au45k9kgu8tl0pthztjnsmqwd4p5530sm3hvv2,889806.0,p2tr,7,1
bc1p0zj9fgnaz7y7h4m3yy7mch83kmch2z0u3s2mnsw3j4a9vsce6wmsgwqf4d,889806.0,p2tr,10,1
bc1p0zu7l9qvtfdhfxsh0xgqktcc6f6fvdh6245g4war7exhuz5304yqwz43mz,889806.0,p2tr,10,1
bc1p0zv0qynt28nj6gl8anc7546xv0f4aug3gtpzzj5nhvu7s3e77yts7uzetj,889806.0,p2tr,14,1
bc1p0zxm4j7tvx8ptdrf63vda6vu6hxmggew8hf7ek7rzcjsvra0fuxs5lxc3n,889806.0,p2tr,13,1
bc1p205m8l9vms2uxldnhklgh0tpw82kvllashapgylguxpr23wdsj0sc7cwgd,889806.0,p2tr,20,1
bc1p20n86k9l6sxwc0uswsqpvm3exvgn6wp9g544gre76cjatwqsrtnqw7gqlz,889806.0,p2tr,18,1
bc1p20ppgh6mf0mrats4xmf5nhjq8m6a3dz0x0rz9tp6w5wrlf945jqqz2cg3d,889806.0,p2tr,40,1
bc1p20w33r2zefsfceafs82qddzmf2u7fx72hq0ck6ygfapll3m06cnspsa7jn,889806.0,p2tr,14,1
bc1p222flptfpeega2klpc7xl7amn0xtfmnqcddjjqtc8u76n9wmk06s3q07z6,889806.0,p2tr,18,1
bc1p22rph84t4277vvsddtv8dz0gdnc0gk9c7f42pds4eapey3cadxnsjv690x,889806.0,p2tr,15,1
bc1p22yhen0v2u8gefd8tuyj906pa0e3tsgxjekcqasae3uml9wj9s8qwgknwr,889806.0,p2tr,9,1
bc1p239s2ql68ck8dse2dqa96pjjnw7l3hzykusp2z0wyl9ka45wukwq2t2php,889806.0,p2tr,15,1
bc1p23fdwq7r98nr99dwyqusd9qyv9fejce370x7u03ae5vhe7nlt2dsvekgr2,889806.0,p2tr,15,1
bc1p23hpzr2lend6hlgqcfufjxr5yrl2x6tvuphthzjy5ddhvqhpvahs65mky5,889806.0,p2tr,8,1
bc1p23lmjyc78ud46apfavwhj393f40xv3y2d6f64uaha75wuqu9jj2q63upu5,889806.0,p2tr,18,1
bc1p23vrxkcfez5w3t3kns9wye4z8s5x743u9e9xxz2pcjsrfsnnhnzsu45e2g,889806.0,p2tr,8,1
bc1p240thasvhdte4dqlvw6sqw4hn2hy3rmatjxns3pnw480fcmgdm5q9n8xrd,889806.0,p2tr,8,1
bc1p247ly3g7za65et9cf5wkc5l9n07g0tfn026v06ctk6d5q4dzvqjs38frd3,889806.0,p2tr,6,1
bc1p24a3effyaq83q734wr2aarq7ggkedxllx9vdvyjkme06hjx58udsyawxxv,889806.0,p2tr,20,1
bc1p24g2cga28pfqr48r3p9d0s9wx6sj9emt39cttvd9j039zv7vne7qftdqfh,889806.0,p2tr,33,1
bc1p24mua3gke83rxvx3ffrwf9k0ew4ephavxp6jm3e6s8h4kxk3rhdsd09ns7,889806.0,p2tr,16,1
bc1p24t2cka9w7wnc44pvxpumeg2kxfcyt9tr4wwugsfzvyg9hpytnusycysza,889806.0,p2tr,8,1
bc1p257jsespuafvh3ak9t5e5lst7h6m32pnas5j9pkr6xklulnty0usl0nwnf,889806.0,p2tr,8,1
bc1p25d35wg6klpsrr26gd5r0rej30je23gdt3jr8z3zr4xdl4v28tyq7t0ac8,889806.0,p2tr,8,1
bc1p25l5lhu9t9q5z5sezmn8gy0d02x28hvw888xdmxchmvlxscza86q57qrun,889806.0,p2tr,21,1
bc1p25rcgsquzz5u0j7uu5f2dwnt3usxazs0fqgczg954ppv6ge8yu6qv5wu6n,889806.0,p2tr,41,1
bc1p25s0j6strkpg0hzvuy0kx02z88lc03hmpcsgrwq5tw6lrrgrcdqqhzrp45,889806.0,p2tr,12,1
bc1p25ttqa32kuejf6rf7y9yexm77cqesxxc3rm3vkkjtyemmyxd8uqq6508a3,889806.0,p2tr,13,1
bc1p25wdusmhtwpulgrq99q0xq5s98pg5wwx03fngerasgcqgu86y2gqwygh67,889806.0,p2tr,27,1
bc1p264sdy3cu7vk8yjgqhx0p4tep7nz4z3rpa62v0jv2t37wvm39yas7a9p8j,889806.0,p2tr,9,1
bc1p26htzfe0cytff0hs8vcrryxrxdh3xp3qamssjhk4dvga5et0kekqeg8sq0,889806.0,p2tr,7,1
bc1p26n6tauptcm2g3kafaznyutmsnfs3h49ng65nvkam2zj42dj48psqwddzr,889806.0,p2tr,8,1
bc1p26ngkhe7n86e0mzh0379clh99a6nwjcvwwywfh7en80h6rsaelvq04e0g9,889806.0,p2tr,11,1
bc1p27drkls8vkkrs2p5yaue0akx637gl9me7tfstgv4cep2v42atxlspxwpmu,889806.0,p2tr,12,1
bc1p27lzxqm3mz49qd22jyy2hrhdexc26pkyxpu9rqsgrtv525psrteqetrghp,889806.0,p2tr,4,1
bc1p284yp9yumn362ctfftgs6aaqptk47z9yn0lwaq6f4qmsgf8dd7wqadyd6u,889806.0,p2tr,4,1
bc1p28g0a0tn8ypcccz4e0dyk92vlp4z04azjhuplmrcv6u23g5f2r4sk67r7n,889806.0,p2tr,9,1
bc1p295nhdrs6meudf52spck3t356axcke6t3msnc8zktyvxcseu9swslleyyr,889806.0,p2tr,7,1
bc1p29fe7qr0cjv06cymenx2070zalmqdr6pmujtsj09p3vfss7867zszryk8t,889806.0,p2tr,17,1
bc1p29jnyffxrc75ja5dup54vpyrq7qmywm0hn60r9k879r7j470tmjqpjce7r,889806.0,p2tr,11,1
bc1p2a3ql55nvrqyd5af2yg5fg9ayyhrkn6urzj2tnq5urlm03ctpjrsawqw02,889806.0,p2tr,4,1
bc1p2aaaalcgdzv5edpv6na0n5t7jnnq9m92zr7zgcg686eh8zp0uwkqqvwfgn,889806.0,p2tr,22,1
bc1p2aca4qvpp4upc5gmv9wrw62fv68f68zr9xcah698h2z40ec24tfqx8hp07,889806.0,p2tr,24,1
bc1p2acc5ds5gce3t7g3zl8qkgzcn8dmugslretq95wl0mcyefllphks54qwe0,889806.0,p2tr,9,1
bc1p2asey0nyrvlshzmq9zr82e47j44374n9gr9l4ukhhs50kqks5c5qua8jej,889806.0,p2tr,9,1
bc1p2ax2qtqmpg2hydaswqkt2xtvwj86pl5p5yepdlg6xfvu5ygavcvq9h0x0x,889806.0,p2tr,13,1
bc1p2c59vv7d652xe7h3tyuypscuq93hjd8vxa9sw0nat0wx0jv0yhhqkjz5t8,889806.0,p2tr,9,1
bc1p2cfgfv8jxyslsvask2nr04cpydy0geyy35n37mqjl5sn6pteer5sr37pz7,889806.0,p2tr,6,1
bc1p2cv6z4mzw0g5jmk8xzwks42a2mzuv66s4vww9wt5k02687qkfq7qwvrsav,889806.0,p2tr,10,1
bc1p2cw384ed5gqkkgqjghmda29wrqd4u2q6yysrj55caegap5s27h3qp92lz8,889806.0,p2tr,5,1
bc1p2cxs92j24tntzjl6ydvldlrres38y2y65u6fmz5ewjkffpc6xx4qhlyp08,889806.0,p2tr,25,1
bc1p2cywkake8zv6y9mu4d735xlar76h6qmp32ds4fqq0d9vk7qvcqys0h3qqp,889806.0,p2tr,25,1
bc1p2d6nwhmjyvxm37l09xnxyagz62g284s2c2hrkm6tkud3fhmr3zzqc5qwfp,889806.0,p2tr,30,1
bc1p2dam8ugldrfczwqgpfdx8a2ny6a523znwhjtvvq23uf5vumdt7gsv2g4fd,889806.0,p2tr,14,1
bc1p2dhyrvu3wjyk87wf2whyyw3zm4gpf8gqcme3x5pcdn9n9tjgm4esqrcn2w,889806.0,p2tr,33,1
bc1p2dklzddsmms06fqsr0lpadklw4d6y57spjn0n65lwvhds0pny3wst0d4gq,889806.0,p2tr,4,1
bc1p2dll0fepa0tk3kv38acnc3w25mwz6qaqx3qttp5wqnvj3cwu42hqn5dp9l,889806.0,p2tr,10,1
bc1p2dr2k3qyps6j8sxgh7zvr53n8m8gw4m3khg64xf96j6dfy6kdrhs504uqh,889806.0,p2tr,10,1
bc1p2duanq2g658d4zlzk98l688n7af2cwtqz6pjw5vvur9v4vpgezzsdy39jj,889806.0,p2tr,25,1
bc1p2e3k0lygqnntcy9endazrrqku5jgfz275j4z3wkaz4mflp37skpsulpvye,889806.0,p2tr,255,1
bc1p2e42svs575ahyzdsm57d7mt4fguy2kl0s2eaj5yt04p3kvtgdtkq6dexzh,889806.0,p2tr,11,1
bc1p2e4w64lawt4pj7k7rsteqyppjdkh7e73vqsftvf49fpcmzee059sjrzzr5,889806.0,p2tr,27,1
bc1p2eefmal9gvfqgnrcpturnjfhsyy3w65v27c5g37lpug629rj8yeqv595j8,889806.0,p2tr,8,1
bc1p2eyfnzjzm59kzzer7l0j20lnkvlngad76g0wz5z4xknlhqx33tmqur0an3,889806.0,p2tr,17,1
bc1p2f7ql5l95n37mxjfq3a52fxrje9ffnddl4jah5wv3pmvsyp7r8jqwr750u,889806.0,p2tr,10,1
bc1p2f92ujm74l5g74nzssdvt4hg7v6rflrp8xxpvl3x80nsc0uwt2kq6dchfj,889806.0,p2tr,8,1
bc1p2fgar4e6y7yeusse0hgy9xqshth4ty3ch03gz6d34s66rw5rgsjsllmh2r,889806.0,p2tr,17,1
bc1p2fguvz87p7exqe8wury5vdyrqf0e3rxy8p886ythlghdj6937sksltevf0,889806.0,p2tr,13,1
bc1p2fhhk9nthwf7cw8wefcewcuxfv0y05cm965xl3efn67c2cj25w3s9kvw4q,889806.0,p2tr,22,1
bc1p2frz5zpt2xcnfe838a67sgcys7lqa2ukws3daudf0lvfdcje23lqy324fy,889806.0,p2tr,26,1
bc1p2gf2z74ushqpc8rktd8ppu76lvfh769ahk30pcr2py52pnzaxllqvv9lxe,889806.0,p2tr,5,1
bc1p2gh4a9mc0g8dgv5ppr7ucf88w59qj0ujw6pfqd79avyfulwl3dvsgmr83r,889806.0,p2tr,5,1
bc1p2h7urwdpakyaphly2g0q69mwkxvamcwrzy3csey3c5fn3lqpdgwssa54nk,889806.0,p2tr,25,1
bc1p2hh5ckjyyjwte7dd6l8jtegj5a733xsfjrrk9zgsf72ynkt59grsrury47,889806.0,p2tr,9,1
bc1p2hl3xa3z4xp3kqyrznn7kgpf8fmnzpv2crnv9j8w4eqz2sc9nmvq9hzwmu,889806.0,p2tr,5,1
bc1p2hx7l342gkum8adt3yvuk8j3yn6q9q3ael34e64t56fj65lunuesxg6mac,889806.0,p2tr,24,1
bc1p2hyxcyyedfm32mnzw4c6jyn58uffgyjhcuupyhrs9wcwus8f2pjs4r22yp,889806.0,p2tr,13,1
bc1p2hzdyatqtr6yaww26cypfe8n5whjtx35tggta2kt00vztyf994vsatlkyw,889806.0,p2tr,14,1
bc1p2j0zegylsnrykqn2ec7ufgdwv8jqkycz26lp0lw558l7ppfug0uqzx797j,889806.0,p2tr,10,1
bc1p2ja3d6flxc96s7f8sl4rnr0apt2xxfa7w262v8ngpw3rv9m7447ssy6xdz,889806.0,p2tr,14,1
bc1p2jg7jhgt0j7daq4as7ed4u2jln9ta349t6e5lzqlycqut6plg0sq379fwg,889806.0,p2tr,4,1
bc1p2jhre77ldkrms3ytmy825qjvpzqwwy9s7xfc4d4yzcgf3s75tjmsehcu6g,889806.0,p2tr,11,1
bc1p2ju7ske9nzm35tj534qjtlha4w2cyy8vqzxggsux32vrsadfqysshqpkts,889806.0,p2tr,18,1
bc1p2jw75838w8nxf7cyz9857ed7k45d9utgre7ywwprkxf9e5xukw2qc3dx7n,889806.0,p2tr,18,1
bc1p2k7yrx3jtjv3l4z5flwqfv6w7hw6eh5re6ngj4ap4w9pmvl5ruhswmxxyq,889806.0,p2tr,13,1
bc1p2k99ntj82jl6fuqtug06yw0y2kc8zs4wxh4hle7dpeldsa3tvsmq4hfqgj,889806.0,p2tr,30,1
bc1p2karqf2zd9qdk3dv9gedghqvak2q7vejsm8xatunq27ku9hp966snh4zvh,889806.0,p2tr,4,1
bc1p2kj2r52cs03wjmh86r65jft9g93sldpu7gnhxze4ak3w4jtqp5uqfuvvar,889806.0,p2tr,24,1
bc1p2kr667g4mhze2zs76kqfzvlp2uctf22dkn9qxr54jr07p5zcxmrqzveqy5,889806.0,p2tr,15,1
bc1p2kwav3w0a0mhde7kx3s8czx6tfpjl7vmzryhp69qam7yf8keeygqwnayvh,889806.0,p2tr,12,1
bc1p2lnw2xxnp0ms7j8mezr7l6ur3uycrc3jv67mqatlcgret9jv5k6szffdhz,889806.0,p2tr,13,1
bc1p2lt39flckec2gkkzwgyq32fd54s2jrdr042vjr3ayw6u9x3zd4zshagmmx,889806.0,p2tr,19,1
bc1p2luq99j2xd8gyt5dee888f4y2dzcx5vcn538wtwufluelzhj2s4qn25ta9,889806.0,p2tr,11,1
bc1p2m2jgejkvnm0k4lf4ac4cm80aqj0c9vefyvcy6ngpc7kv9jffl2qssp5z0,889806.0,p2tr,12,1
bc1p2mdgw47m8k60a97vw89ccqdl3nfcz54yha4vuqdqel0vrd5dadms9pr3mu,889806.0,p2tr,13,1
bc1p2mhfvekshsfd3g4ku34ctcn2kw9njkk3ru4mqxh3w7lypjgq4qusfkwnt6,889806.0,p2tr,9,1
bc1p2mlgf4kvulz2h5p8jc606lkdcqy987gglkq7s5vwm5eep7wr7p6q0gyc79,889806.0,p2tr,4,1
bc1p2myy3x0lpmhrv4g7q5tlh5kn0vhyssk4kca94fefssd6cuaeva5skutezx,889806.0,p2tr,18,1
bc1p2mzqhpg7l0snxcs5unt3gejsveanckyrxdnu8zzze0dyaue9qplqylggsa,889806.0,p2tr,9,1
bc1p2n8vaay0v97sqaxkncq5v5663snfhc63wyupc7pzzd0wvmxl35hqdgea9x,889806.0,p2tr,9,1
bc1p2njvns0uhamquh9t8mpf3re0kvhrx8jx4yfp9ezyk4k5ftm87fxshz8gw5,889806.0,p2tr,20,1
bc1p2pr84jgtlfsgcvclaurq4l2u5eckww2xgtplst4nz9ktc2t2lcgqm827cg,889806.0,p2tr,9,1
bc1p2q53uq8kwmw6dvlxr9x5zjpngrudycw96q9senkwnfklwq0kfrqsynmnuf,889806.0,p2tr,8,1
bc1p2q9e7wt87ff6mzkq2ckppjkkwcxzhffhvumgc0vplnkd8skpe5rq8vyztj,889806.0,p2tr,9,1
bc1p2qawh6rr8qnht7qqq2t8qug2cu8xwy3cxvnx4w53quxe9cmwp98s4vt5u5,889806.0,p2tr,17,1
bc1p2qc4v8nqcpqar59gkpy5ut7wjq7vfnv9yekcequukgr8xpaj7w8sk0x7vz,889806.0,p2tr,32,1
bc1p2qsd2zsmcnjmttqguzymz8f8q62s8gprjqsdpwpc83ledgr7d5sq4rj87x,889806.0,p2tr,10,1
bc1p2qtqkpt3z72yp2gz3uwcmrzfn3smdgdpp3vhwkg3arq6zngvlnjq5d6n9m,889806.0,p2tr,8,1
bc1p2qvnayzak42gvzjv82h0r2l8k2zm2uhmyvc5z20tnenw5623409qz295xe,889806.0,p2tr,56,1
bc1p2qz38k0ertdfapsxwd0x8a7p5zjtf48lpleg8tlv3zzk24gul7sqrpagq2,889806.0,p2tr,8,1
bc1p2r0rmfphegwvh7k6lepwukrpeq5zhs5z6au8vtjajc54rwt5x6esqpxent,889806.0,p2tr,1116,1
bc1p2ra5jsyh7xgv25nxkraxjat6dklwg2hpthejn85t38h53dh7582skg3skw,889806.0,p2tr,8,1
bc1p2s4nzdnmwfpjl0rdncv5cmx8ljgz7zgxuzac8hnq5frsqsnrzyrqgk06sn,889806.0,p2tr,10,1
bc1p2s89l8anq3ya4v642v5fudwykrjtxa5u3vwuaswq288gmdh7ttnsdt0wj6,889806.0,p2tr,15,1
bc1p2sk2dxemu2m444z20nnl23zwh6ufwzj6lruscfm689vsmffs4fws8kjpd5,889806.0,p2tr,34,1
bc1p2sky46zgrfntr36cn6254snjrunnxte59sdcn8d4paqhqsdgqrjq8vgnaj,889806.0,p2tr,35,1
bc1p2slpu3ukqafjyc5ln6jwdfcmdkvx55ej23tkd7mjyp4ahrwwtxesqly025,889806.0,p2tr,25,1
bc1p2spz49pmv648n82a9w7p9cvdllhzwsuedvuznfq3r22mx7dgy5pq2zhuvp,889806.0,p2tr,15,1
bc1p2swuk9n9arxpcayf05cdh7a5nlxejwn9x07z8mpq5p7stl58tzysn428v2,889806.0,p2tr,6,1
bc1p2td0almmkq98vakn92a5la3w44k7ds482wklueqvyz2h2f9m0z3sa2ac22,889806.0,p2tr,33,1
bc1p6kmqhk2tm88ac0vdnayjkwr7se5k83y6hsf7s9px3fmwmqm93ldq5vv0tv,889806.0,p2tr,27,1
bc1p6kncszjjdw7ppa87jzwqnpghpnd9ltmnka9wn6rf7lurd4af6l8qn6upqa,889806.0,p2tr,23,1
bc1p6kpgkawptvn9hles0pla4ne44xzv2g4w67juj3sxeht54tqw34xswaep27,889806.0,p2tr,12,1
bc1p6kwalm83nyzzuc7922dm5688qsgkxd25g5pmhawrad5f3gue58ssj6ccxe,889806.0,p2tr,9,1
bc1p6lgqnvnq78nqzawezf3x3pjuyhzd5jjwltkjgyd7d9p3pdqvz49qnufn8j,889806.0,p2tr,9,1
bc1p6ljk5ujq74qp4w6t8grnu69tnkyhdscrdfj0jrhpeex9eyf9gryq6fngk2,889806.0,p2tr,12,1
bc1p6ljq360y3xp0qmknr473fy49mss3y72e80n7r47djzrw977tysfsz0j7le,889806.0,p2tr,10,1
bc1p6lqxffjgt5zmvkc3g57njspsp9cnwsss3aqwndw3wzkpfec5sg6sywh5f4,889806.0,p2tr,57,1
bc1p6ly45zdjx429xxnnu98yd5hh2l97hf7a35a4adtaezl9qaayujpqfq7sl7,889806.0,p2tr,11,1
bc1p6m2flqu6475rp5zlnqylzjat9uhy8xtnq2xcjf3cumxjvvelxtlqme7gte,889806.0,p2tr,13,1
bc1p6m3js8dqamjvl89477nwyfnlnz24ufyntxufsg53s90hfdqa9g7qeq09ls,889806.0,p2tr,16,1
bc1p6md6qzzyvcaxg8xjgg24e5nty43fqay5cpqpmkm6uang8d7qjvfqftgkyz,889806.0,p2tr,4,1
bc1p6mm6n3sjszuup7addfp72j3jlkjpzgwgnl2kqv37lwr9mt9834qqa5c7kt,889806.0,p2tr,9,1
bc1p6mse4ruqu3pghfhn5s2de4tc6qt3gwjhy4s26s6aeun23s6eegnqct4tus,889806.0,p2tr,16,1
bc1p6n42ku9dx5zfhhrfeqh4u7ksv2zypry2utf599twjsjw5e5dgxlqrss35l,889806.0,p2tr,12,1
bc1p6n4sk2y39sr70zfus5t2xufc070rcu8nfers0hmy5ntdpyvq2q5sp90lwd,889806.0,p2tr,9,1
bc1p6n6x49ytgp8w3p4j4f9v4s78ar7h5yc9elhgsq3x3qp6a9txn0as470lwu,889806.0,p2tr,261,1
bc1p6n78dsvju6aq7ncyz4arajpk02a7vvfqkn3vhz497an7ef5elk4qtlksaa,889806.0,p2tr,21,1
bc1p6n8f3n40f8glgc6mq0qzfc849w2d2wty4tm8x0qpkzuyxwt76seqgccx7n,889806.0,p2tr,4,1
bc1p6nu6f7am8mptz98upyvlpk4k6kjgnzfxjm8yntakgcjkfavqsrxq8t5k9c,889806.0,p2tr,49,1
bc1p6pm2mcjuxe83hmqzuydwh5de52kvf8wq3r28e7z77ccesxfyastsy3ec59,889806.0,p2tr,11,1
bc1p6q3whs2fttes0qd7vv5kkgnzjdrt66hu9xsu5l9x6qerv0v33mrqyyssms,889806.0,p2tr,9,1
bc1p6q6g0dnsgf2p0nxupgwjme0wrrpul00fym92m9m7s9zuy3ud8w0sg44lcw,889806.0,p2tr,24,1
bc1p6qf234xps6nset0z37xpkxmeyfgcdmc5f8dtht8s9tx987zulh6s0pekya,889806.0,p2tr,9,1
bc1p6qpqe7r8xll533hcwmye9nm5pynwwsrwprmpxvxuu3wd4gg3prtsgnds5s,889806.0,p2tr,11,1
bc1p6r6ydn8g8ckyy905tz2kmn9w7tv5k67murxhcmup4kghvheld3vstq3dme,889806.0,p2tr,18,1
bc1p6ra0st65hn0y85f76zu448w037rymu4qtk7xah8txl34648j27vq42jqty,889806.0,p2tr,20,1
bc1p6rryyy7zvj2a5se2wgyqhu5hw7hhcsaxhxdmcmglnm5kgc0vv2yqjn8z24,889806.0,p2tr,25,1
bc1p6rxprj0tcwg37g45h56jf6fuad8fscr9mjuhrp7qx4ks8nt7x09q40n3s8,889806.0,p2tr,20,1
bc1p6s3l9mmfkp9vjzxclj796f4qjxlgqu29z8dej6r9wt2f58fh45vs82h0wc,889806.0,p2tr,5,1
bc1p6s56kt7cpzp4a65l6hlw24twsp6cy5qxyaufh6czywyn5r46lvws6f9hfc,889806.0,p2tr,6,1
bc1p6s59htjudl0usl5n33399k3vy2zjvgme64qyz6pc8g5x6pkzed9qhzyqx2,889806.0,p2tr,12,1
bc1p6sjewn2jer8xd5ht90t49ufx6czdhnvf7wdk93mvzrl8h456fuhq4aydh0,889806.0,p2tr,14,1
bc1p6srchj7rcacxtm5x68qljgzjp82dw55rnxzj3exwr57zyp5n3f2q9wryh4,889806.0,p2tr,4,1
bc1p6ssne9t9xtsx4au9jh0zggpvmn68cevpw6jm6a56a95u3fdxx9ss0lqh7s,889806.0,p2tr,4,1
bc1p6t2ump8euw5zes6dt9f90k29qzx9nkjmns7yg6rv8qmxnznaljtq0elta7,889806.0,p2tr,37,1
bc1p6t4wgw8zvtr9wc4gfj2mx8qgualjjw3zx95dg9s77m6jjlzf5ses6umgz7,889806.0,p2tr,4,1
bc1p6t7znxn2ft8yzql2afycuyv42ftdfnregmd9crl5fhmq8uyuczqspqdxcm,889806.0,p2tr,16,1
bc1p6td45mg37pfd5tsm3zkrpgzcn45l4jcxtarpu0k2n53a0h3f4x9qf9n9hx,889806.0,p2tr,15,1
bc1p6tsh87w2xzfu5ceul669c2yahqq0628k9vqjahqky2e7u9vwf5jswr75jc,889806.0,p2tr,22,1
bc1p6tte3drwfzxkmatq7ptfqfdzdl80lgxqc62v05vwv3xnlr7pw0vqafssvd,889806.0,p2tr,23,1
bc1p6tvpc22ay4pgq6furzkz4hwzdneykq6yfsvmfqak9t8s6x42a8pq08mtv2,889806.0,p2tr,10,1
bc1p6u54e5vu446t33tpksjm2e02882xq493x0e8yud0hg33kqzaz4asj7epnn,889806.0,p2tr,30,1
bc1p6ujrt4v260sqanzl2uplg6hsvgt4an94t23xex29tkhlfft2u8jquwcqmg,889806.0,p2tr,13,1
bc1p6urkhac3tq4y3j5u7pqpmella7uayg0w3p4yatya6mmghcafac0qjcxcsg,889806.0,p2tr,16,1
bc1p6us0rpj080jx3axj6889sh73tqdlucm669t72pdjpn3htcr4cu0qevpm7u,889806.0,p2tr,22,1
bc1p6ux2k6t6xxmmsw76l66u8vrqsp5qrjtmyvsp8yx2ty3lsar44x9q4dh8f5,889806.0,p2tr,6,1
bc1p6v2d4zjmvcjfxdkqngjuudahdrh32p7n3sqq4ksfmlg0z87vqqwq7njyje,889806.0,p2tr,11,1
bc1p6v4fh42skk29a6s52nhrxp32akm889fgycfh2yarflhv86vmjdaqrzqvaf,889806.0,p2tr,16,1
bc1p6vdz7xwm8h3pn7kqwakx6sq0kn2gc9ftg5l3h0hdrf3fk6v53qnsl07m8q,889806.0,p2tr,9,1
bc1p6vkgtfmyd7hq2qqnknc5z0qdasjksw5z2hvx4mca076m7zcj8l8q6depkt,889806.0,p2tr,14,1
bc1p6vv35hat6x7a7qjf8uwqfy2m97djqhecu3hsmjmkxstc85qj96fqdq20q6,889806.0,p2tr,10,1
bc1p6vwnt4dvlf9t64d26d3g027wapn3msz6xsdlcsg3xqer67e5ex2quh694v,889806.0,p2tr,4,1
bc1p6vwrxx6cdk9ulupw42pcmc0q5842wpte5320lyg8km96kxwgxk4q8286jk,889806.0,p2tr,13,1
bc1p6vzqcyp3a5ac39l72stnjnt8q5xd4v2dh3t822hk8wsjj9dkdxtq5hx7md,889806.0,p2tr,4,1
bc1p6wnhl5ynzhaknw96gqv2vwyx3h57hs7ay2mfjwtvhjs9d4pyn6gqc6nen9,889806.0,p2tr,4,1
bc1p6ws6a9wjcejs0kx2g2m8nckd90zqzsyxtka4t3vkvm3nw29taa7qej34se,889806.0,p2tr,12,1
bc1p6wu5x4lh7dm80m0n0p3k4vkvj02akekkllxuwn9uv4493qtphzks3zpvqt,889806.0,p2tr,22,1
bc1p6wzt0v4llsxhvam4z9vvue2dr5wqes9hmgkn98y9ujyck4hm7w0srdaat2,889806.0,p2tr,16,1
bc1p6xc5nwtzgf5cml5jlpd3syex0t6eyzehfjh2yu98ppn9y6jn85hqtm2f45,889806.0,p2tr,20,1
bc1p6xmmhfh8ducd9pg2kr8xq9cfdwvqlqdv92sq608p82uttz6ymaws8xkm9w,889806.0,p2tr,26,1
bc1p6xmujsyy4g5wqkc3df55fhuty4y0mt3l3pw287vkmqzq6pd8v2jsxd6fa6,889806.0,p2tr,11,1
bc1p6xn4ulhg3umz03fevy9r99fpvp0tehk7qatglcltmxasuhnc9exqcm7kx6,889806.0,p2tr,10,1
bc1p6xnnt0tqqmu7jy6uhwk0gfcedr6z8q6fqqtadv5ly6j7mh4k6n8qgmwtdu,889806.0,p2tr,29,1
bc1p6xr5tpvsn2f3p0yajn89a99v4vdtptdmz6mgy2k6fqp6guz3jsjsc5p6jt,889806.0,p2tr,10,1
bc1p6xu98e3tlc58cc72056z30j60wv3h2dfws9qm744e88pgv2h8m3q943e2n,889806.0,p2tr,13,1
bc1p6y0jra60rjqkwhlyq53eap8wlf3c74ltfvu4ct9l452shgzuwlesduqfzs,889806.0,p2tr,12,1
bc1p6y6u6lfe7dlucapwfuesu803l3726mlny0w0j33dt9rafumxvrxssf8gd0,889806.0,p2tr,9,1
bc1p6ypatxmg8p8k3xnncd9pxuh5zq85nhz6339936086uvhx0h0dx3sjww75w,889806.0,p2tr,4,1
bc1p6ywrgnw002dq0lxrqgvkdmt6whq6p0xt6n6x3wsxpj42navs7jxqzkzx4k,889806.0,p2tr,5,1
bc1p6yz23pm7u9cezp3jr9v3wxm0emkhqlpsawhn6nzw25z9uxp9mc5q5df8kz,889806.0,p2tr,13,1
bc1p6z0a5gr7hsqsv9zdlahr2llvaj4fkweh4cvy5jkmegjyry2ztfystks70p,889806.0,p2tr,9,1
bc1p6z9efnyury99qg2ylpy2s2kay5u34yxjpj3dgysm5t5en7qy9pjqrhlzss,889806.0,p2tr,14,1
bc1p6zd8knn479xknztrutf3teuz3l3d25ev37qcgq5enns28tj9fw0svf0nmj,889806.0,p2tr,5,1
bc1p6ztrnhv4rrf2jl2awjv703z64423zjc3k5xm93evuv752maeaznq3cq5f5,889806.0,p2tr,8,1
bc1p6zuaykkwseym4r2jh7606jl0kdhf9xvv44g4pf8udd5u9rxgzlusfqtr8l,889806.0,p2tr,55,1
bc1p703qd7w4zl4rczyfqukjlmct9ewzezknf5z8uhz72n6sfyhz8r3swcfcj0,889806.0,p2tr,15,1
bc1p703rjtjnve0aj8rpm3mhj47ml79xzx6hnxp2t0swk5xh3d02dp7shcvaw6,889806.0,p2tr,6,1
bc1p705xjn6zaqa0fv5hjwgs73wk7lp9k50mu7zjsanujss0m5clw80sya649l,889806.0,p2tr,14,1
bc1p707n84haq99706mn353zahjxu8an6afcf06n0yp2xf738qgnn3sqdw5tqe,889806.0,p2tr,22,1
bc1p70n9keqnztgk3cev42j9ws9a422caq5eyhqr6lg2wxt80trdashqa23nxh,889806.0,p2tr,23,1
bc1p70qpgravlwd4gqp3v4xea0n8lfdl79gxdre3cxr26q8jdj66sp4qg9na2a,889806.0,p2tr,8,1
bc1p72h9e43hc9x6vthp7u6etn2xxm0zfvwn4ehprzltj2fezwfnxweqg8vl7t,889806.0,p2tr,19,1
bc1p72m0k3lxexlptmjnug5v5exxx6ds5lcgzzxytv4sdtn5tfl3nlwqp65eal,889806.0,p2tr,21,1
bc1p72qms4hcelmuugdzyqhkdcxwyupqhfj0apepqyg3d7094jsmfhxq9nn705,889806.0,p2tr,20,1
bc1p72rl6keqege4g64sje07llk5h5wyjsvlxaterqw6hy33nvnwnhkqde6prd,889806.0,p2tr,8,1
bc1p72vggtwsy5es0lw4zlmv8zppycgf7vm7pwewf8k3sedtpkw56qksadvw3h,889806.0,p2tr,13,1
bc1p72zxdmgegt3477s52derxah44np4vhzxz8jcj70fngjfcarfhx7qs8m40z,889806.0,p2tr,10,1
bc1p734d0ugc276e94mnd0sxjx7fzw46c304k5j078pu9f9tzqmgujuqgwful8,889806.0,p2tr,11,1
bc1p73fk9na4vzagp2z28rq9hrutn42fvwzk60y22xtk0nvchm6h7rjsh5ftq7,889806.0,p2tr,22,1
bc1p73fq3czj8r537fc8vavdpexflmmrlew56u7lj8dxkrq7jt4qfnzqkx7s0h,889806.0,p2tr,6,1
bc1p73gztl5m7wzthqwgmzxdup2jn4glwttzxgfwmzxwpnfnxh2e7qvs06sl0f,889806.0,p2tr,8,1
bc1p73pfttdh234mptn7llxysyng59lnx65r6l4ckujn9ac86muwtpdqaveruw,889806.0,p2tr,4,1
bc1p73x4qx7psfdqj2l82esuplv7py5t3fvn2u20l79n0en43r509n7s7pm4nq,889806.0,p2tr,10,1
bc1p743t2903mqtwl3scnx7tslk0zplcma8rmjwyh2ld2c5ngaydfmvsctpmef,889806.0,p2tr,25,1
bc1p744hldl9g3ueslrsdhud2hedm0uf855mt23yfccvsw9jgn3zpwese2nwqy,889806.0,p2tr,22,1
bc1p748syd7jxs4q7k3vewuawt69kn79gpakqyleg9p3n4jexklx3jmsh98w53,889806.0,p2tr,9,1
bc1p748y23yd4sn4zala6s24tqc994t8m29r7yl9dwwrtkn6wwjfdnnqcfd9ec,889806.0,p2tr,595,1
bc1p74hdh94xkpegu7sg9tvvnnpdz7ucefwnetxcvwrfs4rsg9d6gqqscxaka6,889806.0,p2tr,64,1
bc1p74jq6c44jhg63f4aq9l6grk4jksfqkxep7732fkf2efpmyzy98cq0nxzxd,889806.0,p2tr,24,1
bc1p74ujph66wefk6ts2k7u9uy6wn3at69tslaqzesgkd7a5k95dshhq4wamhw,889806.0,p2tr,7,1
bc1p74zspc0cck2mlxa38hm4xg3xn9q3mz495uuw4662wj8wrhk0ck2q0zurc2,889806.0,p2tr,27,1
bc1p75588tygtvd6lr8de8d00dcu46truuautxwxe78d5nvtd8q2gjcsp8q7h7,889806.0,p2tr,5,1
bc1p756gtalm9xzxk6ymz6jss3y9c8ajxhejlzk32dxdy59j2l7uv50qhyjhst,889806.0,p2tr,34,1
bc1p7585w2x38stn05s4l2htfgv43rq69n3gek4q2v9u8fjsl4pau3wqmssvrp,889806.0,p2tr,11,1
bc1p75cljp74azj896g2mn4dcmyhqzvk8n2n9ts7x0255jufuaaeg2zsqqpl2v,889806.0,p2tr,12,1
bc1p75jgryrdrnzp54mv596n73u0rkpa5nm38jtxul2uw3kud0xg7t3qn4r09e,889806.0,p2tr,16,1
bc1p75m3t7f65wrgnghqkmekz8xm26hqxdqc07w7xj6l30c4sm702dfsf667ux,889806.0,p2tr,8,1
bc1p75p0cg7wx5vynjz5prnts88w03s8yd285jf0avjnq2w9fca78mdsu74q8j,889806.0,p2tr,31,1
bc1p75py9w3w94steayxxt87unnqvrjv5gwumyumks4evgwr3yvh0e3qvgrzun,889806.0,p2tr,13,1
bc1p75yhzqywwhr3fh0vgtfr9kjyalwe60atftq0383lzxy9umucdg6s7vdlwr,889806.0,p2tr,15,1
bc1p762f680emk5nyn897wvvwv505hd6py2raghh54zjnx7ez2m0khrqfrsmen,889806.0,p2tr,34,1
bc1p768mchpqvpzshec2ntczpvg3v29wjjkhjf0k8cx7xy8gp43r9uas2kldx9,889806.0,p2tr,15,1
bc1p76fhjvuxhjn3vukkwrggflhp2hwamplg33w077wn0n295swlh43syj0n5m,889806.0,p2tr,10,1
bc1p76qd3keuvr5cn4e3pxp9ryp37qun0uq0xg6lgt2ws2yy7j3yhnasrdxvqm,889806.0,p2tr,12,1
bc1p76r4rv57jek3eqngfxehp79l54d4xxnjf99n87ceyflp8e0rs6aqnpnpxg,889806.0,p2tr,8,1
bc1p76xu8culwy75327xwzl6uv25ax9whuej6dve2g47wru8nntcsfuqy9ftyd,889806.0,p2tr,8,1
bc1p77cl9sz97tnryqueauz4tzpks5cfydxt4fv3qjtax5wepr0jfn3sc9k80u,889806.0,p2tr,7,1
bc1p77mcfyjwm28rzl3z5c3vpe3tkt7lu9m49g4356l76ck8n0hht62sem7aje,889806.0,p2tr,24,1
bc1p77prctq28fn0wzucu4sg3mjnj75dlknfr437hw7kvtfnsnqeusuqtr5h9f,889806.0,p2tr,9,1
bc1p77rjyp4cakhlm5awmzw4ttfxm3t45afe8jeafz0fjdfkzrn7e54sanhlaz,889806.0,p2tr,10,1
bc1p77v4rpzzq6vnqdgx09qgfpr5enwy4gxq7jm7h5wx43rty4jgdu5s008ftn,889806.0,p2tr,8,1
bc1p77yufvn8nraewvpucz68e37alyu3c65vq569mmt3g8tscjgsynaqn6zlrg,889806.0,p2tr,13,1
bc1p7838ck0ujzmt8cwq9f54x2zpsdk6duvy0f4emgzlh57mg28s5pxs3gl8dw,889806.0,p2tr,9,1
bc1p784t3wcuyj3zxh64fk8yrrdmc90cjwc0xuedpfm8mflhq48ykf0q603m8f,889806.0,p2tr,4,1
bc1p78hm3h3wrvqufw5gmr3ggu453l59gzgwvpadhy4wc5pj97npv09sjam4df,889806.0,p2tr,20,1
bc1p78kuvu0yh2ck3lppndde3j4g3k2drzkjw36l5aexhljmexd0y48ss0tdsk,889806.0,p2tr,4,1
bc1p78wfq36lxxgy3l7kzgpwlkwwrmq4xst30n40a8kwlv48cemptensglv0eu,889806.0,p2tr,9,1
bc1p79qea7t87jwpqzxq0mu5amgqmv9u4cjz8m27q2nx6jutu5e6946s08jllf,889806.0,p2tr,17,1
bc1p79s2hswl6eraa5pd8k92y89hfc9qxav29mqgmx7kglg6tv5jl9psxz387g,889806.0,p2tr,10,1
bc1p79u2glhh7tvxnepd3tq0t9clhwmmcerf34d52mjehtryhzll8mjqqagd4w,889806.0,p2tr,27,1
bc1p79x5ulgeesgvnkx40qeca0znf7m7tnpxv9ryfz4smykv29zetjrsmy35r2,889806.0,p2tr,5,1
bc1p79yz4vw4gzf40khxfug5gerkq99kcg75j8zcjyxxdy7vdh2j6rtqdavcrk,889806.0,p2tr,21,1
bc1p7a65p4vemt76z7p58trh5veskr35dvw7jyhxa09xwmyvrku7jleqzm7vp2,889806.0,p2tr,13,1
bc1p7a93c3tkqn6lfwqpmlg8w4m995xtrzyrfelzv4eqn9h0eud4uckstd22ll,889806.0,p2tr,10,1
bc1p7aaw885rv6xkvtnf9qh0cw46shjspycuy4l09vrc5m4u3fdc9v0qf68guq,889806.0,p2tr,26,1
bc1p7al7qwzm93xjujpkxc98zej6gchrgw7drvvthplarqwqsfp68kysz6wlg4,889806.0,p2tr,11,1
bc1p7arhg42dkngwknwty92rp6ne6w9hsrzzarkjppgr3uv44xckzh7sjv28n7,889806.0,p2tr,18,1
bc1p7ay678a87lxqkan7jx8fppmmy4qjz5t6sdzke830ryqsa37swyjs0xwd47,889806.0,p2tr,10,1
bc1p7c32c2dgcp7636mnk04pk47h346rv2hs2jzjuzr3pcnkkzw547vqt6uzx5,889806.0,p2tr,8,1
bc1p7c3p78m9j5kwzh467tv9xy8v2aca8k29j0clnxd9r3g5rdcjlu6svleju6,889806.0,p2tr,25,1
bc1p7c6hx7sp95phm4c9tutx08qm2xs0fxkxhfa0pw344p85nkwjymlqtaflyy,889806.0,p2tr,12,1
bc1p7c7sd4j239rsaa80dmg983ashuunv4tktvxem82yjzxagk4fae2sckh0vg,889806.0,p2tr,13,1
bc1p7c7twagw95jdk465y5jslydqn25e08puzddjyr5s8stdhruu0m2qsa7qfy,889806.0,p2tr,13,1
bc1p7cftemvpz9auxcuc3cv6dcxxs8r2eehrt2hpvl65rdvk7668ntmqxshedc,889806.0,p2tr,12,1
bc1p7cnqfefrgsd47lerqmdtmskq0xcptjz9uckgggk57826svy8s5kqde82ql,889806.0,p2tr,42,1
bc1p7cqzakrq2luhkf8k0k20vmntnntckxlucnnz9mu62dvc9c4djl7semvax0,889806.0,p2tr,7,1
bc1p7dc45ku5k0tt85nyfyca5erput7pl8yp3n2kqrfpe9mc6xl2w36q33854n,889806.0,p2tr,26,1
bc1p7ddtlh8u0y6r0j9q9gcnzf885mupmrh8slwxn7r62uwkd5qm6u7qmx4npz,889806.0,p2tr,17,1
bc1p7dl02qx9fxlmtj5c47djrgf67qrldavw2fwx72ljyn8z2wj37ehs3jw604,889806.0,p2tr,36,1
bc1p7dnap0varur6lscfjfruy3kurj6apjpn5umlav3t9g0rs7p2mlrszm24s4,889806.0,p2tr,8,1
bc1p7dul30effqaqcxurse9jvz2aqanu00k28n4krcrt6j0f82697m4sxu8h8x,889806.0,p2tr,12,1
bc1p7dycn2a78w2p69q5y5aluvtdhm8das6df0z3466yw3rk3nykpgaqxjxse0,889806.0,p2tr,11,1
bc1p7e5kp4d0vjvlrd3xvf2n6h4j5vsgm4293pma3urr8kjl04vnkc9q77wugv,889806.0,p2tr,8,1
bc1p7emnlde09v0ffwjm9ul77f4fp8rn4pulnq6fq9ef0mxa3xumfhmszngtw0,889806.0,p2tr,6,1
bc1p7en9a2n925l8ek4kdzx00x96f95fv5jl7g2mkwdwru3ah7j3ehhssyf9qg,889806.0,p2tr,9,1
bc1p7eqeywdejlt23zuh5pa3wfud5rft0u4ggc4ds836f4p74l64z8cswnjhjy,889806.0,p2tr,8,1
bc1p7eu29md9q09aq8742yf48hwhpm360ayacu48jh3nz6jply879acqwkjxwn,889806.0,p2tr,9,1
bc1p7f03y4m0tp83ast3gdd6wchuysgjau53ntgdsll3qg9m05aq6jvs6undal,889806.0,p2tr,11,1
bc1p7f30eucg620tk7pzuhzyf35l9qnctlg5gg3ajnphjjcrm05cxjasl5f4yr,889806.0,p2tr,54,1
bc1p7f3w3kxjz7s7vtxvxwx0zfqq9tg4ql48zkhayhhj8awd9rtufzxqnr3ajc,889806.0,p2tr,10,1
bc1p7f7frd8cqx86ewtk27546h7348sjgnvzrn2fqg4n4k6g5sz9mxhqzp5538,889806.0,p2tr,8,1
bc1p7fc7s42ahugl6pag6e0up2g0yx4snfseaht8vxtlkmzhkzxg4s7qm6m9cx,889806.0,p2tr,4,1
bc1p7ff9dt60l9pwm2ja5wtwjxz22uhn5clf8zg3xdszpx5kp4yz85fqm9kx9w,889806.0,p2tr,11,1
bc1p7fhq0kysxzc7m0gvkk4h3d2k8w9hl4cwfjjw3vekavmqc9huvlhqhdwmfu,889806.0,p2tr,24,1
bc1p7fnna4fjftrs7wk2suaw8eh9axeydmzkrz4y7qfhxd4htss3wejs8wfgwv,889806.0,p2tr,6,1
bc1p7fuk2x4jm5xj7nekcvjs6rk4fhstaljey8t4ymufx079fha6c4vqg8pkmn,889806.0,p2tr,8,1
bc1p7fumqmygqpdwgpe8hyug4w6wegvvxvaf8q0zvrurvxwucvzj9fuqat56gp,889806.0,p2tr,36,1
bc1p7fwyld3e5sdmla4ezgncgsak6jm6md98hk452j577k5jdxjtmx2qgwyy9r,889806.0,p2tr,20,1
bc1p7gf5805u8xlu926jkj3we7lkl0jnqmxz02pys8tuc88vrjaruumqpeggj2,889806.0,p2tr,5,1
bc1p7gpkrusvgc9xwvp3x6hs9rs485mxrxqdetdfedpvldat667tx6psupjqd8,889806.0,p2tr,12,1
bc1p7h8nxraxk7ktl2t0qhe23fega8ke28y5mfhtcj39908r0yj64jgqjy6xpp,889806.0,p2tr,11,1
bc1p7hagsy9zvxwquqawqsjpkkttmext3h82xkqwmfxavcuapym6zc9qtyd4hs,889806.0,p2tr,37,1
bc1p7hnxyrdye4rcqye07jv54dkqhxpfyancdvhaw9cas9wllchp7k4s7hahx8,889806.0,p2tr,4,1
bc1p7hsqnwr7hve5kx393ycs3fh8v7cvmqqndjk3hskzftg0yrefm6vsyaahwp,889806.0,p2tr,19,1
bc1p7htxccjwrku0tppvxa2ckkcv87dylc7pk637l28g70cvdwkdr6rq9c0ayj,889806.0,p2tr,10,1
bc1p7hutp6ysergt08nc5cfe972s54dgt3fzfjdzmfp3tygcp7estypqrscpkp,889806.0,p2tr,10,1
bc1p7jgwukjkeht0zzy995elwlmpfa9tsvhe3xc0kue3jdc8j4kfwvgswkr72z,889806.0,p2tr,35,1
bc1p7jr5cu9ejcyxs4nmwh5n3hwwrey46qwehnc64j706nz4ghcznaps4t640z,889806.0,p2tr,8,1
bc1p7juk3lpk7vjc7va49vqguufzjekg48qx85ppc79qte3u50v2ngpsyes2te,889806.0,p2tr,11,1
bc1p7jwst6ja8r8tuw93n7lcjeca54fgr6exffa0dq5fdt3jghkerwpswsznex,889806.0,p2tr,11,1
bc1p7k6kvym0nvg2qyset7c30vy2wtqp9tc32qz2zxyagc7thute57js94fput,889806.0,p2tr,8,1
bc1p7kapwadp03stuh0dxhvqae0zw9p3au8we4csnghdesa6n40f9npqx4jk2f,889806.0,p2tr,22,1
bc1p7kk3qzd38k5yj4prcsx5e80d3umjftxhy67jkss7ef8s0llgnh4qkhu30a,889806.0,p2tr,13,1
bc1p7kllkqj9c8yvqfjrjcyg9y0ka2m5rl3r9jdhe7k9atrr5dfh9fyqsre3kp,889806.0,p2tr,48,1
bc1p7kyf23pf7gwtha2zkkwjayv6dv4gd7rq3sw43rcwmlrwa6jt8uys3u6m0l,889806.0,p2tr,13,1
bc1p7kyrlj0h50322p5ph9ueekdxxhsqed3zdjv9qvtljraqdj9eyqtq6n8xgr,889806.0,p2tr,4,1
bc1p7l9e4r9dphu8cfr2h64rqy0cjaawc5crpz2pk3u7ns8uhr6ztmwssn0jaq,889806.0,p2tr,4,1
bc1p7la23kfa37m6jwgjf4g4gevvqa2cunzurkxcgsat9qdrv84j0qhsmvqeyg,889806.0,p2tr,19,1
bc1p7lmyx2mee8s9pskw4q5kazp2mdxuv7ura56j8cetc0wwq0qtqtfsxx8j2q,889806.0,p2tr,13,1
bc1p7lt87f5pknfardue8zn97g3av6un835ggqpvr5heu0fgl66mkw7shxmuyt,889806.0,p2tr,8,1
bc1p7lzy0ppj7r2f2c7r29t80wtdcmthcdtmrtvmurf6hr377cu6h9qsmm57fx,889806.0,p2tr,15,1
bc1p7m87dnu76xj9t700a2jxhpkcew3vxtwzv8xswqz8vke3a5uef84sxhqrzt,889806.0,p2tr,14,1
bc1p7mq4xwva9jw5vwjdaynl8f0rs0w60vmy5cs3ngvtvqckhwepnhmqd4zcwq,889806.0,p2tr,10,1
bc1p7n00svr2vfuk36l5zumg8x2yy89v9gqgfxdqshd53q62atqy7srsp95tmf,889806.0,p2tr,11,1
bc1p7nsr2v08m9kx6ytd070p5xn3q6u468heackx7uvfg5d2s0ptk9rqr0tk6h,889806.0,p2tr,8,1
bc1p7p6a8y9pes6k840srq9kp9nr4lhhkceul45ad5muqnf46ftkaesstxy96y,889806.0,p2tr,20,1
bc1p7p84eeutnp7ck4g0pduywhswj3pqwqujdhtcpux070yk9lmzw69qhnhl6p,889806.0,p2tr,14,1
bc1p7pahg8dlssmz7puuhzrz6c4rxm4gg3wukqq338pfnzgerqf2r69sr8ga76,889806.0,p2tr,37,1
bc1p7q77cmf75evujtugey2fvfnvm3vkuz9frn5w6e4flvud0fvvle2qj9l8xk,889806.0,p2tr,10,1
bc1p7r4zc3yp2gj6he3ey6mzcm94dsyw23r9uqmvc9xeasd6nq0qjg0sadw94u,889806.0,p2tr,7,1
bc1p7r9a8e8q5259uwd488usw5vymht4wcmacvuagpa9sz0ntvxuexwqcfqc5v,889806.0,p2tr,10,1
bc1p7s7ytf4kk765sv93rgs2umnmsulqqz48rvns5qqx237c3jv96mpsezkd5m,889806.0,p2tr,9,1
bc1p7sezn4yjy53pghgktn32s0nllyy94r36qvtl6g0xd6yg9yu489qs02hvm2,889806.0,p2tr,12,1
bc1p7sfgv54nern9s93uuq90lk7w3gvqg7nn4rms220teehnjw94uges7cwyj9,889806.0,p2tr,18,1
bc1p7sjgxgakte4eavgf8aqzzvc67kkymuwhfhwh39lh0w7mnuajsgmsvl6ry8,889806.0,p2tr,17,1
bc1p7sqfn9j4rcgkt2y4au6aamp8f45xg8r3ygye6m70zkkfluak8ncqxpda68,889806.0,p2tr,12,1
bc1pwscsvydccq4c52j420x7j6qfk80d2uw2mguq7wwg0avpn57ptnds26t38y,889806.0,p2tr,7,1
bc1pwstd94k0ryvm7glf6av9trpdyk5t44e8l4m26thvzhf9t04y9rnsmc67xf,889806.0,p2tr,9,1
bc1pwsy42aqgeqaxvvx9j5af75gpvsq3lz6uz0ku7pl4hzjw39hz55es3sd04r,889806.0,p2tr,9,1
bc1pwtl9px4g7ulflj6x3jsjwzwp3eyv75eq353y84p2dvcxdf5dg4dsd87qt9,889806.0,p2tr,23,1
bc1pwtrsqqjz2r9tsrzgf8dl8rmfw8xzkx54w99mhjqpaqhhgtas6axsnzc3j4,889806.0,p2tr,15,1
bc1pwtukkmhdcy9g8mv0c400v2zg38m6dpmewm0u7qrw38dz5a0z0k9qn80uzh,889806.0,p2tr,10,1
bc1pwuafuwgr8fkjyhu2ag5n4h38sfq5rhaamnf32cvss4natnydlkyqr3jrsx,889806.0,p2tr,23,1
bc1pwufymehs56z4eum4rga2jfsxkrpntzf3lakrveeqqjkyslxpp6msnuge50,889806.0,p2tr,52,1
bc1pwun9hyv34csffrt5vgmguxf9lq29lkpr6q4x70ztns72psyqsucql76xjm,889806.0,p2tr,20,1
bc1pwuqvfydn4a7w4xwnwlqp3lwm5pzpac0n2hue0hyzkx66ytdh09tq2g4v8z,889806.0,p2tr,16,1
bc1pwusy7p93ealudtg7zypfu7mh2mm2ymzc3cu0q5aqhs0fpdkkm9jqe32zsr,889806.0,p2tr,12,1
bc1pwv4w39wnqrmzzxxnfagqqafug9gw08zqa9xanpp2m0tr9l4nvhss299ga9,889806.0,p2tr,27,1
bc1pwvd9qz5epl2thsuftyz00js403w6ueda7hrgqmel0j29fh2vpsaqhtckak,889806.0,p2tr,12,1
bc1pwvf2df0pkw8fw6s9ktpszl45yms23xcxwc8zw2aaxdz97ewa4vqsu5jtgg,889806.0,p2tr,16,1
bc1pwvnfa2jawc4k4hxtwqpvuj3fpkj2fhjqqm22tzshuttr36g3fv0ssmxmyf,889806.0,p2tr,9,1
bc1pwvuev7gythy74g8ptn4552l3v85ue7m8xdkwlzd62dx073j7y6cqh2tqaz,889806.0,p2tr,10,1
bc1pwvw0ys8p5ee94zcv9tqje5tw0e4rf442m3dr65ax9kazr5anryfqwgycs7,889806.0,p2tr,35,1
bc1pww7ftupt46qlr9e3hpvm655tg38w69pugrzc3frce4gya39tcuns2g0txs,889806.0,p2tr,13,1
bc1pww8glqd9cpwqypqygcqmcmdqd69kvn2rsjtlq6atf3nte6fxxa6sl0d4d9,889806.0,p2tr,11,1
bc1pwwe583lfah0zs2zutgxvfqsx4uywnuwpyre0f8rjwfe9xanq0lpqtxjp7f,889806.0,p2tr,9,1
bc1pwwh75pfyqkstujm0nmrwa9v8yjvcqcj9k607lgfa6vs3fq95a0nsc53thu,889806.0,p2tr,35,1
bc1pwwxlcut2ejnwzh724s9nmqdkp04fs9gdgymq8sghjps2yev6z2ysvk35k3,889806.0,p2tr,9,1
bc1pwwz7d7e37a8m6s6pmvt4t52cr8cc34yjc79wxfw0zjdt8jmmyphsdeyvmp,889806.0,p2tr,56,1
bc1pwwzh67l3vxn956u29q4gg3sqlg09nju5g9t0dhak66adg3hq477qkntrnf,889806.0,p2tr,108,1
bc1pwx7wdmwulw8g22pwat8elrx7jcz0y4fsf5h6ds8872am39th8u7snp6wpf,889806.0,p2tr,26,1
bc1pwxedlylvzsfr6c33v3z65jryrgm9mxf7ltaq74x73hzevk538cpqrsm8p9,889806.0,p2tr,25,1
bc1pwxj6pelst6c4keyvshqr0qzfqlw82k06a0g4qmqndhcnd8t46w7s732d8g,889806.0,p2tr,992,1
bc1pwxrnxwtkcqhucrwu448ltz86r3ngucunx9hscfrvz6ypxcy3866qcgpvvd,889806.0,p2tr,12,1
bc1pwxxq5tntj27rqexmgxm0ap26p6d8q7tppj2dma65phy7wk6th5kq8m0l7a,889806.0,p2tr,9,1
bc1pwyg4rrcgs6tddjh2kf884p8t5kju8luu3keld3pzgt36uvat0htsk87x57,889806.0,p2tr,8,1
bc1pwyzv42x2j7w85re9pexunn52p6zs855x9ksnzspdlavdmwf4cegqvudd0k,889806.0,p2tr,19,1
bc1pwz3t03wulfmmevn729a2m4fdttluucejd2sruzgkgza2xc44lyvsnmsstn,889806.0,p2tr,101,1
bc1pwz9jlfvmx9zswjrcg02xcdnz9tz4mmqhtsux67leav459z2rqepqfkkhxr,889806.0,p2tr,9,1
bc1pwz9m2lczwrwr2vjcuy6t49ars5nlcsq7cn2rxa35z02y3swr5sxsrw0zyw,889806.0,p2tr,15,1
bc1pwzgns2uznfqwpayln92xqlglxqd7mrep3cks0msglga8p0ful2fqwpn99s,889806.0,p2tr,13,1
bc1pwzmymhpt0hjc88hsyywahrr2s7298szc37yg7sws485dj0eyv5qq7e5apr,889806.0,p2tr,12,1
bc1pwzn64n0x8vj2p5hrrntl5qslkvl6vqy4qc6cmpe3rnxdgdu59s5q9w3kwn,889806.0,p2tr,8,1
bc1px048lqsa7qvw9st5n8jrhupnnc8zx3zwm85ghrq4ws64awy3dqxst7jwcu,889806.0,p2tr,11,1
bc1px050ll7n6395cwhwaykf0hx56eut2umu8ggjdvgp8mdjtspmkkqs4ucpfm,889806.0,p2tr,16,1
bc1px08qxmnkpvhjt3adarnk59nmcpevppu5x22q9n23649t0x9fyeksye906y,889806.0,p2tr,15,1
bc1px08sd6xj59zwcxztyu762drus5slkzqu7e0s8xmwn8afyz09d4zqvdgfe3,889806.0,p2tr,5,1
bc1px0el9azv777cmw6x0sdk4kmmnlzxqspvclhwp65tr5myn4gqty0scmldye,889806.0,p2tr,9,1
bc1px0k46l7nn8rn6teryzrc0nusqcjgmgckjk0h69xn9qn08x7wugqsy5tm8e,889806.0,p2tr,24,1
bc1px0kh5puwz5sgy6tucrxklnrc6qjjqkcgfmxz5swunsckayerfh3sxvxhfl,889806.0,p2tr,243,1
bc1px0l5q40z55rsgxp8arx7hvfuw7xtrnywkhv09h06nzqk23nsgkjskykecr,889806.0,p2tr,10,1
bc1px0p7jj36uf6j95p9jlqsg7c3wesxvtqfnze7jhl8zj44ur9xfe4qrrwdf5,889806.0,p2tr,11,1
bc1px0vnvqf9lrkukjsrv5468udw36xmsyw0ka9mstjuvgvrwr9wfkkqjjy77p,889806.0,p2tr,6,1
bc1px0zkppuc0qxuu4t4nhcjfz83vuy9umtlelhmwn2992j4mcxvn2ws4yh5pn,889806.0,p2tr,9,1
bc1px2caj0a99u0prx2pleex6kthvsuua5epuyl5hq9270ce7r7kt9asfzzc5m,889806.0,p2tr,5,1
bc1px38dvl7sctwvljnw0c0hl3y4c8ppq29sm9k6eh7demtpjz3nkqnqqfs9mx,889806.0,p2tr,23,1
bc1px38w3pktl9czht6sfxfnk35rwlkp8uzqzquz4f2f2mq8y0n27atsumqups,889806.0,p2tr,9,1
bc1px3cltssw56ma3d4m3skya0mxfauc72hxpapadrp37wmtdfc27xqs9nkvj8,889806.0,p2tr,12,1
bc1px3jqgesq75dmdl93c8je8ptfeky855p3cq8f9mjdntfdm6swm6tsae7q5j,889806.0,p2tr,6,1
bc1px3l9yrtchjtcywnd3kuh7ywlp6c3em0r7ed044jgc7qy96wj640s2w2t03,889806.0,p2tr,11,1
bc1px3lxr34wualnwfurafpa8n3vmuuuc8tdkm8z9gxfcyn6vw353g3qg4845w,889806.0,p2tr,17,1
bc1px3qy6fs28x20nm5jr7rc8x6hmwnmcqtefcdk80eua0tsgwlctkqs85324x,889806.0,p2tr,15,1
bc1px3r2mqgyh5w0mths225f7zxlnxgwlmm7slsvgx5rqyh4var7f68qtef2ff,889806.0,p2tr,57,1
bc1px3ul5kx5rzap9whetx3fnddvnqexm0euche35yjt5s0njsx0533sx9lpw2,889806.0,p2tr,9,1
bc1px4a5ya56a82jqtychs40c2c56p6622kapr3rnh2pyd7yl76x9khsj3r28q,889806.0,p2tr,14,1
bc1px4ak2zyw6cjww5hr4uw2ahg3fgpzqpu3a9exhcal2gkjaq9ff03sk2cvm3,889806.0,p2tr,26,1
bc1px4g8mn22ydpq2flkyddwfse39r5d0pe2vgkrm5qyukz78smne5ssn5wu9v,889806.0,p2tr,10,1
bc1px4gaswn29k5m4yvvwhsauvls03lydu8f26x5tdvhc7xg6pur4anq4v7lt6,889806.0,p2tr,9,1
bc1px4ge5dqn62txchs49t40mvmv5dpjxydy8q8t2lsfgncwsctyl5fqal33kd,889806.0,p2tr,18,1
bc1px4sev9mww399gcql5rr0sw7wv6dcrvtvhp37dmmf4zv3alkkqj4stgpk3k,889806.0,p2tr,23,1
bc1px5c9k6gxddhqfduuuxqdrv49kjamjlh9l2nmvj7a6ta2m4xf5jsqmucfqy,889806.0,p2tr,14,1
bc1px5mdp9aaff9vc8npg7x0fg8x4s7vawmmufgrna90xuqp4ace2uyqkllctf,889806.0,p2tr,9,1
bc1px5p7gzfh4mcnjhdvv4aml5amjt9e9fpgq0xjf9mf24ae5fsr79yqrernhz,889806.0,p2tr,17,1
bc1px5r82gynygutamqst2nzxs8zu4ujvfstkldwaruxlahac7psxrjqghcrwr,889806.0,p2tr,9,1
bc1px5rg47u9kz29ycpsnpcmhy5mh25vc4tjzp9v9nh8y04lsr7k3qyshcp75j,889806.0,p2tr,10,1
bc1px63wg5qgxgyn3gfpww2fy8kkxsl9txx2h8ct5w0hf3qm7dqtt4lqe94q2w,889806.0,p2tr,44,1
bc1px66pfaxrqv477s0s0u246lnvgnyuejqwlaz74t0t46ye6hgft7zq37wtyh,889806.0,p2tr,23,1
bc1px6ed2mtkryej49jv60q95fwx47n8z3u5lqxf38qzenym774ny9cqllur62,889806.0,p2tr,12,1
bc1px6fwsqqx8qz8x0tv06g6xzdeey6esrace7jgdl05k8gqrn4kz70qzxyadn,889806.0,p2tr,13,1
bc1px6vy83nnu4favr3y0qlvagym9wyzlewu3m7kr3lpvzkvv50hfugsez0a9g,889806.0,p2tr,12,1
bc1px6wtkmruenc2fn2j3j80jexqczggx5neg5665k5dy0l8rcyvuncqlzaad5,889806.0,p2tr,7,1
bc1px70kj85mef6ue6djc3kq49k6s9mn0r2n2e6hdvprjhney8c0nrcqqly6uh,889806.0,p2tr,9,1
bc1px74f677xclsdswd3wp3u9k6gn0vze84aksxe2hstrl3duzsel7usl3pxj9,889806.0,p2tr,20,1
bc1px77zrhmvkc7jaetn422qmltghpv633nxdhql4dg2sevzz869slksmq6vvk,889806.0,p2tr,15,1
bc1px78s5n3ppfw0wjnfhuy2chw59v6mcqzqkjjn27cl5mfq50zxsl5s5dty2j,889806.0,p2tr,11,1
bc1px794p7hsyrxh0xspjmycpps32ktw8vkj0p40a8hagpq4vx42xm2snj5zsh,889806.0,p2tr,9,1
bc1px7kaxhj9ytxnv7jx7gy56870682yxyllcua08zx262e8plg55a7s03ar5c,889806.0,p2tr,16,1
bc1px7mh8fjxt6scfj24husyzkdjahj43nmej5rdxht074mhu2syk9vqr4fmv0,889806.0,p2tr,20,1
bc1px7nk0e3sh9eftqnl7mqhqevl9su2tx36djrt8xjamvgvgfwe9c4skv2ze9,889806.0,p2tr,25,1
bc1px7ujvsf6s86ceh6c6yh47fpxjk6pcr64rt6zzpfe3dg4xfxm3cysgccyaf,889806.0,p2tr,12,1
bc1px7uytt78ehlfs8f72majsws5n6nvrsr9ak2djd7nlwm2vgs797wqj428h4,889806.0,p2tr,9,1
bc1px7v37fdurhpl3dyh6wj5mv7cu633pn6cjqdn4ftyv09wvc23uv9smlsmre,889806.0,p2tr,66,1
bc1px80khcfd39ld0vlpcuen63ue6n8hmjkz2rw2eq8vxhyn4jx3ravsqgfnpq,889806.0,p2tr,23,1
bc1px824cf0e6q7r34gleqee0clw6p6ndp5ag6kkursrnxaqgvknca7q6rxce2,889806.0,p2tr,33,1
bc1px83k8ud2grsd2d72wd6lx04u788qa8tuas56hjszmkqmvq3rva6szuy3k7,889806.0,p2tr,10,1
bc1px87ctzp0re728k97tnjqlgpm7les3ft2e3cy7pycrw2k3hl2xcdqzzfn5d,889806.0,p2tr,10,1
bc1px8982xvc45cun6j0ggtlphjj0wqg9ykjukwrqd3pvqwy75eat69qgsk5sq,889806.0,p2tr,13,1
bc1px89rz4r5kz9kt0k4edrnm4gp6exnpmuncc96armkn34aj75c706qzcz58k,889806.0,p2tr,40,1
bc1px8a5a88ajln4s83f9mump8f5m3yvauxp6ucppy0t5ys9rafvj2xsf7cwys,889806.0,p2tr,12,1
bc1px8fhwkxgqmxju24sxxlt54fafasqkkzp2ghw0vt7c0qswvx38tus3z9rxx,889806.0,p2tr,9,1
bc1px8pp0wsth896876mgrwzghgp22smgpj65gjwnzp5u52mh5p22e8s6820yj,889806.0,p2tr,20,1
bc1px8v9p57t7kjh7us9e8h0h5802twdvvmn7e9w068z78dsrfwnxknq2999wv,889806.0,p2tr,18,1
bc1px8vdly3yn0vzteeac4lec2pg0ywr85ragtnayg76uy4ty2yts2as77r073,889806.0,p2tr,27,1
bc1px90eh9lyguc6d0vpensytthcwv6j6e60f6pxq8v4m2xnger0tkwsps9eeg,889806.0,p2tr,15,1
bc1px9jydetepra98n4exreecf2j48ldcudt5hvhehjuj4f86uuhfu7s250srg,889806.0,p2tr,5,1
bc1pxa3aqdxu7xwcwmmkf59jm2pdfchu4ru5saxpfjpagldp4em8z6gqkwumva,889806.0,p2tr,38,1
bc1pxaj0st7xndg8gc27y6z6x7ftqayuwxk7s0wh2p24wv4ufn3wxkcs83je6f,889806.0,p2tr,13,1
bc1pxaj5rrnpxn7sq0a7v5k55nyqvpwkdsuhgykhyr4tutaqn7g3zcvsy24ft8,889806.0,p2tr,11,1
bc1pxawcuw4dzlwgpxyv908h0af6c3n074p8wsczkxdkpl8rcvnrsa7ssyqx7w,889806.0,p2tr,54,1
bc1pxc6xrcanvrd34tpfqseql2helwtfdyz2xmsxtt5jknq2thghzmuqzqw00m,889806.0,p2tr,10,1
bc1pxd88c0hm5c9t5eshph085200fpf0f9l2urhnuluz2kh7h7al8n9qkyugne,889806.0,p2tr,8,1
bc1pxd8aq6f3y2z8nnc09c462m306rtpfe88pqaxsyv4ggns4p8nnc9qh284qn,889806.0,p2tr,15,1
bc1pxdc73ea64yv4hhnzz8hxwkasvemhcwm63rx2erf58slc4r7g3mjs632y3u,889806.0,p2tr,98,1
bc1pxdguyhquxlvlukjm4wqarv47f54w6hckwxww7xvgs0nydgcyx0usqsrvzk,889806.0,p2tr,13,1
bc1pxdyrf7n8tdzh7mvqrgq2gasule5a60jmgdpghd0frnqch3h2dquqhtp6p0,889806.0,p2tr,65,1
bc1pxe3eg9cr084h7zyhd7flz2g6t98n8zrrr7vj7guckun0wdfh9kvsutn8xv,889806.0,p2tr,7,1
bc1pxe557czujpum4446467tf9muvy34drhehmkxex3032hgljymfkxs2xade7,889806.0,p2tr,14,1
bc1pxe8cf3krt43cdknslp3gxuv2p4pshsy6khusuy56n9lll97zlerqtgvjvn,889806.0,p2tr,14,1
bc1pxejdxj6yjx708fwm72w9fr4ezm4vu8mczkc603tjwerahasefm8qak64em,889806.0,p2tr,22,1
bc1pxemkzgpwlne8kk8wvhe774853c85cytg979wrtmf6vfhmeal5nrqwav9v8,889806.0,p2tr,10,1
bc1pxet3nvfvkk54ammsr5capfknmt6xqn4dduh0ul89xfval7cd5mgsz0avuh,889806.0,p2tr,10,1
bc1pxexe442c4l6qxkhwva774ghu4yr23uve02kck59y8ztmm5eu3s9spdks2j,889806.0,p2tr,13,1
bc1pxf6m5maqyyuaqtjtyk24vlt2zvrqvndzm9am56wcggfff647r2fqe8mmr2,889806.0,p2tr,14,1
bc1pxf7wkvv7qxjp8xs0sk7jj8jympsuk9m7m2qgcr9fdzz9j2fc5efs9zgnq8,889806.0,p2tr,6,1
bc1pxff9n2z4w80xu8d5n33kq376lg9ztxlgf6r2u6hjurwf3q5vteqsxe6knj,889806.0,p2tr,19,1
bc1pxfh8k8le793l4jgrmnz9g2sv9eedexc8wtdg34r99vjs69jg7l3snxz6ns,889806.0,p2tr,10,1
bc1pxg3ah7k3x64p7dcepnlmc43f78r53qwrdq2zsqrjj47awk7p80kqncec5d,889806.0,p2tr,5,1
bc1pxga7wv9pyfv970n2ufxzf6ufmxld4x2c5znum60vjs5vn3hc0r3s38lw04,889806.0,p2tr,40,1
bc1pxgds6emgl22eypgy6g6wthygzelf89chr503tghtmek3xvtn2pqqk3pylh,889806.0,p2tr,14,1
bc1pxgdz9eqjwhqhce4m5265ucwpqcau3pt6avvkd49fmac0tdajwmss67s7pz,889806.0,p2tr,13,1
bc1pxgkcsu3lqw5u8k0ft2emfhfh327cwmlq2e2t2g7sls533whcnfnskv82z2,889806.0,p2tr,9,1
bc1pxgnsljpe8s29hf5s0hf79rfu9e5dgftvr0drhfrpjqjtrnc93k6qkyh5cm,889806.0,p2tr,19,1
bc1pxgxwjz4kvq7nfgdkgc8057ynh2dd9rq7jcka8s2y923t7s9k27fqtwfu2f,889806.0,p2tr,15,1
bc1pxgy3u0jxfwvc0auaypun2w8r02z5ryfk4j7muauh4mdhl4w2nckshekh6h,889806.0,p2tr,29,1
bc1pxh3nmxmvchcksu5sg55zetzpyma2qmc3y04urcu6tfdydzftl6tqhmpvf8,889806.0,p2tr,12,1
bc1pxh7wt8sj9s8tm8qqa45h03ekymkzdh8fy4840ujr9nxhk88wtxdq4z3qgy,889806.0,p2tr,9,1
bc1pxh9tghzxm68emh8yffe0dvhd309kxchv664t53ynkqspgvr29f3s0wy7qp,889806.0,p2tr,12,1
bc1pxheen3dcrw23kjt3g06sdejt6nyuwd3ag0zvj6h442dl9zdmmhzqgrw335,889806.0,p2tr,9,1
bc1pxhjhy3jvuzj4lw6famacy95y3ua8muqqvqr4tsufap037epegtlsuvkd54,889806.0,p2tr,10,1
bc1pxhqrzzyvu7c4vfg4prkyc0hfemypja3etp2wm3kklze62e65flasuw2jan,889806.0,p2tr,54,1
bc1pxhruxyvqdm3qthjkkqv7h9g3um08kqte9pvvqh8cr8vr5z20n0eqzxnwsl,889806.0,p2tr,13,1
bc1pxhscd7wm4gjscv4xwcu8m0336q95acr8z2uwrrga3fpqnyuwvg5s0a9l4k,889806.0,p2tr,9,1
bc1pxj8v3ux8w6e9acwfrnu6jzrmfh0x62afl8t34sd0nxaal5e703qqa7ku0h,889806.0,p2tr,26,1
bc1pxjrtwatvrjc2fdt6u94gud65wsf94vcqpu7dfv7ja2gy3uhnwxgqg02vhj,889806.0,p2tr,34,1
bc1pxjtd4hxfvvk2rgdtsx62e8939p0dg5vdtlud4yme6luxssv5fkkq7fz4cg,889806.0,p2tr,24,1
bc1pxjtnxlm5ngfuehtqgr3uqv982sjryxwv99mafjakaxay9raeu8hqzzg99a,889806.0,p2tr,9,1
bc1pxjtrtpnj3ndz97nr73gj9m55nqm9g6ntlssancgexsvnnnk4eqjqt64gn6,889806.0,p2tr,10,1
bc1pxk6agtkmw76ruefc9tyt49vrmvwg3ax3tl8lv8lnav6nnegsvvsqlpxten,889806.0,p2tr,11,1
bc1pxkd5lusvf2p4c2d4ta4tdgg67dxz9qnfx5rpm4lf2l0puwwzwg6qgxm5rj,889806.0,p2tr,20,1
bc1pxkjd7lt0e4jz8hv2000c4yu4hz8kv47cntjxwnxv3mgc4mpz0s2sdmlvx4,889806.0,p2tr,16,1
bc1pxkt7p3yd3q3tgqap2xh2vurtsqd348gkac3c6sz9dm0ke4hghc4sr8uwnp,889806.0,p2tr,10,1
bc1pxl36vj02ln6j825fnhftqy7w0t68q0ahlwc4jqg2sj262sd2y6vsmtxrgz,889806.0,p2tr,12,1
bc1pxl6yyqcefgf2nlk4zs0tzvwumln3aysnztr4dhhp7cvx6js98d2qjk7vu4,889806.0,p2tr,16,1
bc1pxlev69ph45ydnhr3v8f2vwyp9nvlws22ejamay59s9f40nur5txqgrjclm,889806.0,p2tr,10,1
bc1pxljvetgx7d2ms064v95r495wzutscft0e7nqnr2wl6gvd58m4r0qcwkhj6,889806.0,p2tr,8,1
bc1pxlmezhnag0fd6r6wa82ywjdnd3xcucdepp6l5z9jh49zs8l6gjpsfep6zf,889806.0,p2tr,25,1
bc1pxlt98allhyl6pluw3h9ygq6tc4ns5de7qhrhjzq086kldt2g8gmsq7rwkh,889806.0,p2tr,19,1
bc1pxluv5tsde2ug3gcrdfdfz8wxwegze6gcspsqtyucyt988rn4zhds98kcw5,889806.0,p2tr,65,1
bc1pxlyd7naxt55jwzffzr5ahmvrc2ldt5vn5hfzr8ed6hxxcf0eq7nquucmgr,889806.0,p2tr,24,1
bc1pxlylyguvz85hp3dlfx4m0rxnrq0pv4kzfaw7zldve889hgqx3fmqunmdme,889806.0,p2tr,26,1
bc1pxm0j9l8nkg4gr98emgnp0hlw3d8mhms4f7rhw09y862fsg5qlszsghu0y2,889806.0,p2tr,10,1
bc1pxm2qlhwssqlgdf0whua278pqspjxufrw6yddmcgeafcq9p0rtm3qtnmh88,889806.0,p2tr,15,1
bc1pxm6m5r59d4lrluea6xnvjwtd4k3v2hk0tggz0st4qgwxzut0l73qy8vyrg,889806.0,p2tr,9,1
bc1pxmev2rlvsyfuhxzj64cuz749g6c0wm0trvxjj0pj500hymx7pjmqtnq2vd,889806.0,p2tr,11,1
bc1pxmj3msg85u83r69ha3m7wnt89e3uaxfmsy6vp4kym7zd6hvg74lskdnret,889806.0,p2tr,10,1
bc1pxmnce4p4qxwerlqw3yfcn702k7v4ngvjp3x25nhsemwdw28em29q5aqg0j,889806.0,p2tr,9,1
bc1pxmx0082qw7k9ud82utck7uv4324lf25r5062js078d5zmve980lqzjfvuj,889806.0,p2tr,47,1
bc1pxmxsrz5kg60vj3vlm5tdtt36gfd5t8lmrcfxj0c25y4q2pnr8hwqetrzgd,889806.0,p2tr,13,1
bc1pxn4lrkgp3cts4a6k8ktz4x9nwrx3w2rq8wntvd2puzrlftlcpmrqvyuxp9,889806.0,p2tr,26,1
bc1pxn5vrjyzwrrtnwg9v0q7kfwha9n9v9njsg357fdtw2rvgmyk88xshvhzeu,889806.0,p2tr,11,1
bc1pxn97ctupj7rp2vufta6e27tke8q243pwx9vg74er5fednkjxwpcsnndvy4,889806.0,p2tr,10,1
bc1pxng5s6c9945u3p3nw4lgfnn09gj22qtldask64542tkp6hvdahnss44qag,889806.0,p2tr,18,1
bc1pxnjmvt3pywp2kklcxslpmf9xkggyh6wwzj3fv6gyzz43dyvvefkqzy5sxw,889806.0,p2tr,14,1
bc1pxnqjml8vl7xu7v30292fur00sxst3hlr0rnep5ks3jant2g6p0msqywnnn,889806.0,p2tr,5,1
bc1pxnxc6t2te6ccn6zhxrqh9mf3lpltcq2r3nfg45t997m5phg6pnysja3v0x,889806.0,p2tr,9,1
bc1pxnzq0khc08cv8fd3ufgufu6s8t2lhe2nmk5jcd3sj0jz604qazfsvk3ryq,889806.0,p2tr,7,1
bc1pxp56x4tsvq4k98j82ygj8yfu37q973d4frj3mhxalj5ran6xln5s8vzvde,889806.0,p2tr,9,1
bc1pxpee5tuw8zecjczsuzmymuf8lxjppt5qawfx52zz287fkxaln0asgrmsqn,889806.0,p2tr,9,1
bc1pxpet6l2gddy0ufcgw5mxdx85xhf6ju90ps0wx7et8aczzvvpnvhsxemtfa,889806.0,p2tr,10,1
bc1pxq6502dg9ez2glum530evjuwqhcugrllccg9cfk4hlnmdydncshsc7fe2v,889806.0,p2tr,128,1
bc1pxq7marut4k44h86mlp2gq0p0sdu266fn3d02mnl4ha7cw450ngvs2cwg7p,889806.0,p2tr,12,1
bc1pxq9gmfnles722putsfup4tyug4n02mew2zrzxtnev0pz6sz74zfspkpx70,889806.0,p2tr,5,1
bc1pxqf0feusvt3tdpmfkldvvslhg3qujtmtsvw0rggfxcxfjn6e3d9s8unmlw,889806.0,p2tr,6,1
bc1pxqgxwatpzafeqkscp2qgje3n5r879rmkvhtgdlppzc980seuns9qkrgst6,889806.0,p2tr,84,1
bc1pxqk0f9unag2jdvkr0g0gv8wpyd5cusu0q2jt8gwvq7t8vpqkhdssjf979g,889806.0,p2tr,19,1
bc1pxqlxh8almf4dwgccny0z49g3wukxxckgtzyj3ztsu5g5f0mqppus8wqcnz,889806.0,p2tr,24,1
bc1pxqlxte0tl9feqkklp2fsxym0j80gc7np3pmwp9hh9vdqwngghz6q7ss66p,889806.0,p2tr,30,1
bc1pxr5zww0e6mn0mlz25y2k3qfgrkgcxnek8ymk3s8lkpeuvmevaevsekk2mp,889806.0,p2tr,24,1
bc1pxryejszpvkef8vkrrplgc93nwcn9yfk3d2f69zep9qvn5cl97r6sl7t22y,889806.0,p2tr,11,1
bc1pxs4aecs84pt2tr26v9vde657r6dyusqtc7dkk5pafcjvkq8l6lkszvufhk,889806.0,p2tr,19,1
bc1pxs95qk2kw9uvzfq86hfcunde0u39ycfyuu9uzcyszdp9x7r0k7ws93tqqj,889806.0,p2tr,11,1
bc1pxsc6jjlj8ds5mfd50kyg7n5lfzjle6qvgg5fwgpva3l442qsmyvqwt3qs3,889806.0,p2tr,10,1
bc1pxsdd07vdkg52fpmuzzs0fufw5c28de52se7qv5tvynfdqmzp4tcq9drcsf,889806.0,p2tr,21,1
bc1pxspf30uyk6skuu6t947uxpl4mr9ukdfls5mtfe7g3nmy5gvuzkfq4n9vja,889806.0,p2tr,26,1
bc1pxszae3qpemmg9dqg7g3jca7fc6dm2jk9k3zkwrnhlphp72k23dvq2z7auu,889806.0,p2tr,11,1
bc1pxt20gkhjt6wwvd8cura4g2ev4vpe3zhxrtv99rz80lsg9ztj0wuqw695es,889806.0,p2tr,10,1
bc1pxt2nuzvangqggtnz2hvepdqq4zz9tn8f8lj7080nufudf4gsa0tsg5etry,889806.0,p2tr,13,1
bc1pxtctfzhplpc5ya3h5yhuq00uhwguu9jxz25serk3zuyw6hed9qnskklmx8,889806.0,p2tr,5,1
bc1pxtexdfr44nvtfxal9kf9p80xqvg80h77mfx3zawaa49j46k4gjks3lwq0a,889806.0,p2tr,11,1
bc1pxtpktefvt3e5lwasaxh98vfrsgdm58ccfpu80njqmc8p2qx0cg2qc99s6d,889806.0,p2tr,11,1
bc1pxtuj753nheeddthwnm8xknks3rwz0pf2dke5g23sn5zud9c5ehrs2ln2vf,889806.0,p2tr,8,1
bc1pxtx4ueharmh4usmkunmskljjhalqn9nqgs7xcclqdcyuxwjpwhvqqyvze3,889806.0,p2tr,24,1
bc1pxu5svxsd6wzenuvqtp5mg8lwf8wn04kdgtpkhfxnztfqpqa0gphsftradt,889806.0,p2tr,24,1
bc1pxudrcku9a9zxkk5avzmck0ghkuaf42j2wg7qs0xlsjcr2dnxh2fsz4nhdk,889806.0,p2tr,23,1
bc1pxug8fh2pn8atcunfrn56e9edd4vvr4yl3juzw8lwtlcw4x4ujytsj828hz,889806.0,p2tr,23,1
bc1pxujdtgf07kv2jle00pz94ey895gtupsn7rkavjtvzf3wvyk8yjcqc9kcck,889806.0,p2tr,8,1
bc1pxujtnhz2dup0f5m74dgkqpmv8cpt675emtykduhdhk30d7j8r8mqe6e56w,889806.0,p2tr,10,1
bc1pxus8ptxcz8apvhadm38m8y8u7f6d3n7lcrs4hr58rajjw6hdktzqj4zf6w,889806.0,p2tr,15,1
bc1pxusr53ftpfr270d0ejtg8w7m6xmfzwh7cpxpyf0lj6l4wq8tf45swtyl2r,889806.0,p2tr,5,1
bc1pxv0fc54v3xvsps775l7dzpe09kmfqdpzs5gvvlta96pg2dudpc6su5yfjd,889806.0,p2tr,12,1
bc1pxvn9fms5h5lvakxcuam7x3gmvqlu6hu2wdvjmav9n637qaxu9ysqlvxpqe,889806.0,p2tr,13,1
bc1pxvwk9mv6tgfuh9yr6p75fdcqpttl66ketmszym9h0qa0affsp6cqta2de4,889806.0,p2tr,20,1
bc1pxvwp2el36lk3gh5d6cwf7fw6frze7wwu5vuckhc9xj58wl54x5csv7cnpa,889806.0,p2tr,11,1
bc1pxwwmqy9yxmtrkcjzqwkrkym88lmcl54cjdkzlelmjr8m6kvtfjqsjfxu5f,889806.0,p2tr,19,1
bc1pxx8sxaptmuvsph98tt660kxx3vzt7stp3twn29j0vvkqqhp5p4jqchevzk,889806.0,p2tr,5,1
bc1pxxapcktfra8nqz3ntqcjsccn2qjk28r08ap9ru9kcz50r0zl9gasryva8c,889806.0,p2tr,9,1
bc1pxxcmxj8tg6a0ffk6wnkt432pr4vdggv9yct7kyj4qwwfaq3meu5s3q6cp2,889806.0,p2tr,14,1
bc1pxxknldwscscg5rvynype346s9479druw8mxrdtx2n58r7fk8ud6sayz9lp,889806.0,p2tr,14,1
bc1pxxmwx6fzcynjafqtzvhyspuu4t0u4khd0u93mfj4erw9dz6h30yqufwrat,889806.0,p2tr,15,1
bc1pxxq8elkgxey084qjwgrf322l8cgeqrlwryfkc6ynq6pkskanqmjqdmtlq3,889806.0,p2tr,10,1
bc1pxxqffs8amw3l2m7e5rjp2pmmn397c9uluuu7tm8hmcamucldc5fqpjvs5s,889806.0,p2tr,14,1
bc1pxxrhg0jstrpdw5keqp4ll33ykr8eddrhl0pt0lqx77sx7c04ugwssltu47,889806.0,p2tr,13,1
bc1pxxwfenwvrx2gj5ntdv57ckskqh5dgvrrfl5gax5ymsyrrd6gw34sllcl7p,889806.0,p2tr,11,1
bc1pxy0tfxug8r0yl7hyrvsyuh56l327tzkymkdk4n85gg7evcsxgftq88gu8r,889806.0,p2tr,18,1
bc1pxy25z2wwjxnwxqp28ae38dwphqhsr3tfjrf6nzx3nld6s8250d6spt4psv,889806.0,p2tr,9,1
bc1pxy43xgpxcay3sk3szpaeg7p4gev4rh9ufdvmz65cqaxnmg47hfjq93f8rt,889806.0,p2tr,12,1
bc1pxy5mslky0nzgfjj787pumc2yh4wgu7h9k6xmlfwtcxfgepfua0vqkpmm2p,889806.0,p2tr,16,1
bc1pxy7866f2hgp6u85vtpjlv7fnxxgwssxkxc7a8tkykhgmcp9cyklql54cxm,889806.0,p2tr,10,1
bc1pvm4se5q9nwmluqrhpr5aun06xcl4k0td0zd8d5uwvrjlvx4g496qctcajt,889806.0,p2tr,7,1
bc1pvm5420ndnxa6ej0h67a7en3d5dvf6zl6pq4txdgdmkxp590hf7yqc63uf8,889806.0,p2tr,9,1
bc1pvm8xayusm60rhuas5990l7a9qqs2qvpwu7f2gawn9ucly3p7e7uq3cjeuh,889806.0,p2tr,22,1
bc1pvmewwwravtmavmcyw708f0kvjxzty3ul7x3vtr7f7cfkpfc75w4qldjzxg,889806.0,p2tr,10,1
bc1pvmm607czteuaedcs6zk8p6x6mw45lgtfan8jrqwfynmr02ykck8qggs2tk,889806.0,p2tr,16,1
bc1pvmycgfclpx086rmdvrnahvcj2zxkhf6tuzy4hu0pdcnu4swy4gxq7pw9hc,889806.0,p2tr,11,1
bc1pvmyt2us56u4rd73pujhrnljmx9qqsa0k8xpxj7e268j6l4rayveqv8d79n,889806.0,p2tr,20,1
bc1pvne9qluj74a2mdyntkfac843rau6ftfcfe2962qc898njq3rf5zsc7wee5,889806.0,p2tr,8,1
bc1pvnsmsydn4ucfeggalrva59ylmg8j22wulncmmzpg6ucqfzkkn8jqr355nv,889806.0,p2tr,18,1
bc1pvnz8rzqfrvps2t2lw09kcr2p20u692v2swpefhz978yvqgx70yps0lgr64,889806.0,p2tr,7,1
bc1pvp2s23kmahcu6kxsfl9kz65z7kklju8l5g63k86n0zcf9tm08fyqltayp3,889806.0,p2tr,4,1
bc1pvp5rp4zans90y8lzcfyrhtgcq93mv2vmtmcu0halq7de3e8dxd4q2jxydn,889806.0,p2tr,14,1
bc1pvpd2umd9xne8lur3zjnkfu3sjkjn9l9pqlgvkwrehuf743djdwkqctvsv6,889806.0,p2tr,9,1
bc1pvq8mmfk7s66d04me02u4xtdhlauxrpnpd2sjfct6ulaj6scw28uqvl2ryn,889806.0,p2tr,11,1
bc1pvqh4dqnape6prs7u8u54822vyxx6ztw8a5mreg4p9pekp64xweeqm6nk0p,889806.0,p2tr,6,1
bc1pvqk845hu06d5sssxl4duq5h9dkkn400lkka6faywwyzr8wykscns8fk6vd,889806.0,p2tr,11,1
bc1pvqljyqv87m8hru484xx62zq5f05nh6g6w8g0ya5u5c235pewcqvsdu7eu5,889806.0,p2tr,23,1
bc1pvqnxtfjymxgfwarxap29yn45g83zgt0njs0j7d6fhdjfsj4umyxq6hq3ls,889806.0,p2tr,10,1
bc1pvqt90x0p8u7h0wv2uvsk8j99rs40nlmg4vx4jec7u7updq3j2tcsfktre3,889806.0,p2tr,4,1
bc1pvr0f7m74hfv7sqg5g5mducqkr9rshrm4u6estrs2du76qmnxc5cqwme03f,889806.0,p2tr,8,1
bc1pvrf7q5et8pdazhuldza4ddfu6ynv3n0g5sfj5kk9uyu9hvtmhxdssr96wy,889806.0,p2tr,115,1
bc1pvrgattrjryntllmt0a2pw3m9ef2v7ve0f96739tu8x843ka5tx2stf542w,889806.0,p2tr,4,1
bc1pvs2xuf2yckapzlg4sc0slhgz4cagjvjzd0h92duxwnq6mawkrjqqrahtnf,889806.0,p2tr,24,1
bc1pvs3g666y04kmsva464efmf6z9ty7njym6wudnn34pppd59e0mpys7qelay,889806.0,p2tr,11,1
bc1pvs5rfzpd9tynles87ycuvglslv7sfqgh5ydaspysha5tnq07srcqu9weh7,889806.0,p2tr,25,1
bc1pvs8uyf8np7ku99quzyl077xum6as6rwm5jwfjaugalsnrhgfrljs84wd74,889806.0,p2tr,27,1
bc1pvs9djkcaqqgeadya9gsfhu3qe7f8z7w8knrug0purgfktke7ndrsmt9pgq,889806.0,p2tr,10,1
bc1pvt26wa9z4ygcf4pskvx87m08839wwex2s523rsx93zj7agkgjjgqgxsjl6,889806.0,p2tr,28,1
bc1pvt8tmjrkw238vn78e43rupnr06dp4flf7eep3w2y9wljh8rlm0msmnc79k,889806.0,p2tr,10,1
bc1pvtdgj7mhmdwpwnm3vqpl5pygyaajza7uvdt82fd3s0vle2hr7whqjgac8x,889806.0,p2tr,15,1
bc1pvtlhwas8tdjh5rfvwf533s8qn42uvryahkdvlwq29gz6faq493rqgvcclh,889806.0,p2tr,11,1
bc1pvtxm5fdclyl3yu3kxz3fke4h8xuumw9fudqh7qrpl7ruuryg247ql3nlfu,889806.0,p2tr,8,1
bc1pvu66agt8s7ckjh27uu8h2x5qhnazmcr7ah8aum8rz502s0net5cstuj5kh,889806.0,p2tr,15,1
bc1pvu6m6ldvy42s6h3srt885vt5q9x7hvv2rleg4vp2mdszlr93yeds9sv7ct,889806.0,p2tr,16,1
bc1pvu79pvd40y04ezudz5q0q22r9eyw405cc8d9dnauzv2u0mg0ztnshwu4kj,889806.0,p2tr,5,1
bc1pvuhg7aw5h8tvh4vahmnhn8np6py40tcj83yxdhlmrnad5vyyrtgqeplq38,889806.0,p2tr,9,1
bc1pvuhwe5k62h8rjutru5qc25jydzc9u64sdlp4u2eym5lppqfk88vs9efdrm,889806.0,p2tr,15,1
bc1pvuk8q777tzvpy9qr9l74v3plfm922qpun7msn8zkdf2njzgcq8esf3dfcy,889806.0,p2tr,11,1
bc1pvv629lwnh4ehxja2k7km9v3x3gwjk6atg63f59rrmgm53v9d6quq39rtm5,889806.0,p2tr,28,1
bc1pvvjrquxgd4ca2lrw04cwqwrvqsuctwllz0pfwrk7asew33famztq8h80wv,889806.0,p2tr,34,1
bc1pvvxtvkv3tgqw8kpakjm2aes0zhraavygt2avgqf6n5rchvxpzj3s8f0a6c,889806.0,p2tr,24,1
bc1pvw8teq4zjdgxwyfw2sul4fc676kclrxcdmkzph5yrh2mnywcsyvq5qp2tp,889806.0,p2tr,13,1
bc1pvw8tn5r3qyps6lxxwrc2dq0776lkc666jcftqwkunucdv2sn9qws37u39k,889806.0,p2tr,4,1
bc1pvw983c65vmxykhapwts080wq0s7wpfsc47cxk0uyd2u7ghwxmkzq7kygnf,889806.0,p2tr,19,1
bc1pvwjtxg65zjvl3kjf9z9u996nypjjka25xw26jjtd58swn43a3clqr9s04m,889806.0,p2tr,14,1
bc1pvwlw26zmrttkh9r3yjw499jhlu2w3jp8csaefz7m2lxxl2f3twpsmwuds6,889806.0,p2tr,9,1
bc1pvwtj5jh50lewk7w4nxrstn3u9mecrd5nw5kj8j70ky2ez7jjfwxsjagevf,889806.0,p2tr,8,1
bc1pvww0uzgqktgzfq3x8x83y9dexaard95lck78vljymt6uuradyzrsheuqt2,889806.0,p2tr,9,1
bc1pvx2ec4nldv6005gt9mcmadhs49m9v8jk7rljmnyj0tnh3czgwf0shn72m5,889806.0,p2tr,12,1
bc1pvx3343a48286pl69nht0q4x2naf9ts74h5l908sc65ewytw8xp9qkhnulk,889806.0,p2tr,15,1
bc1pvx5gwr5k923huvxtuz5x8f7449ng7nvcdeusmcnn8pzs6xn5v0mq7tu700,889806.0,p2tr,9,1
bc1pvxnxs0gdgv4ck82cwvtw69p7m3zwjkuux8a3626nzra7kphfhcjs8fhtdj,889806.0,p2tr,19,1
bc1pvyhw332uvsxwrcjndle9q3zz5ga3udjhrqqt9fsmapyy4t900ktqkwjcpj,889806.0,p2tr,8,1
bc1pvytlz7qnqc0q964g0jpaxw3zgd4a66vmarmpahztlqc6tcgwecvqed3t4w,889806.0,p2tr,7,1
bc1pvywlalpx4gaa2gj2g6v8gzsuz9frug4kwvfjhdssj0lfk7a4v8dqkazlqp,889806.0,p2tr,12,1
bc1pvyxttl535qmtu3fawyaaskdzj2afzeadpat2ap2uwpgnqakhqq6scjgdcr,889806.0,p2tr,37,1
bc1pvz2nhtdcvp7psf24lrdx2g93dtapdjxfkqv7yjpkva6jzq30kxaq5qm36d,889806.0,p2tr,9,1
bc1pvz5tjdcj0clpnakkt473ks0vrssn00kly7xpd6h25u34gfr0x53q0e5ac8,889806.0,p2tr,11,1
bc1pvz7taszdknhdk7rl5u9483j3uv0w6vxy3tn6m483cx6pevd25u8q8fxsnh,889806.0,p2tr,15,1
bc1pvzgfa50x37n949g5rlkr6fqps24x2mjmmnpmzcv2m7knaknrqtjssq4uaa,889806.0,p2tr,6,1
bc1pvzgsv06ayu97eyvm2n7c7tp43z0jlhdw2prjzu24uvyherm34d2sdzj706,889806.0,p2tr,9,1
bc1pvzz00ywsc3nvu39vuxhm4ssymdlhl9aepazgr6f2xvk4ptxjgrask5gfj7,889806.0,p2tr,10,1
bc1pvzz9uxtvw85hvctmllmzhvh9sg4qhs7z6k96ax3wws3x88s80ums4qy45l,889806.0,p2tr,39,1
bc1pvzzmr9qkycdsawr8ukrkd8sq35h78pfkcy5uhel4gxsqggsge4zs9mumtk,889806.0,p2tr,10,1
bc1pw02arptfxch7tdxdqdfnesgj00aqrsglxgw8xnt8wx9fcc5y7ztqvduxlz,889806.0,p2tr,8,1
bc1pw07t7usjhgapwtdgl9a0c34wx2mhqzzca4jvdk4zgzugnhlqe9usfn2auu,889806.0,p2tr,15,1
bc1pw0dpeqm2sfdse242lu0dh9cgygrwndamqhnzd9xypagzjcujmg4qt590qy,889806.0,p2tr,14,1
bc1pw0mhys256rf6vss6h57093hrlwxxcsk24mal8qdx8pth4x6fqc3q8n7u6h,889806.0,p2tr,13,1
bc1pw0ny74yq72wxfx8t05rpya0jegtd2088fz8p7629jrnt42aer7jsxcdsn8,889806.0,p2tr,10,1
bc1pw0rrzcxz4wjy4l62rw6hmnwmf30hpzrg2lw6d0vn9crn7d49352quztx0a,889806.0,p2tr,55,1
bc1pw0uua8d6xhvzxt54yltgzmmuy6eqz9y9sw5dghrn5us57pfr89ssq3qpdd,889806.0,p2tr,17,1
bc1pw0uvxk89szfncsqt95x33armxls62878a37xu0vnumzzyk87l0cqzd4em5,889806.0,p2tr,8,1
bc1pw0ygx3rhfv5h5z383tjy9l7qdy7g9elmtmkdnpce9c6f8p93tums75xy2f,889806.0,p2tr,4,1
bc1pw24u2gququtarcj39dsnu4lulswy0xsl9gv4yf0v96y0p79v46sq00wvef,889806.0,p2tr,4,1
bc1pw2cavcrthfmd057wlx33ndv9hhvn9zvzdazusgyxus27x32sgtxs6xmrjd,889806.0,p2tr,12,1
bc1pw2n0ku0s5zm7rge4pzefz69cfamasuk89pur4ke222rur3f63snq6w23t3,889806.0,p2tr,4,1
bc1pw2rd36vqacwv5xfmtfqqsacfm3gjglgvxrsjq0ll7jmkuu3qrusq8ndwwh,889806.0,p2tr,4,1
bc1pw2rn2yd0my4ycxpcpq6yvf62cqzmed5ar23ke4wzl3r0740z70ns6u703y,889806.0,p2tr,4,1
bc1pw39ck6rp6yv07865mvp04askmnkf4z2r4h0756jzkl9j5p3wg8lq9f8smx,889806.0,p2tr,17,1
bc1pw3kgqeyx0dp5vc5tj996xl8l567j33xe3mrq0jvtepsqr2ldqa5scw64ee,889806.0,p2tr,15,1
bc1pw3pjl7lg5tnjmxncj36vesy8h79upsw024gvqejpqq93pareq85qwtnxjq,889806.0,p2tr,25,1
bc1pw3xz5cewhngpk47329dnsdaxj60y0vj5275r9hxtrds220xdnzdq30c6mn,889806.0,p2tr,31,1
bc1pw44gpx3nv4cuvn4mdl5kc6uq6jz58hr6jcda7u04r92yxk35a8tq7w0yj0,889806.0,p2tr,26,1
bc1pw45ftzucnq9337vgef3lw539ggn9tvt6numnmqt3de3t7fm9dmws68kwpg,889806.0,p2tr,11,1
bc1pw48404389kq3gmms5v4xfzk9w5x67qxcq76dm80u7u0h38p8ggqs9l34zw,889806.0,p2tr,21,1
bc1pw4c2qxrffcxecxaym95tf2ennw2vvp9596gw0qwd0dt02frfvj8q3nddcm,889806.0,p2tr,12,1
bc1pw4cktq0al4d2jrucy9samh0nm926mxjqvvxjj8mj67ujw7yqs8as8evsvg,889806.0,p2tr,14,1
bc1pw4esyz04m7rpleccszzx6czhawf8k2m8fn62xv73q7wnr8awc2fq9u7rne,889806.0,p2tr,18,1
bc1pw4g43yhnvfj8x9m74xsj5w273ymqlsnjyh3e7d46kz08eefp5zmqal7fta,889806.0,p2tr,18,1
bc1pw4gzx2007s93nhgls6zj69aryu4p8qywjyjw3l83lwgulsm62a8qf05mgt,889806.0,p2tr,12,1
bc1pw4kck08nltxl2cq9ffl9r927qwzn6r2r8jlny3v98jpmpltny9hsdnvl45,889806.0,p2tr,11,1
bc1pw4sf3hsedukh33akdn5duld2yc5jlk6s02shur8553j0a59sm3jsmwvy0l,889806.0,p2tr,15,1
bc1pw4vjdnkh5qpnrrafutsnuzvcsf5f8x2z7mcfzah0weddu633l9ws9sa7eh,889806.0,p2tr,11,1
bc1pw57el0wf5uqglaw9xdq0cdaqhat6mfa7wlpw9z0fpdn8nxm37wsq5qk79p,889806.0,p2tr,6,1
bc1pw57wx2uwmqygxea69c3jqmd2js56v0eat589du2qtzzr4jjhzlcqnsvfwh,889806.0,p2tr,27,1
bc1pw59paqfnrv8twgss3p3l5me2uh3rjafmqrmln7u4k2ay2jnt33sse59szj,889806.0,p2tr,27,1
bc1pw5a0dv26jxnfgmtjlmzc9t6d6faqa30nfp0d3eqtalpcjvjvl37s79t209,889806.0,p2tr,10,1
bc1pw5crhm7shj95j0m5gma3wcnm2k2udeul4kz5xf724a8lmqrgaxssdhpfze,889806.0,p2tr,9,1
bc1pw5knw9m2y699pcv50965m8kg56rh0jdygqfqx7e57p2q2jd7pslqrvk9c0,889806.0,p2tr,17,1
bc1pw5mj4xgm072y32avw2fez8u3rn8g9skdwnas7h0fxmj5zc3zaz5qem6c7t,889806.0,p2tr,11,1
bc1pw62cjh497dz6epz5g4hpw4v8w3phxejzjav9cdwjs05epwpg75vsl4e3qv,889806.0,p2tr,14,1
bc1pw6k43tt54uz6vauqt88sskc6z93dmeza0ul62r5rkz3ynw7lg7kqcqwrw9,889806.0,p2tr,40,1
bc1pw6ryw0vx2husuh8ycy4pl3f2dz4f45q4ld5tltndg6xleshqyvwsczepw0,889806.0,p2tr,16,1
bc1pw6ttvswgt8q9t09xs90jdallcmtzvmz53y2j2tprl47pg0h9pz8sph9y6v,889806.0,p2tr,27,1
bc1pw70n5ktdg25898c7egp8aaq3sgt49ealyapkajufqr902vxva4zs4xe5gh,889806.0,p2tr,5,1
bc1pw7h87ek0n60u3vl050g60pac8x9m3m05gwd5w7fsapqnzh4yg7kq6z0khk,889806.0,p2tr,12,1
bc1pw7nplau5dv5hk59rszr2qleleksxhfh5nruwpfku6nas35qkjd3snftqm3,889806.0,p2tr,6,1
bc1pw7rc8k08xhv6qhr98f5wulv8mckq49jtnn2kjs0fncjjjrgn0u9sah9ydl,889806.0,p2tr,19,1
bc1pw7rfdgp03tvkgpvgng2m0l457etzjgsxsxgsluddymmkhg5875eqj57er6,889806.0,p2tr,11,1
bc1pw7x4p8gmz5kzn6vaqvf7uqvf80sqflad4jmrzxt3yzn6sduav4cs97h7rx,889806.0,p2tr,4,1
bc1pw82uqvynlggfyrcm8syqcw0zu8wk3a0hvgqc8lgq2c5y27da2a9smfv0t4,889806.0,p2tr,30,1
bc1pw85ejuelu04pjpqxjttwx9eudwntfcdajk6f0m4mueeh5ta7dqrqf3mtks,889806.0,p2tr,4,1
bc1pw88gjpfuwn5lfxxzv98dyhtms8t33urp5jk55jmku0ua62jlwxfs2en6y3,889806.0,p2tr,11,1
bc1pw8qxjq6r509wn7aklmnjz20utyjkazgjpcxhxhyuur59n8pqg0nq6l7kdc,889806.0,p2tr,6,1
bc1pw93w3685xmrzxlgtzwdysumdghyaawhjxcr5nykf60kk7ak7ju2seakquq,889806.0,p2tr,17,1
bc1pw9afjmxz9z9nr0jjqjfmff3a59z9yhqlvgud3res2gt6swxymrlqsmje02,889806.0,p2tr,22,1
bc1pw9gccypuzua9p3nh6jlmu2c9nkcf7e9x93ppv6u3t3gzycxu099s37r9an,889806.0,p2tr,36,1
bc1pw9jqqdh5zcewf2d3rmensdss6ltqsr9kwd565k27st0hsc20kc3sgexhrp,889806.0,p2tr,4,1
bc1pw9ssrje9naah033aqsmr74mms2ywawucwhmcctszveqeqpdntugq05p2tu,889806.0,p2tr,4,1
bc1pw9xt0l66r84ags5lwcpy2v5c339lwcw2tctemam9ed5ydv3tjrdq0svtwm,889806.0,p2tr,10,1
bc1pwa0vfeusn44qc6vvxvd0llwu0hu65t4tyzlp3ldkl02x2y0xqurq0sxq4j,889806.0,p2tr,10,1
bc1pwacnytas27ul06fvvp55qjv88fjg85ml47fkgly6dxa8zddnxqeszdt65g,889806.0,p2tr,24,1
bc1pwahpupafqclk40uup88l2fwxx3609sehzp5mf4a8uqythj77t3eq32v558,889806.0,p2tr,10,1
bc1pwap5tgx5y8ls5vhygvak0cthxz9eyntm4kqsdzm4eswe7k2lcvws2dgzgx,889806.0,p2tr,14,1
bc1pwavupdtt4wrtmwylsyvvv38xac5ntrjjpxmcetgexv5m3xeghg8qd3xaa0,889806.0,p2tr,15,1
bc1pwaz0vn85zhscwzvv2ygaee8d765r3gz9gcgd0d56xt95zdjyct8s60yysh,889806.0,p2tr,12,1
bc1pwc33n5almx4rcvk6d65u6y0d4qrzfcz0cel5x74lnjynpgm56r2s07y034,889806.0,p2tr,25,1
bc1pwc4devp6vlnckwt6gnkjl6jsld5uyhydh2lleee4hgnyhtw2ntaqmx80tl,889806.0,p2tr,8,1
bc1pwc5fe59q3k70h5vytcd3fkw4t9rs3xfqcnlzypf634dxzypjvpmqp668m2,889806.0,p2tr,29,1
bc1pwc77l4ll36hj0py4wmcryn6myceql9kd594dayrs9nstun7txnaqc6yvf4,889806.0,p2tr,22,1
bc1pwcae0gjhr4g85gu48e4zvyy02ze5jw9tj2yrp6z6t3yyw46uqhtq8tjuge,889806.0,p2tr,25,1
bc1pwcgzj2duqkwlzees62xekjlaqcgeq0s7fdwut9cjx9pu6v4k534qaxa00u,889806.0,p2tr,55,1
bc1pwcksrk3ep0ccalzjrpkfe69l6yvzxvjms5knc2m4ar2xzh4jfmfscfcp0f,889806.0,p2tr,108,1
bc1pwcyg7s58dus6z62dqyqtpmkz7rsq22uparrs8ve7tvxksdlksnasmkcy4n,889806.0,p2tr,8,1
bc1pwd4yzn8ss7937y6z2m78es6kwfmadqusrl7fazwnc2qfdd7x9jdq8n209r,889806.0,p2tr,14,1
bc1pwd9qjhz9324jp4tqxuf3lvaurjfxvz4yk7l74z6jpfvx9dlk05yszchlgs,889806.0,p2tr,8,1
bc1pwd9qkekr8wylqqjr54fkthdg2rstpxhc6qynkhu6ngs3rldd3ggqs33z6y,889806.0,p2tr,4,1
bc1pwdd597j2xn8rkf6euddytr84rw4uzpm73jl3tvlrg8z9mlf5vz2qjr8kz5,889806.0,p2tr,13,1
bc1pwdf5m6teprd9x2j0sgw769g4hnr52qyttsug6ma0cdyqj59zzy3sqtymrh,889806.0,p2tr,10,1
bc1pwdr7lucghqcl5nkmesyvx3848r6utzjyxc32645r3gnmugw93h7sjcwjfx,889806.0,p2tr,5,1
bc1pwdw5ye0kutjk376nj05clz5q6ltwhfuw7q4gjnlnhm99sckfgvzstc5vyx,889806.0,p2tr,7,1
bc1pwe7z2gxhgq4x4k2c9kcmvqhntj65s4a4dwuajceuhd8q6a24nhfsmklqsp,889806.0,p2tr,10,1
bc1pwe8j5u5dw98y8pdq4s768u6uxxm6ahkuvwt28rqdv94w44zkm0eq7t2wqz,889806.0,p2tr,12,1
bc1pwek2v9mf9vt93s4ccavaw032tmh3u3agcm30cf2s3nndl3d3rqvq9hl6rc,889806.0,p2tr,10,1
bc1pwempnvluf48eg5nnqse5efuhxufnyxtm5y9zdygqqlcq3zk8jymqjuanch,889806.0,p2tr,10,1
bc1pweu2tuuer4c05k2gfgynzyjsxppf407wjk65nm54a0vl883u86uqemkvnj,889806.0,p2tr,9,1
bc1pwf2fe8juf3fxfxsq0nh57f3ywerc9h2ccjy4mrvg7zmcrkkxa49sxhcjyd,889806.0,p2tr,18,1
bc1pwf4jftlgy3vwkr6pzw4g5x9wcr9hcv2rj6ju2mzt5n7qpe08mdnqy4wnz8,889806.0,p2tr,9,1
bc1pwfd87lw2nq6edyc7s22mkzm2ny8y3vjnjdpkpqwwa6qaaddaak9qtapf2d,889806.0,p2tr,11,1
bc1pwfh5sw747s9tz3k0t3d2446kpfc5skj7hdxdpfpj3vnq2hdd7vqsla4qj6,889806.0,p2tr,11,1
bc1pwflcvwa5vtrgjgzmpd2kv4rqryezlt027awflnn0v3cdqxa3ms3s9nquk9,889806.0,p2tr,17,1
bc1pwfmtjtdx3d2dhgvaydqv2d9dk3zy652ja5mcumfsgy5lm8pkdxeq40tkew,889806.0,p2tr,10,1
bc1pwfpgt0rkjun8a3qgynhdwwnc2mckd3kjp8373awycpsamu90ywvqz0jh4j,889806.0,p2tr,27,1
bc1pwfsmwkf4yjn7vfclca7cgz5yfqgxhgz5su0p83x2v7qk80539fqq6p0ces,889806.0,p2tr,13,1
bc1pwfykn5mdwaas9f9zsrqh8n6j95elmpcllzxw6dj52fnr5qgsfv9qg7tyz5,889806.0,p2tr,16,1
bc1pwg3lysfas0hds6vfrmmnyml52y3epcklcxtrlyt2qvcfpp9vhjas8zr7hl,889806.0,p2tr,10,1
bc1pwg3pv548zygfzt75gyzfke6reucudnpahukhsc6dyr2s96pqgmsqdu84u8,889806.0,p2tr,23,1
bc1pwganm30d6q5xxuqefl2ty9hkhzswyktqaqq2q2jhre4ee0492haqkxlprm,889806.0,p2tr,11,1
bc1pwgpeepdu9z4y8h96gz2njw4506cyh2p9l8hk8459ec0cg78344aqtppqzw,889806.0,p2tr,14,1
bc1pwgwc2wsn37vssurhqe02sa2pffxlqzvn7pmuqspv8ppl26kc3mfqv5hk0g,889806.0,p2tr,9,1
bc1pwgydl65lrjfnsk756z3g47hfnksttcknlxswacn7etrxp9rphkpqzm92y7,889806.0,p2tr,9,1
bc1pwh0rl8pwc4qjpy0rzw4akpw738sdhm52j2zrglgxzlcuclqyu8fqgfm82x,889806.0,p2tr,10,1
bc1pwhatq9r29f8p3hshfw6zwxtcfxewxw0u4hna46nkllg425e7cylqsyn39n,889806.0,p2tr,5,1
bc1pwhhj5j7uzgy5cmfy6n2dj07g2u3jzsqmy5wxjywfvvydwsv7aqpqddveay,889806.0,p2tr,22,1
bc1pwhlhq83u7vm8a4f7da4dg2afvjm70q9cgvdwkz59ck9mxdcrfdjsmkzenh,889806.0,p2tr,7,1
bc1pwj5qgrpe6nmydlvw66nku9hse4uy2536d2639s6z6pyqy8jgs03srxxgfc,889806.0,p2tr,22,1
bc1pwjcg4gl8chazle5h7pdm6urkhphgun2jzfy0hr977543wnhdxyrqczph2f,889806.0,p2tr,11,1
bc1pwjnkfs9twdv8x3wk5uxa6qs6f9thkekqs2cksnsmzmrg262t0jqqpvf4gc,889806.0,p2tr,13,1
bc1pwjttfdanuu0ly7j3l5awck4pq5482dl8upp32ztlf4ren4unx6vqmazhr6,889806.0,p2tr,39,1
bc1pwjuszlrp0tscks94fnuvj5yyqw6kpr9kglztec2ax3kegwa8q00q2fwmzk,889806.0,p2tr,12,1
bc1pwk0qtv8k85v36cqjk2aggznm9xac0kzss3lkd4g8dp0gjz94c49sjrhger,889806.0,p2tr,13,1
bc1pwk5dh78nrk3zk0m7ys7svm35ss9tp2h6c8t28hgmc2k94259g5wq37mwgu,889806.0,p2tr,13,1
bc1pwk9jglrcdlv8qkuw004c5e453tyjl8g8mqet38ma8r96xxputvrsaz7vvs,889806.0,p2tr,10,1
bc1pwkld33lrs8gmhpyhfkce236kd8xsmmechrjq560adrp2ad0k8w2s70xdrj,889806.0,p2tr,39,1
bc1pwkt45epv7k9hu9h7mpgyv39hwek5u4a38gjulkgzukaa7kkp8xxqdg4n80,889806.0,p2tr,5,1
bc1pwkz3syjxq5rvgx40w588pp0kv03qq773nhw9z88zlh5cfxj8njtqv3489h,889806.0,p2tr,11,1
bc1pwl88zfes5mt9dqpuk5743kndw7e2p0xkexvtu9f0y56apfh82v0qap7l9j,889806.0,p2tr,132,1
bc1pwm00jt4zcmel9mvhsal70nhdvrn4sfnmfy7xnl6wmgvuquefj4eqmw50kp,889806.0,p2tr,9,1
bc1pwm24zuk8aszmh5rw6g9qrvt855umfrg0gtcqesgwxh4az8nc5g4skgrca2,889806.0,p2tr,13,1
bc1pwm4hgtegnrj80c7d3m26rq8tz0ugypqkvm4yz5fkudj8cz9qracs6hvppj,889806.0,p2tr,6,1
bc1pwmdu08kqsw83y48c5czdtyc8wlekdy70dsdp53ff2ajzqvxy26ysh25l0n,889806.0,p2tr,25,1
bc1pwmemn7zwuxpnc52sm4pn4wxrrre6np5u8unhjysvjvmf3grhgr9sauh3d3,889806.0,p2tr,14,1
bc1pwmspqhrxtjsfeldhu6rdgcyxu9ttgudg8l8q9s6dw29m50u2qtrs3f0d35,889806.0,p2tr,20,1
bc1pwmxvllctwmdh6g7pg9y5a7052qelu20vgw0v2rkw4urj2l2gq04s5k8jge,889806.0,p2tr,9,1
bc1pwmzhvsu6cu72q96yhrn56tvjjprlara46l2d872hxpt673hpnadq0wd79j,889806.0,p2tr,21,1
bc1pwndy7gjnxln5y586cvxpwexwwdqt6rta3rp0t8js7gwpf53ddmfqrtd3wh,889806.0,p2tr,6,1
bc1pwnrmkc68cv0fj3epsr7n6n5r973zdgs8j6zqy6v5ma7ym9dgnsus8vu338,889806.0,p2tr,15,1
bc1pwnshh22lsn744z8aneg75qcl5wsas8rzry5ads6dg3uh46n5e4xsan6y8t,889806.0,p2tr,12,1
bc1pwp68zttaw0r3hfdmt8nmfn90juh97jcz72j3t2q4e37srjr8fd5sv6paqy,889806.0,p2tr,16,1
bc1pwpcv9d2a835gqd32xgyh4jf22x4pcq7mrye0sgqdhqm0lkxxgx6qv4enpl,889806.0,p2tr,14,1
bc1pwpl2vz6aud5auvl96cxpms3khcvs25wgkyelehvwdkx4zs44j7fqpvgzhr,889806.0,p2tr,10,1
bc1pwq7uujptll5kfdl76gfw68a9302vnddlu7vvfnrj7vvhwmepy69q4e7535,889806.0,p2tr,16,1
bc1pwqps2mqx96g22wpuf5z8ek5whtpf7vwfke5s507pwpjx3hr7v72qfm7se6,889806.0,p2tr,28,1
bc1pwqspx5gwa4h2xnp2hy6wnt9tkz7tsr34z22c4rn6nwcqekfy9v7svpp7ka,889806.0,p2tr,6,1
bc1pwqz2z5mku3zn2uqqcskqlx6ft9wck6vtu2d60gmfghvtt398zxnspxumd3,889806.0,p2tr,69,1
bc1pwr0alfx3auyzaerdydzcxahj5sszh54gs25fmkp33tr4cgft8q8qkvgskr,889806.0,p2tr,14,1
bc1pwr2e9nfwentjf5lp8z3v44l5ejrswhyaank0auapeyh5ugvr3rxsymw0xa,889806.0,p2tr,9,1
bc1pwrpsggtdcdsv5fnuzmhu84vs0nxt0lv4h6cm6ga88572xetezhdqpzn5z7,889806.0,p2tr,6,1
bc1pwrsy2p8q3n8e7284wavguf2w7ec2dv7ydz5se6k9jupfwcf9lwasm7rlwr,889806.0,p2tr,24,1
bc1pwrzkmaf4wpyhaq2k4thc9tqya89xhsx29pmfevux4val090zc8ds96jrec,889806.0,p2tr,10,1
bc1p7srdhk8s30dzpjj82q2gpam6yff4jetzcw3hfey2dmp2z8ju3xuq3qwww4,889806.0,p2tr,10,1
bc1p7svka5vahx7p7xtp96fr0d3nr7t0927nnqgq5e46t4he2x5rp4as8rf6dx,889806.0,p2tr,11,1
bc1p7t09qf9xkk669s89wmkyddc3jetkmy7uu2g8kz9xk5ge860t24vq4x5dmh,889806.0,p2tr,4,1
bc1p7t4y54c7mdl24m7mutv3nghhyhhr9j5jt7jcwwqtgaadc0ta5wqs6s6jq0,889806.0,p2tr,12,1
bc1p7te7h4kfyj7gllkt44ax2v5j8qdal78ynl6zrczhd8dl67nxltfqgkvcmj,889806.0,p2tr,8,1
bc1p7tqwjmxy7k99z8gyng5da20vdhnxrpwfwasu38cq4yeuy94dpzcsnggg3s,889806.0,p2tr,8,1
bc1p7tx63m2qyp0ueszt7tfdzd2etejczn2wwzkcgefysj588wd8z7yq0c2wff,889806.0,p2tr,8,1
bc1p7tzde54udayz68y39t6ltwm4jafgd37cmsy2vp6svnl75jv5gg7s49rccn,889806.0,p2tr,8,1
bc1p7u4mcznmctys5xeyqsh34zrk70dm56uqq96lg6dl6m2extkddn2q7ahm5s,889806.0,p2tr,8,1
bc1p7uev9k7tfgr7trze09ph5l3r2uxdv0ey2vm3qqyffmphwcfr9lxq9cqama,889806.0,p2tr,5,1
bc1p7uqkffmdacvzd6qas0kfc7repanw7rw5fpfuv0z2t83a6rt32lks4gvff7,889806.0,p2tr,4,1
bc1p7ur8aw4ncfhge553vh9rq45x6l8e9qcde8rt476xfhqhzsz0e2ysxss5ar,889806.0,p2tr,19,1
bc1p7uufwssv2hv7egh9rt0wvwsnfudxnd8vdqjhq77xqswkwgrjlfmq09hjcr,889806.0,p2tr,19,1
bc1p7v0934z9w6jtlfnc9lgd9k9fq9zlpu03pw6kwrazhdu94086hegsn40ljx,889806.0,p2tr,15,1
bc1p7v9gf3f653ekk5hp0x9gtrxln6ymd5n9l8443crn3tndx5tflmes3mxxdd,889806.0,p2tr,4,1
bc1p7vdcx6rjcfl0leydagze39rmzwltv0e6u6stxczjtzjh4vc2xsvsxszq4h,889806.0,p2tr,33,1
bc1p7vnhg67dsd60s207hdanhx272z0ec29c0kj69drhg22emfe0zsaqc8zvps,889806.0,p2tr,9,1
bc1p7vsj8au8qrlv5ur7fra2pfvhkdgwn8wfl6q34sl06sy8mtrm99jst9lcne,889806.0,p2tr,9,1
bc1p7vx4cgpg8txt3w62pwcluh92a8y3fgkr3fwrxqr28gd28dy2cfgq70zwct,889806.0,p2tr,10,1
bc1p7vy7ve2mghg5w5fxqr7g92e53wth67sk0nl7ws54x7lcr44mr3equgzrd4,889806.0,p2tr,9,1
bc1p7vzd5q06ghqeczs92rg4nnad9v7vfujmwvzq7fpslmwuvyj9szpq5cthrp,889806.0,p2tr,5,1
bc1p7w2ncf645p98nkrs37yw5874glc0wkeuaqtvvf6tdd0mtupc0pmsn6nw6p,889806.0,p2tr,9,1
bc1p7w4ezjt6qwh63qu9jvka7w5fzl2034p3ufyxmqe0vv3ge0uvze7qmjjnea,889806.0,p2tr,4,1
bc1p7w5lfajnk6nx578qs04feuzsfnj7qf5jfk6jqt8mqjdxtwtmh5gswcre0z,889806.0,p2tr,14,1
bc1p7w9a7qgdkw8kxxr64y2uktsq5260a3qdussyl044ysemwwcfd7mqyk2j5c,889806.0,p2tr,15,1
bc1p7wnckad0c7xc6p8mgzwkl8v6g862mkyqfuek308yg3d5g9rqgzlsdfnel0,889806.0,p2tr,8,1
bc1p7wr89z8rchej0wj7rvsj62aye276q896yrh9ndvf7ya6vtkwry6qewcx2r,889806.0,p2tr,8,1
bc1p7wtqvdxl97t49q73qkt2qpl665x7e4hugxnv0m2ylz5lw43d9emsk35ttt,889806.0,p2tr,9,1
bc1p7wtxdkyykmvetlms33pt33ezjj9t2m5ekrf4pngha37aa8t68etqr5x4k4,889806.0,p2tr,14,1
bc1p7wzksgk6mkz6222sny5tas8eatqxfu7tvssvap6j2ytxan300npsqeam9v,889806.0,p2tr,14,1
bc1p7x4gtm5xh7hhal5ptlxuyax4d8lyk8w7u80kusgfkryejhj8czdsezza5n,889806.0,p2tr,3,1
bc1p7xtjtjzxum9fvz9n647rh2nxel2cqdzx9st5p07ajx8d55s5gmasqxf2nq,889806.0,p2tr,23,1
bc1p7xxnan0pk59z2l6mp450evz89w79e9xyxmcc5xsaql5q8lf2j3eqfk4ga5,889806.0,p2tr,29,1
bc1p7y2045yl5vxk9lf9sdqyfln4dwhadgr864h8dmcwzqr6r538eekqpx59pp,889806.0,p2tr,10,1
bc1p7ywy8v9l5da6kptxrnkqr44s4usgy0ccjn6devqjyezkzqcp6hssyqyx03,889806.0,p2tr,10,1
bc1p7yzermyw8p7lzhwv5lh4ag40kpfrgedneuje8mz22kamsffgslwsmf6wsp,889806.0,p2tr,15,1
bc1p7z04etmc7qpg279j6cmjlr5ajmj0xfy8d2vqf8ft26anfc0w3jpqrt6al2,889806.0,p2tr,9,1
bc1p7zcsqhgzqw6hs3r6ygr8l3m2rx3uy8qecp9k8rqcw9r475fprmyqa432jq,889806.0,p2tr,19,1
bc1p7zgpsp7k07m3lf2chnrvu04wgv8xkknvl3k8vr6z89fz8gend3lsaxwsw6,889806.0,p2tr,65,1
bc1p7zq2drxhq85tdh35fapgpe4qhxt4cpgu9d0ya375ym2zc355hg7surc6jj,889806.0,p2tr,26,1
bc1p7zxh8r2hu0xj9euvrmy73knk0sxyjpvh3xxtgt2hv477tmn0af5s30fm9n,889806.0,p2tr,91,1
bc1p7zyvyl5calvql202vjrne5m6vzd3acyv2jkxglpchaq6qkqsdgfqmaugph,889806.0,p2tr,19,1
bc1p806wkevvdkglaqqhweh52udnggpdp9uuw2mxlmkk0tr3900rks5q28azhg,889806.0,p2tr,19,1
bc1p808djxkn5j9hj2cf9c6cm6nssecwfdzds2e3kpa0tatwmg92p32qe8mz40,889806.0,p2tr,5,1
bc1p80c050e382mxd68h4ylvdcu36cgxhm8tk34k0zpvm9z8rjq5ys2qwaql7t,889806.0,p2tr,12,1
bc1p80cvpruu6exhnhpq7g0art4u78s7pwyq2h38wjhf3yc84q9hg57scurevw,889806.0,p2tr,9,1
bc1p80ecghw6rz8rhe9sjjm2he74yf0d37pxftgde9ns5v4acq9nc4lqq6m8je,889806.0,p2tr,4,1
bc1p80n8scy6tl9s5x0feng8vc53rqkxkdxq4ynj02wvgxazqcat86zsh49fq4,889806.0,p2tr,13,1
bc1p80yhnmg2e6awh7fq3knayntznmm5sph7j6jhqlmjn4jvnnlxlvwq5q5hyl,889806.0,p2tr,24,1
bc1p80z77j72npadn33zy74hgp9s820dtwtc53k7f44m4fln25afyqzsrywr52,889806.0,p2tr,12,1
bc1p8239j4me8twr7qgw42xzxfnhrjx0kwa2ld9zm6suhaz2sc84pf7qatwm7z,889806.0,p2tr,20,1
bc1p8262d4z0t8lltsrkvmgt88rp39pzlvr8cpml6uc8ua4e2g68sv8sxhs0wc,889806.0,p2tr,9,1
bc1p82azsykxj9zv6xtxv7sgtja8sz54vll8hqy0naxl7grjn7cax4qs8t7ae4,889806.0,p2tr,11,1
bc1p82vud387nck0cz36q7hrh4he6mzmg5qucx8nh6w93kl7ecd4aqssqn4223,889806.0,p2tr,11,1
bc1p833uzearmtlfvw0xpnmkq2gj0wywfyvjhyv269gv3acmlkchc5ysvw86uc,889806.0,p2tr,4,1
bc1p839a8r5mwz9gfkfjnej2r9rvmfcgt3vpttwlksgd6agzpwgvxxwqd93wg3,889806.0,p2tr,8,1
bc1p83k7306x2lqlm3erq08cayt78vwldtl9d9mfycgxxwr0hsu075dquc7njw,889806.0,p2tr,25,1
bc1p83tkkyu6ly94zxfp79g7mvfmh9723qn7mfytygckf5zen24uzt0sqvvw3q,889806.0,p2tr,13,1
bc1p844knxlmzqylk0t85tx6a3779pswd2fgu386nzhp22csvczsec8sl4lhx5,889806.0,p2tr,31,1
bc1p84eyqvek0pc4w48rxruzlm79d0gc5d385c0wp3eg6vjt2vmk7s5q76650e,889806.0,p2tr,36,1
bc1p84gxth4ufnfzsjhzlj7fhg0l3lmt44ygp3n23s9yaq6qevz7t3jqrvqvj3,889806.0,p2tr,21,1
bc1p84sdmekn4lqu92ndw7wuhsvdaj9wqykzkxh93wnwckf3harjmhtqhfgfd7,889806.0,p2tr,16,1
bc1p84z5hz9xpcsp6gm3uk0sdmr6dn0e0hmtdhm9ts9hzxtk02nw4q6sqwt3ec,889806.0,p2tr,14,1
bc1p84zmvjr007yys7q84tfx9n4grlxdvhuyt8qtzmg2054t7umrmegqeg9ncx,889806.0,p2tr,8,1
bc1p852rshdcrfh3smkr372ky8wqauuv753n9zl7zt2wku30jcnvp37smsshv7,889806.0,p2tr,15,1
bc1p857zhth55ae9f0udg7dmacewla63w6wnhv4xshd3mq6feqtzhv0sucxdz8,889806.0,p2tr,11,1
bc1p85d58wu34p94wvpjftqvhvjuhlzes4ewu02vk6cwq3g90s5k7xrsczxe6w,889806.0,p2tr,9,1
bc1p85d6svazthhv0m233pxvtnryu7wup0d6rry906a7mralz6r308xsupudav,889806.0,p2tr,12,1
bc1p85gc5acdu595d6wjy6k683gyxys8jj5tu72me49du53yl8dma9cqnzmc4c,889806.0,p2tr,12,1
bc1p86092njlp8gf56jy3llwa67f7cq092zrc8lsjrxzy9zt2hkaq5qqu83yjv,889806.0,p2tr,8,1
bc1p8662jfgf4q4jdh69sln0hhkxay9r8z3v6cfa642zxm7qhcv9tk7suzqjzr,889806.0,p2tr,10,1
bc1p86mkymdfawrks2nvyee45u9dv3p3dnzh6a48c7dt8neqccmcejfqny6k9q,889806.0,p2tr,12,1
bc1p86r7fsnykmhhtmd30ql3lv7d4tkl492kzr40a62m3dwchjqx84nsq6uweu,889806.0,p2tr,10,1
bc1p86szg3rfhf4stnyrwlufnja5d00s0h72hnekgvf4gppvxs6x55vqddse8v,889806.0,p2tr,39,1
bc1p87272wl2njp2kzregnjs03cjjkhzee5zcy2fptcthysfleuw35vqqmrtje,889806.0,p2tr,7,1
bc1p874c9hs0sn0wdnzelj9p89qh6rusykt6c2l8s8alenjalyrmx6tq7c9qey,889806.0,p2tr,18,1
bc1p8762thsp5t4u86az4mzef4mvm3wa5utxm2pd36tcp4v2gmgc6jnqq8ts3m,889806.0,p2tr,8,1
bc1p87hkuwxpkq2eg0g7y6hwr2lg89swyq7fuqhy9zw38spz2gqpruusvdsgul,889806.0,p2tr,11,1
bc1p87rfcy43285w8axs4x9sdghf9phfvktpv4x8m0pw05qmdjqkqwrsgujevj,889806.0,p2tr,5,1
bc1p88nruy7sajl2wqshmgj8r09mxtvvlejzqluvj2m9acua8q397cysjrmc00,889806.0,p2tr,4,1
bc1p88sz34hpspen0sh4zze8xlxlxfs6dxpqxekyz7szq3055dynjkesfs3hhf,889806.0,p2tr,26,1
bc1p88ymfeyevr4fygjxwqwsclcdm8rgu6zdpzut5647hzyppjvtpdusr9v0yd,889806.0,p2tr,24,1
bc1p892wr58lzapf2yq7z250lngkksfff7h8mxnxfmmcp6gf5y90hz7scy0rfa,889806.0,p2tr,8,1
bc1p893g3m4deu6w2k2esxvjnpe4aehnygtfdw7a5z0yrl39v6xtqhtqtluxss,889806.0,p2tr,12,1
bc1p89eym0rxstw3fn5hzmcpaauzdc3pjyd5wxm47qy35gdq4jexs7lq6ntaz3,889806.0,p2tr,13,1
bc1p89kz4fm97kl6re0sy43f3z94w50vak3465kdc8nryt0xe2qsahuq04hq3c,889806.0,p2tr,15,1
bc1p89szn2kpkswhz9dl7qv0jy8gqtphfreh5rljk5ndpdzssanpt7vsykzf20,889806.0,p2tr,15,1
bc1p89waygrkzxgedkv3qx7xtv4jhp4tyey5ma8q8yhdeyqtj73f6c0ql8gp6m,889806.0,p2tr,9,1
bc1p89znae46hwtsgwdu2xs75p0vepjrqq68zy2etrt4ux5dx6dfmuvssf29gr,889806.0,p2tr,13,1
bc1p8a5mldef9feqex2nc8aqv57hzd7fewv3x3tya2smv0zym6jl52nqxf0ter,889806.0,p2tr,5,1
bc1p8a6s49rnmyq0pdfwtu5l4gag5rpyemume3etzn48khj8qwft2ppqelk3r5,889806.0,p2tr,9,1
bc1p8aavtursdcy0pndj39jt7rx3td3mcct8s9xuc97337f0ap8yhm8qsctgkf,889806.0,p2tr,10,1
bc1p8afag7e5j9wqt9xz9tpnjalws6875ajwm4fs37ufcmtp3z0fvrlq8l85gx,889806.0,p2tr,22,1
bc1p8afm9y9p0gvyuk9x03tm3qgaft2vlxkf3cavd7m35j2pn43cem0q5pcccg,889806.0,p2tr,149,1
bc1p8agnl2ztfpg7cuu4tggeayfd7rjfq39m3hlut8v3xd4vxl2jj5asgdu7an,889806.0,p2tr,23,1
bc1p8avykc94rxtv7wsgptmj594dxtzrndm7z9zhwunard6g4rgretwsn6draf,889806.0,p2tr,13,1
bc1p8aw9rmspk33w79pq03m7n97d5tc259ypfpq70047t8vct2kyv8as7ketm9,889806.0,p2tr,14,1
bc1p8c5xdf46762ujgm5pjq7v6slq3yde4j6xunnzt2m0q5nw3p20kysa0vtyy,889806.0,p2tr,10,1
bc1p8ccqdyl3r269fmwr590yuxdzckxezgjjt939q40zu8fs2tzt4a5qx7aeks,889806.0,p2tr,11,1
bc1p8chsqwyk8vyzpk78s68jhc0sqdkr792zxy0kcvtfvxyy2hrt6knsnkujlf,889806.0,p2tr,63,1
bc1p8cr80j20zmy3czyu9vql0w8x34q5z0se92t2khtn5a4e6ksc5nkqpsrqum,889806.0,p2tr,31,1
bc1p8cukjcedap0gnvkq2wgkxnuv92nphd6ct84vfy5hfuchl0hc574q29xk7u,889806.0,p2tr,11,1
bc1p8cul3l3gt64gfd3ptp2sza9efuu5warjxc5ptdc2df7y0vtk4gzqr7jtv7,889806.0,p2tr,11,1
bc1p8cvv9dstwvqnuvmd0qfr6v0lzx3q8q58a2n3c2rr26ht8a4n9mnqx87rdf,889806.0,p2tr,6,1
bc1p8d83ntp892l7vskf5kmq7l7w0w6jm5xn3fpd950qya37m74gkwyqu2efpj,889806.0,p2tr,19,1
bc1p8daj4mmga88tyypgw3r6nuvnr45tu2sv90dy07vn6e8w28juzq7sdcz939,889806.0,p2tr,12,1
bc1p8dat90cgrxghhynax7meytx8mxjesw54jx62dwcq6wey9ffh22mqe5845j,889806.0,p2tr,10,1
bc1p8ddykr4j8jvmyf5vjy3q6az2uvts699ny7eaf8hqa4hzrcyua9hqddrqzw,889806.0,p2tr,22,1
bc1p8dm2pqppxcz4txzn3zvek3c52f9434npnvdulpl3nj58r722ud5q8awvzs,889806.0,p2tr,12,1
bc1p8e3say3539lr05mkrst3ngyfffz38fzh6kclams8gsy3nvv5j8nqsusdlf,889806.0,p2tr,107,1
bc1p8e49s7gsgcpv4dg2twhqyxd7n7p49r23nt64tfqwjl4hymamsrhsdx3sfj,889806.0,p2tr,15,1
bc1p8e63xnz3e66smy2kuh8sla842eefvm69w70gxc9h3x35s8sjhyusac8hp5,889806.0,p2tr,9,1
bc1p8e6p6jt0t9qqz4zwd5xnlen5h90cf30muu65ahje6rvha9eqxlqsl8n8ed,889806.0,p2tr,5,1
bc1p8e8tsts6rpyfngjua9ujk8dyaxu7369nr8uzkhjh4yhfu3mx57eqa3av6t,889806.0,p2tr,129,1
bc1p8egt7aqpx3wpagrju9ynkgqtyq570w62vq63a4mxpp8gkp382ukswxa4nv,889806.0,p2tr,10,1
bc1p8elj60vc69v9lmvx4hn5am08dk0frccr63nk7tzxzn0tr50sdgsq7neml4,889806.0,p2tr,13,1
bc1p8emh3lhstyrewc7yg4dgy84m3fa0rwj4t9nvt8suyum5xg4g3swsk9ma30,889806.0,p2tr,22,1
bc1p8er3g9c2jfjacvvdm9cuxd9qswnvr3qnc0vd86y3ckhpgzf23n8qr4jezs,889806.0,p2tr,24,1
bc1p8exv5ysm7uxq2yl5ugeqrwvh985nsye5y0vsh0drcdgvak0zka4s5z0vwf,889806.0,p2tr,74,1
bc1p8f0vvsxcd0v7lp47nskzcmf43nj62jvyhpder8ptpy0sxs63v49sd0gg57,889806.0,p2tr,8,1
bc1p8f2xfkakjv4h2hn50dzagylm672330rkk6yncv4kf4d42tsqs8kqts32s4,889806.0,p2tr,9,1
bc1p8f9e5hgwzsyw524564rjsjgkyz8lkxxwarljc0uk8j2huaxqrhzqtqr9h4,889806.0,p2tr,14,1
bc1p8f9raql2pdhqjxc5z5jh7wk9c6r3m3yynrcqjv0lgz34h0fd0mxsdy44yc,889806.0,p2tr,11,1
bc1p8fak3j934vchwwg35f87yw59d858ld5lv2rsxd3jmzx2cwphx0ssnwzfty,889806.0,p2tr,9,1
bc1p8fj9lmwe6puchpnp0ld6zshef6qeuvvmsxkrjngknmw3f9eyc3js3njx6e,889806.0,p2tr,16,1
bc1p8fkf0xyral0aummu4wrjse4uln0f5y8eyln97f6ghaau9273stnq2a8j0u,889806.0,p2tr,13,1
bc1p8g02uut0ksw9hfazut2wdjq7hcqhw2azpsl9k4dscva59de72kpsy05jpn,889806.0,p2tr,9,1
bc1p8gf0q04s38z9m4c8x435ftqf3u5x5rz4877fdf878lq43tru3q5qcnz30v,889806.0,p2tr,9,1
bc1p8gv92pkh0dyw8hp8hrn8ugtyx60e5d38z8gt26mfuqk32dtcxh0q47xqae,889806.0,p2tr,15,1
bc1p8gxyup96mqtmjagcqu6fngp5wat7xxtgrvauj8lxdaafc57uck6qm0xhuy,889806.0,p2tr,12,1
bc1p8hggvr3sarvhwnal28a9zwps8djucnaezdfjqrqj5c3dpe8977rqtxg0tu,889806.0,p2tr,28,1
bc1p8hjln2fld7d43rm8w4eg5rtm4dg4mz7u7gjdaqcf9xu0c0eqzgrsdyx7ul,889806.0,p2tr,4,1
bc1p8hp8aunc3fxhnvlmyv288fq8zfs2qretjd0ft37c25kl2qjp0qsqcfnf0n,889806.0,p2tr,47,1
bc1p8hqmwh0w0leq0vl5uhztgleduclalmh23vu9c5gs6x03vd28dz4qlncspq,889806.0,p2tr,5,1
bc1p8ht3tvwl2qjafa30vwxlavf9syek8rx5a6gnme7xanxxug8k7enq0nqccl,889806.0,p2tr,24,1
bc1p8j3ars6lyq384mw30r9cr7zdxh73dn2yjgwqtx7arvkernpw5a0q6ymns0,889806.0,p2tr,12,1
bc1p8j3lt7s4d3fd7en6qqfkq26sf2huqqzc52w5er4hfdwvwvlsdpdssvxcg9,889806.0,p2tr,13,1
bc1p8jers8995hszm27xwnm3ghsya4fj7vax4rnl0h6xs9umsxy95rzq9y629v,889806.0,p2tr,9,1
bc1p8jwj3ge0vax4uxnnh0qmqm8gsp5tf2lgqh542eq6u9dc6qjm57hqz6jahs,889806.0,p2tr,8,1
bc1p8jxkkn0stfsncsq98f9qa6trswlqc8sn2zr3sqwkpdld449ppw5svh4g3h,889806.0,p2tr,12,1
bc1p8jxyekppjx4qh3ktuhartk4nghstm2c560m09hrszptf6jgfdp2stz036z,889806.0,p2tr,24,1
bc1p8kx2xu4ewa2m5eg3kcwwc5l89p49g98c2vsntpr7dzc3a6lx8ycs3updkf,889806.0,p2tr,23,1
bc1p8l2ms2s6prhjmw2s437f2dudqs9mckjphp4wnj7rrkzz9se6dhqq32p6jq,889806.0,p2tr,9,1
bc1p8lj2vqppfwmcvgwestazm8xtjnl4d5xg6hmk5u4ae2ream39jzzqc0z356,889806.0,p2tr,9,1
bc1p8lnd8w89ne0a6qknw4m9gkdvht43gjcvun8nhn9adzll6enr633s3v0y4j,889806.0,p2tr,11,1
bc1p8lrt0nhsjya636grlarl65ct4vuj5qwng9e73a3zx5szxjdfst3s56097d,889806.0,p2tr,9,1
bc1p8lsvs9jgk733t6w7vph2upf7k86r252taexaqwvs7rqyj70e0tpst3edhg,889806.0,p2tr,16,1
bc1p8lv88wjmpf23gvk2mry9xhr042frkk6al427vls4ueex7c0fm5xs8afdyk,889806.0,p2tr,15,1
bc1p8lvmmqf3ljy0yqe2myj550u7ephelur6jvc3pp8aman9n4p6jmmq07pvqn,889806.0,p2tr,19,1
bc1p8m5esh8zgvqvmm60ashe6a6rdm7ac0gndkd8mm7atrs3tpla5vdqpq0evg,889806.0,p2tr,15,1
bc1p8m683fu33uzp4gr4rvfjw6t7r46at9ejumwc09g6mmjyk53hygys8xmvre,889806.0,p2tr,23,1
bc1p8m6cdycphpedynjve5sv6jflpjrrptrzzafdcgmmprksln37gvjsc90jjp,889806.0,p2tr,13,1
bc1p8m6lulv0d6el788cuzn4z0zdz4j7n32c50fvmh64n7h7p5zkhvns0qt8wf,889806.0,p2tr,8,1
bc1p8n027ygj4yrvhdgghsr7cp7l6sfnahqnr8ck2wr6uf6wr48uahdqawsz2e,889806.0,p2tr,10,1
bc1p8n0uxzcp530aamlggzwpvfjydy8nzjhwayk2h3s5mwpc5l3r58dsaqaxv7,889806.0,p2tr,17,1
bc1p8n8euxejqzmg3l23n3yyhd7lwkd4m3qrmxgqf249edu8ewp4wp3qeahqgx,889806.0,p2tr,4,1
bc1p8needqrcm4a6z2apst5pxe4rzayffwm9ykf7zp4atcgfd6f52l2q8pgur7,889806.0,p2tr,12,1
bc1p8nj02f4c0k5nfnu2ws4960e5nd34mm8fmhx700te4qzcejvz23ks9hzpvc,889806.0,p2tr,11,1
bc1p8nmfjqdtf5rsewuqa92zex865y3lmjc3gxn4v5gp0e0jq369p44quttv6e,889806.0,p2tr,12,1
bc1p8nphfmxjt6t3we76n44e7cvj3uxv9cx9dymhsv5e43vkdyj4cgps6pygg9,889806.0,p2tr,12,1
bc1p8nrgksy3uy42k2q3k5fge5qhn08l6u4akm0ceaap98t696wl9naqkzahuq,889806.0,p2tr,15,1
bc1p8nzqm6pkjkcpwdnzwt4ukdructtf09pv7nj6n6g873pfhd6jfu0sca7p0j,889806.0,p2tr,16,1
bc1p8p0aetjp9gszq70jfdtxcf2fvyj6ydxl3pcn2k5y7catvd04r6wsuxgdkl,889806.0,p2tr,14,1
bc1p8p86fn7apjzpx7ml4cey4gvzrs9dx5e77fxyd4aqjn9mae8eq7mq99uu3g,889806.0,p2tr,10,1
bc1p8pk4s09935u4k902p428rt4sae3xetfj6gjucj9f4kcgf873ze5qnd3wr3,889806.0,p2tr,10,1
bc1p8pvdhkn8nmard3wergxpy4vexg6ts60a3955d5964klyfyzmn3gsv7wdzv,889806.0,p2tr,11,1
bc1p8qswqhcdz4yg8httv3g4awwzjm0lu2auyyjrmeg7h7e6w4j29znqxnhdf2,889806.0,p2tr,5,1
bc1p8r2curmj8s0c4f6fz3kkaxfmx78u9l9ggk33wc0ym7zhc4h4cd4smplz0j,889806.0,p2tr,4,1
bc1p8r537sgqyh85mvarnpkva6cl924w7zgu76jnyzprkauvr6ym2yusgkjutm,889806.0,p2tr,15,1
bc1p8rnf28gy22tdjuknwezeu8w6dshw3k7srywfsghvarqsa38cvc9sx85el8,889806.0,p2tr,19,1
bc1p8rzjeaqm94k5f8jy4qjqanymc9sk22jt520e9ls02q86j3n0creqcfrlzt,889806.0,p2tr,11,1
bc1p8s60ywakjeqmjw6kekr5l7gxw4nl0adqqj8c4zkfc7vl6c6tjl3scxdqnx,889806.0,p2tr,7,1
bc1p8sdgtqdw25vuv4gdh0fnstat20n58k0mqyp50excvwrv8xq6jckqxsyeyu,889806.0,p2tr,6,1
bc1p8sg7gna0ex7swq3vdrx54yxhsdc4muu3qg45z76e7v409z28yy3sc3uwzx,889806.0,p2tr,17,1
bc1p8t5dywvlhefxfy8twlptkw4fg7u6p5yk8veuxxle434ydarzsalshlyspt,889806.0,p2tr,15,1
bc1p8t6zappfjd4l83fgnvg88476u3zsra7le5c99c27y88kv5qnf5xsfk8mwj,889806.0,p2tr,16,1
bc1p8tavpqy3mxjuyfzslxsp6yngz6wxqmk5fvlxsnx4wud5kw4jz0mq0pftmx,889806.0,p2tr,5,1
bc1p8tg3jqe988mft54dhw6spw9nhuycefgm3pdwdf3w29xwenq493ws7nwzdq,889806.0,p2tr,14,1
bc1p8tl0mw6p9w3s7jlsv44nsegp4vax0skvj4ypwua8gdukkjp2zsksc3520t,889806.0,p2tr,8,1
bc1p8tyafmhl9dgfpmm5rtgjs8kd4th9cf3q2ma7xf9hygdtzq29tkcs5pp8vc,889806.0,p2tr,8,1
bc1p8uatl668x8flcx6xzdm35jx37r0024nnfx7exj88h8znumywy94q8yg4nr,889806.0,p2tr,259,1
bc1p8uaxx3vvz593auzfdq0xe2ra26auqleq2c5wc0e07wmtpxuwshush46qgx,889806.0,p2tr,9,1
bc1p8v84auyu5zqusdgqj9srrn8kdk6ss3kjdjzll0lrlqudk047e0lquqwxn2,889806.0,p2tr,23,1
bc1p8vdtr2f9zakzyxu43pdlutd56leaekmvn46yf2uf5gv28k06f74sggtfp2,889806.0,p2tr,7,1
bc1p8w2wdwqcrqe6ftcsmwedt4jhdh0a8me2jestmhs279t6905ksmcsg66r8d,889806.0,p2tr,11,1
bc1p8w78z0scz48g4nm2q3rv84kcsxkpyhzdccze4x75g024tjc0empsn6ex5u,889806.0,p2tr,12,1
bc1p8wtp7psyt5qyg7p0etjfeng9gelww3ztggh2nfruyge058jvguzq7z48qg,889806.0,p2tr,9,1
bc1p8wwtkumen3yj3xqvye4qjdkjglwjl3rps5ey78sl3ffc8tdcd3ds5dvzyj,889806.0,p2tr,12,1
bc1p8y2clhfvqfmp3fxllyd8cfjdstcasudnyj7597ar8rtf9w0xsekqq5g0c3,889806.0,p2tr,9,1
bc1p8y3tr5yelskqtse0lm8nprcnkllzfadshxzryw09sgmzgdc006vq0wpv43,889806.0,p2tr,5,1
bc1p8y62k5vxcvv33ng0mjnv8sma3y93uzwe3tydjq36zkqm8u60au6qcxewy3,889806.0,p2tr,13,1
bc1p8yes3vu627etz9tjshzal0snrd6fsavw0wh2p46dm2zf2awrvdtq35ns2l,889806.0,p2tr,8,1
1111111111111111111114oLvT2,889806.0,p2pkh,384005,1
12BG3voXkDjkJtP3kVeNYWcoFHokWknNjr,889806.0,p2pkh,56,1
12cbQLTFMXRnSzktFkuoG3eHoMeFtpTu3S,889806.0,p2pkh,128,1
1385RqUqCPqQKqwJs7BEjeBvADWsgD58EW,889806.0,p2pkh,8,1
139Qw8s4N7zr43Gw9pDo6g1Bd1p4huiGAt,889806.0,p2pkh,31,1
13aG4o1cEKVLzuLdwKrmmP65o6WKh8t4L3,889806.0,p2pkh,138,1
13dpncncywqjeL3SmKkcoUsuPoFNxybcXR,889806.0,p2pkh,21,1
13QHeBZfSiiGENay5DYdBpGzk4zSeTaCTj,889806.0,p2pkh,9,1
14F69285rg47biWXZS7QpSNtSofF7hjNkx,889806.0,p2pkh,7,1
14RkYZw1d2W3AyfqQge83GmWAaynhPUDtN,889806.0,p2pkh,29,1
151KP2ERYZmsBuLDBHt9kkZv3avtCx6sLy,889806.0,p2pkh,13,1
15RZC1Pw3boP4q9VUoBVapXmXnCZ9rPqME,889806.0,p2pkh,8,1
15WmyWZzB5FkkjNCMR6Kw3RN1QGJdbp2x5,889806.0,p2pkh,13,1
16cCNJ3mELGGH6M9WXEQfESsm85yNt731g,889806.0,p2pkh,7,1
16KBbbvh6kUadp34qRew1ofv5LBetmLSg7,889806.0,p2pkh,7,1
16kUtDWKjzhHawD9ath9UzMQ2fK1wPQvRQ,889806.0,p2pkh,11,1
16TqvPmkUTuVAC9RgbXvzZrWuhiu33CnUH,889806.0,p2pkh,35,1
178E8tYZ5WJ6PpADdpmmZd67Se7uPhJCLX,889806.0,p2pkh,30,1
17DfzZQkUjwm6P52EDf1SVrFK64n43htqZ,889806.0,p2pkh,16,1
1837DWEjcd7CCjZ1wWFRme52Ndas7Zmb4M,889806.0,p2pkh,9,1
18DysvTmu6zRzS8btUZEgBQqEpwXra4pq8,889806.0,p2pkh,8,1
19V87wCEi57VTjgkXF6WSu8gjL4DxmaKFA,889806.0,p2pkh,22,1
1ACQ9o5FhFRjRuPYbG3sW274G7CyF29rRg,889806.0,p2pkh,8,1
1AQgX5jeGPxwJASHMwoj9vjy6pHD81SXY3,889806.0,p2pkh,22,1
1BdB7jE4C9qo8TsrBDhNmhQw6HP6J7RG3q,889806.0,p2pkh,8,1
1BhRsBC28donbtYCUofjKFHnBXYBN4RWJV,889806.0,p2pkh,8,1
1Bitcoin1sAHypedUpFraudxxxy2kH59B,889806.0,p2pkh,102,1
1BitcoinEaterAddressDontSendf59kuE,889806.0,p2pkh,5702,1
1BPvv9s9DueS3fTo9wFLzzUGSuPgWPjxpC,889806.0,p2pkh,8,1
1BQvaWUJihKdVZNSXxG73mTGtvzsJ6ubyU,889806.0,p2pkh,9,1
1BsdDaJtgFZrLfzEXvh6cD4VhtHHSHhMea,889806.0,p2pkh,30,1
1BurnDaNK476q5h7vtf3BTdqKpKu65SKbe,889806.0,p2pkh,39,1
1BURNSogXXXXXXXXXXXXXXXXXXXXW3ny2Y,889806.0,p2pkh,93,1
1CbEZxxmKWSFSgMjcSp6tthhcHZMrLMPwx,889806.0,p2pkh,26,1
1Ccv7izCANBDJoYB3QxYMWeUb9pxZ7Mx1t,889806.0,p2pkh,13,1
1CKMBQNXEKSHDXNsge9i8P3pqGFLLdx7uR,889806.0,p2pkh,7,1
1CounterpartyXXXXXXXXXXXXXXXUWLpVr,889806.0,p2pkh,3123,1
1CSecyQpRNGYSo3XzbUDUYkKKo5JGhjrxy,889806.0,p2pkh,8,1
1CVJ25HrxBxJzQPoW9pCQv7CZX13aXzCPD,889806.0,p2pkh,27,1
1DADAxxxxxxxxxxxxxxxDEADxxxzVorm8,889806.0,p2pkh,8,1
1Dv7zqWMPt7huWhZJ2GUHXd3v31RvuKEiD,889806.0,p2pkh,9,1
1Ef2cQWQtszpWjN7x8WRK7hfefn8266Ez2,889806.0,p2pkh,8,1
1Eo1PVbTUKxo7A5vrhhvW4fvJw3dxmqu8Y,889806.0,p2pkh,7,1
1ERGmLk3ocmcAFUeH5NVM9c59XtjprycP6,889806.0,p2pkh,12,1
1FVwnJQrjkhqXEV2TxNzeSyeFfd4mFfbPC,889806.0,p2pkh,8,1
1FY6RL8Ju9b6CGsHTK68yYEcnzUasufyCe,889806.0,p2pkh,31,1
1FYMZEHnszCHKTBdFZ2DLrUuk3dGwYKQxh,889806.0,p2pkh,90,1
1G7G5tNxLRMTXoMhaiTf7hFUsrsTUWT7H4,889806.0,p2pkh,6,1
1GK2AcdJJtboBPhJHKkEdwwHSahVWtRbZz,889806.0,p2pkh,6,1
1GQPL3nueYU7hukGbWghSeJxZZZTaYRtJE,889806.0,p2pkh,27,1
1HeRuhY7oBdQ2171BSizcF74hXTe26LotP,889806.0,p2pkh,9,1
1JCVUBPTP9XW6mrSCpLKeHxuj4DzKwAhSu,889806.0,p2pkh,18,1
1JgpRwCt8rm29g3y4FkVKWWck8qEeKgfZv,889806.0,p2pkh,24,1
1K5weZ8Q2uNeBRbWQDTPx6QqdQf7W5j3C6,889806.0,p2pkh,12,1
1KDUdrqvskM8jGp1bZQR8Gi3WD5xGmMw1t,889806.0,p2pkh,11,1
1LSMNW1BK3rW9rNipg1S7gKsY6cxo5jmGk,889806.0,p2pkh,21,1
1LSQs5hN2rbpBy7txHLpaCeFXWXvycbJpf,889806.0,p2pkh,7,1
1LUF79AmM7EQC5CPze13hYnq5YMRsdp5Dy,889806.0,p2pkh,6,1
1MoonBTCixFH3XTrWRCbMpK23o74nQrA1Q,889806.0,p2pkh,130,1
1P5x46oZAUn2pP3BtDwv2U7tWhiQQC34en,889806.0,p2pkh,9,1
1Pb49aFvSEfxmETiPbLy7hHELaL7N26Pz2,889806.0,p2pkh,8,1
1PCGi7jyFkH1CybgpzZgWb4Ya2uoKtQw4T,889806.0,p2pkh,10,1
1PYAW6bGFm3rzuVyPeFtAuxo85VVkVgQcw,889806.0,p2pkh,4,1
1Q8QR5k32hexiMQnRgkJ6fmmjn5fMWhdv9,889806.0,p2pkh,1632,1
1QKtMaoUr3LZfUVYfTC4QMSKBhsr5BMnvw,889806.0,p2pkh,19,1
1XQcnzaKVuyRDGY7aVSnmZguDYHbtbPQL,889806.0,p2pkh,6,1
1zxKrtmoHZHs23y6dt3FZxmhZoZJ62jKH,889806.0,p2pkh,8,1
31nhFWVQfxdAeVWr3PJMDasZ5mx2tt2C5k,889806.0,p2sh,8,1
322ji8mg6232tskw8UbJ8Y6yVZNXPTFTuA,889806.0,p2sh,5,1
3281T7iMLXsbYJRzsiBo8wBnY5qiXCUiui,889806.0,p2sh,14,1
32nK5J9HRfX9x7jxHjNwojXYDsegmzXNu1,889806.0,p2sh,5,1
32v5tDD7RmLcfFR8M4futM1xZ73rhWxkk5,889806.0,p2sh,11,1
34h6DpckHtjYJ6gWzQZiXo7q3x7mgGugMR,889806.0,p2sh,9,1
34L6WjyvshpWeHQE67K3gcSpEWwJLLair1,889806.0,p2sh,6,1
34N3xuCvt2D4Y1EdZcSKMfrkhdZFftmmfL,889806.0,p2sh,9,1
34XscTJfqAw3cYZRfuxheM81UwFq9hADiN,889806.0,p2sh,12,1
35fMXZPbXZsQnYV3z1Sfrm9eHtkNiXiqQo,889806.0,p2sh,16,1
35G3ay62JovoKehs8cUicD9ExA68wNmqr2,889806.0,p2sh,1268,1
35pPjcuz15y9koJA1CGwtii96LUUaDeaVY,889806.0,p2sh,9,1
36cwsh8amQYXg7dVapWcEgj5Vw6bMWegKv,889806.0,p2sh,9,1
36hHWcMmm2zeyqKQdcGPGiURY4NtucVk9N,889806.0,p2sh,11,1
36V5SwtghxnBt4pAT2yod6PtYLmSG58TTw,889806.0,p2sh,11,1
37o2eNG39iq8HsxufuT93dJE2eHEYjbEGv,889806.0,p2sh,18,1
38itgMpsWUe4rUX357ZQfyeU7fCduepHtC,889806.0,p2sh,9,1
38XC6rxHZn4KEnPxci4Q38Ndd32tyfhxS8,889806.0,p2sh,8,1
391wCH59igSSMMFnneK3vK3qvST67MH6DX,889806.0,p2sh,9,1
39iRe5GpZP1uXANthhdRtxt3SoqrQfWMaL,889806.0,p2sh,9,1
3An6HgZEheJ3J2HxvceGkYRXJkC1QionMQ,889806.0,p2sh,7,1
3AQjnPvMBbv1UZxRB15mNWnP8EBuw8crcE,889806.0,p2sh,17,1
3B8G4aNDDdmH6BVFUshbRtmGR2chi7PdKa,889806.0,p2sh,7,1
3BFhZsKfBfzZsJosM6gVijpBwEkWqBKAwR,889806.0,p2sh,8,1
3Bkiacg1yuLaY4ccip5M9TuXnPYz8YqbfB,889806.0,p2sh,9,1
3DnsPP2cyFFfWTDLr4Sjdoq1p3Tv2rXvm3,889806.0,p2sh,5,1
3DVMt23Vo964JP49ug5N4N6MimsrBCMA2X,889806.0,p2sh,11,1
3DyuE5QZzHpUV15YGxCZ2xHMvrCJAbCbR2,889806.0,p2sh,6,1
3EFfp7JAvtasCLHD1rB3Yr19uMBEZFSVaB,889806.0,p2sh,9,1
3EFUS3m9r28XCXYMGCQMSMtkNbrMUngLBJ,889806.0,p2sh,279,1
3EoNxDjyMvvRzwzYQLKB1pDrdPdRvnFskY,889806.0,p2sh,7,1
3Ere8HTwLQbM6MKwf2SCumRGzCLfCpYVUt,889806.0,p2sh,9,1
3EZkHRspWD5didjprZK1s1rnxVHPC8xXhm,889806.0,p2sh,8,1
3F4ZmbbDSPuk7xUX3sBxw19SKfrZ1N8n2D,889806.0,p2sh,5,1
3FNYmkeXLQpy7sEmrcPgC9HiBFgwKiJNNX,889806.0,p2sh,11,1
3Gabo9oVLZ9gWP1FdPtFgCKQY1dBgJgTkt,889806.0,p2sh,8,1
3GaV6PeBFDE2MvYdf6mhGYXb6LHJHM7aPc,889806.0,p2sh,6,1
3HahSpehom613x26VnanUwpRsHXQKLgNtY,889806.0,p2sh,7,1
3HdkWbzfwDcQpuDN3a5kWjuevp8oQpbjx3,889806.0,p2sh,17,1
3JZb5NUecXL3uSBGfW8kS8aQPbRsKdmJh4,889806.0,p2sh,1005,1
3KKvgUq31afBGJZ1NbGCKNjh2QGsVFRRVX,889806.0,p2sh,6,1
3Kt4kmVKSmV334Nq2wcSPShrnDvHT7fgkM,889806.0,p2sh,8,1
3LCPgzKP4yYVX6Zvvw1ho6sXiDHdfBWuSe,889806.0,p2sh,38,1
3LgutqaarCF1hpZyxTCk9BKr9g5bAr3PmJ,889806.0,p2sh,6,1
3MLUVE4GMsZ6s2i5MKrYCfvxhhWu3DaZiK,889806.0,p2sh,23,1
3MVjRXceKAKort9i3K4y9TPz4ZDCtocZbf,889806.0,p2sh,6,1
3NFb4xYNLHsifsSkKStSF8zvRcm5A95Msd,889806.0,p2sh,6,1
3NkJotLgUbQHQBcDHz1PJdBdBW68xDTDx4,889806.0,p2sh,4,1
3PcaRmC8u6X1AKfwf25sPEG8ubna5MBrpS,889806.0,p2sh,6,1
3PMA5pv7onPRrUMVf8t8rygBHfRDvs6t1h,889806.0,p2sh,26,1
3Qx5RiPGyrNYjQGNFHo3R5LJZk9xuHoQ9H,889806.0,p2sh,10,1
bc1p006dgnmrgfafgjy2xdat9j2x48fsjqf7gcxsxlhcq6g829eefussshwlzu,889806.0,p2tr,8,1
bc1p00hhsdlxhxlywy9eczrreaa3pcn78xzr3e8k9a59y3aentagdmrqjgg8e4,889806.0,p2tr,25,1
bc1p00hnxslyv8k4qfj36nscst4rwmp48hyxgnjzf04alfmrdhthm2mqgkgzvj,889806.0,p2tr,11,1
bc1p00js6y4lxn8v2xu6gfk2jmjl2my87gwuhuwm3z3sahy2nxgp69xsr3k5at,889806.0,p2tr,13,1
bc1p00r8fr6nwjj9mdzr7j0xxgvt6lgr6l4qz83h2sge4mxskx4qrvxqcw7jjp,889806.0,p2tr,14,1
bc1p00shqek4q5arenrpurpzvkx6kl3axzxj7uvr7qfm9wv734q4se5sw2c550,889806.0,p2tr,13,1
bc1p00xca5l8w7y4dgkda80n2p96072nfn6s24n7lc7fq0lekmmwxfrqzgvg4p,889806.0,p2tr,14,1
bc1p026zwv6sg0upgukcvy7enwy9dpjfr4z3zg892z08tsw6yu64wrrslg7s3a,889806.0,p2tr,33,1
bc1p02dye8sjfklxj2n0zjgcw3an58cgf2dcjfvazhldu32m4gyyf9aqt2a8wm,889806.0,p2tr,11,1
bc1p02fshp8na0mjny2uklnpzj79v08pds3w9jdlg7an6qapytg84p7syz3plg,889806.0,p2tr,267,1
bc1p02mjca93xhhrv0gwnppaulj25pgg4jdlpfcrztmdc6zz62zhmpfqd2ha7x,889806.0,p2tr,11,1
bc1p02p83fdufkemu3d4zdtx9ggpas2668g6tauqvkzgvwt6egx0v4xqhpkjgl,889806.0,p2tr,17,1
bc1p02u0t7kj2q22dy39vpgyzvqptf0jl4rccec3ryq9lvhn5qsyls6qnyj6nj,889806.0,p2tr,16,1
bc1p03n8nn8nvxpkyy9yk8va2pc5svhf4ly4evyau9pcslefps9fd5mqdxqvfy,889806.0,p2tr,45,1
bc1p03u7zyjjc4a8q979qkams76cues7tan6540jw37pxds3pnt4dplq3whmlu,889806.0,p2tr,10,1
bc1p042jqqsy9elja5daga4006w4fpsdlpqsy8azt2pgq9fw42uflsjqkcygva,889806.0,p2tr,26,1
bc1p048qsrfqwgzvvza3ggyyeleh38nkte5v9ylf4dn4rmhgd5srksyshlp5k6,889806.0,p2tr,18,1
bc1p048t4d44r42n84pgx9g3uuj2uugeeta0dfhysu8r335ts5v4zk0s4zlz7r,889806.0,p2tr,17,1
bc1p04hwk7ngfh6z7gwmvjp352dvnvrfzfqpxvz9l60jkmqw2kwkv0xqp00fzd,889806.0,p2tr,12,1
bc1p04pqpvktef3xjyln3dct6wfzwdpyvdcz7ds6jy3ervee76xc6teq2z7xje,889806.0,p2tr,10,1
bc1p04sutwt62v835745qemhagcz2s2cfxzas495y9mzh39u40f63jmsxa2xtl,889806.0,p2tr,21,1
bc1p04swtddf074q4hqjmt5urrzjz45jj8pjpvwt8dypne40apw7gg4qsg0w99,889806.0,p2tr,11,1
bc1p05e682w9snx2gntuzhtp5v2j58656avn50x5743ktz0ez8fdrjgs5xmsmc,889806.0,p2tr,24,1
bc1p05fapq6x3xxw57lcwrrjpyqtgc7t9rnvhf29tmvgerxc26ykxasq39fr39,889806.0,p2tr,13,1
bc1p05fzcft7m4ladvxp4ka9usf9mjjj79ldp0zz6py2yk9j386eraks7ywa4s,889806.0,p2tr,11,1
bc1p05gl469qrtry9z3ktmf6jk3fn8vnqcjhewkwaxn2wpsyxtcrxh8s4m0vac,889806.0,p2tr,19,1
bc1p05qdegqd4njxksrwg68auzmhcrrcqrmv9mff9g477xm7lyyut08qsfy3px,889806.0,p2tr,9,1
bc1p06g5j5g9etcx7a9z6z6pth94zqqys9pvz6z40c3zk4d300drtenst0z3j0,889806.0,p2tr,6,1
bc1p06gvg66skust623c4trruhqsjs60pmerqduawceahqc2dg4r0u5sz47tqj,889806.0,p2tr,11,1
bc1p06unwg33mv8eaqn2n0yw7p4nvhtqd8wsyq9g5evqj3e7t543lu9ql4m5fn,889806.0,p2tr,7,1
bc1p06uyfc638dzz9pgvwmr3lr5umchaz6uy9z6dfjkak0rk59flt62s5wzux7,889806.0,p2tr,30,1
bc1p06xt5xu82dy4dp89ltv5zxhdyuzv8cjrnxhypjh3f4x4a6ah2z6svjakzn,889806.0,p2tr,14,1
bc1p074m7cs0ah2kct3dh2l43u4p04fkaf6dcmte6r3yhccxx42c0a8smh22vr,889806.0,p2tr,32,1
bc1p076twrlghlglqf32ujmaudhzlgf4ypjay5lqxnfddpar5njx8fwqnljl8z,889806.0,p2tr,9,1
bc1p07hfny7y7pde08zhrm7nmfz4pg0m44ahclww3wn0akdhgzjq6s5sj3tt4p,889806.0,p2tr,8,1
bc1p07ypf5y9ng4frpfp76q733nrwnxnkc7lsfrqp8e9xrvcrc75jmxqwnkzat,889806.0,p2tr,7,1
bc1p080vlz3lchtxuwyv76ehd3gncctapacemgqtyx5flhfdx5ra35ysleuvhz,889806.0,p2tr,33,1
bc1p086ktc9pqcjm3xyv3r3k3t4adv2un9m2y9z6j0gedhudp0gcetzsara05z,889806.0,p2tr,7,1
bc1p08g7tx4zjhx04gezlksn47e0e509mfcpsaaxjnu475dku36e34usy46e96,889806.0,p2tr,13,1
bc1p08j0m4mdx264cqq3jcasvast95nsl6mq0pvfrzu52g7rlt7jzstsac3wja,889806.0,p2tr,4,1
bc1p08ke943ng6xm5ee9ym64wky95jj07nfpu8ja9sfhtdveedgrl5jsa86jrd,889806.0,p2tr,30,1
bc1p090hfpfq53d7tvv75crrd4dedywmdx3eahse6jfrkfag75rua7mqexrmsu,889806.0,p2tr,10,1
bc1p09kshm4dvwmsvav5psazep982vnvp56pyq2f97yk76dtcwznu8ashvzw3e,889806.0,p2tr,18,1
bc1p09s0u49tfsuz4s54da2mths2p2ddur53jzv3733uzvjk5vxla88qnfe5my,889806.0,p2tr,20,1
bc1p09w9f5rqjrszn4fly3z926t83k7kkmmdc00vc59tqsmz4djukxxs59zwdm,889806.0,p2tr,16,1
bc1p09ykdjk2yh2jyc4ra0tnv5m84g4yrv6fndprky0dr25ht724zz5sw0ckwe,889806.0,p2tr,5,1
bc1p0a28dpvrg3qpmyvtp3rsc8uh6dmvquyuahd44nn6vjp7s66m5yvsty4rex,889806.0,p2tr,10,1
bc1p0alhgkzlkfwvgj3xtkhr95r0xu5q6yyfjfzpsl4levqcs7gz4e7qdjjyka,889806.0,p2tr,8,1
bc1p0ay93akap0g9yds7crpj9y4pyj2ap2mulsdt9uvgegn35yakpleq7m8hra,889806.0,p2tr,9,1
bc1p0c4mx09p568jrtcjl34gflvpmv5ulq0303wlhj6v7mc3ky7j4qjq7kkc5t,889806.0,p2tr,9,1
bc1p0c9535z9mz63nrsje3xayggcel3mjey0uq2xkdqmrtk6skpkkcyqerr0va,889806.0,p2tr,9,1
bc1p0caq6nv36uut32zppsr4q0p9kegahqlv0hgcc5x46ccw707ce0fq4jw2nn,889806.0,p2tr,7,1
bc1p0ch25xnxsm2a3cfcgwdh0gwrdr3wayjcychpta7f7hjmgmsywzxqt0aydg,889806.0,p2tr,10,1
bc1p0crveqzes0h7gh4turl0ldgksk3h4yjc3xnvsr5wqegh3jcrkh4qgq83l0,889806.0,p2tr,12,1
bc1p0cspz6vkemmxe9utac3nqy2h27j4z4y2nqeu6c5p3w3mdf27vg3s5qnc80,889806.0,p2tr,16,1
bc1p0cyduv2elvrn3yt9d6rwt50vn35uhyd5mmgk7rpzew4wuvww0gqql4n33p,889806.0,p2tr,4,1
bc1p0cyzwar29x4fyerzz4q0m09y9u4n5e97a64fqa04vqeu4e7qyysse7uqkd,889806.0,p2tr,11,1
bc1p0d4gnpthqxv3et60yhmp4lhgc2t7p404y206mnr3ua3j4903dx6s6m3l9t,889806.0,p2tr,32,1
bc1p0d9mvfyc9r44g9ugpspzyfkyx7ak9s2cxx2jk5wxe4mmxvyf5fdqpja7ap,889806.0,p2tr,10,1
bc1p0dcll7g3pfqvdtkafmnlv7rdwjsy8e5f2qgfg6xtpzcn322xd65qwyvj7h,889806.0,p2tr,14,1
bc1p0ddca0mrhx09cqgcgt543zfc3pedzxsstdkpex4eygpvxkr7knvqpq9k0w,889806.0,p2tr,9,1
bc1p0dk4vhkzzuzvqc88qdcys4e8u6c4h0uksxgffy4ya038jztkz75qd60kug,889806.0,p2tr,30,1
bc1p0dp9uu3r7vlzdwmh9g78hh60x0r5kmjv05grje8w5jznq8nhfmlstme74l,889806.0,p2tr,15,1
bc1p0dqkstymk5c8mynn3vlkhyyw5amzu5xrzh07s3kzg8crz0n4awtsrav6m6,889806.0,p2tr,4,1
bc1p0e3wnlpx5wmrtyhjgpxwq76p83d0l4nt9dkdyg7tfee4sr3aenmqh6ws6t,889806.0,p2tr,9,1
bc1p0euvsn3vkftvl5qmnj6qpxvmtkcswhsh69vu0hhxr646ku2eq77sg9f0sg,889806.0,p2tr,13,1
bc1p0f43evlgtsgxdw7zllgjyxckvk9dt54k7x5v0gw2vc8e3aw6cemquat5pm,889806.0,p2tr,20,1
bc1p0f68eqmyx2yudecvv333hwugywyrvjxm64gzj00ehun07gc5gsrqylwqe7,889806.0,p2tr,38,1
bc1p0f98dcvavcstxvxgca3pgprmn8wfv76xteja5phpyv7pl9fhl44srju99l,889806.0,p2tr,6,1
bc1p0fwmsxkcpg2aq9y67da5hk95gsmnfuvat6fxl7yjk464edsxtc9q9g5utp,889806.0,p2tr,23,1
bc1p0g2qlh0u0ahz4gc3jpg7mtjdt27qcg837py4ywuzwgzf8y0fxzhqxve5vf,889806.0,p2tr,13,1
bc1p0gcesgwcrc22grzpgxyhluwrj4ra0vhvjjuwvcp4zg9euv97jesqv40306,889806.0,p2tr,15,1
bc1p0gjw5hmmy8tyq7an5apmzdrmszs280m2m90g4n4qpgzh5je0xw8skrdfsq,889806.0,p2tr,25,1
bc1p0gnfek6vra2a5vymy79wq45emwnqn9d89hqwsee0s8ypdmmh5uss2f3k3m,889806.0,p2tr,7,1
bc1p0grupujlywyh5j96jr2vdf5mceszxwz77pafjchnx9w9ulkjw44qrqm2mp,889806.0,p2tr,15,1
bc1p0h0am3zxs2jw4l43lnvrdmlju7qzkfxy0wyg9umm5khzary6accqmall4h,889806.0,p2tr,4,1
bc1p0hgjmaly7wr5hzuazgfeq7ecn63usy09jwch24gmqle3rsqaqrasuh9guv,889806.0,p2tr,10,1
bc1p0hh608dwmshjv68ld90njy2pcfzd9l9rxsr9hw6d390nlr5z6h5qxtpuy8,889806.0,p2tr,10,1
bc1p0hpa9v8t4q2z7h7xwult7akravtrht3m7zadyuxhn609qcevx3gsrevmgf,889806.0,p2tr,4,1
bc1p0hu77sdp064vwelu5l78nkf330pyhv0fe98r94wdwuw8y879rnnsa9wdkj,889806.0,p2tr,30,1
bc1p0huqcklxkwguw8hffylzfeec5k0hcu0gggdevzkswvtgv4p4fxeq32jgs4,889806.0,p2tr,16,1
bc1p0hwdfjfhge830hq77xujnf9wmcxzva5s2kz74s70acrt6ztrplvqc9dks5,889806.0,p2tr,10,1
bc1pz5alzmz5fdlswkpfnp2kt500vf8ga2sfzx57zxhrw4zv63hgjdxs2m3yx9,889806.0,p2tr,23,1
bc1pz5l2ajl4nxdcf8rl6pvcwfutk6fw4dqmx22kcur443zku58m0c8sa9ev9w,889806.0,p2tr,4,1
bc1pz5njvsvcnq7htzy497ggrnj8w806quzsgj6hdx6ey5faqalhefwsmh3ntf,889806.0,p2tr,129,1
bc1pz5pgay3wquc8zndapxz80dyccfnsxm2mner0tnrvtpkg3u73cakqmx5ad9,889806.0,p2tr,10,1
bc1pz5tpc5d3u453j53zw6th0ctv8um759t04wkvn9rduqa40l60af2q0l5rm3,889806.0,p2tr,39,1
bc1pz5ux4hkr3hfw8g34zma6trve63ywle885fe87x6k43p9ttj5x6fswlglfg,889806.0,p2tr,11,1
bc1pz64ptx4t40cn76vmnc7fjh5pdret046qkhschda73u0hz448ltmq6hpxtt,889806.0,p2tr,5,1
bc1pz66qmf5g6rumvcascfvpau2h5rnxnm3dn5pt2svh86lsufzpfrrqksrzqn,889806.0,p2tr,18,1
bc1pz67w45w9g726lag7vcea873t7cqtfm9ggs3r7wu7k3yhkz6jzk0q2tfkuj,889806.0,p2tr,7,1
bc1pz6a9l6t6a8sd0e69r2yy9fe56xuhgk8mm0gr46j3xhf6mdv3j7tqps9kll,889806.0,p2tr,14,1
bc1pz6hcjktc8av0eugn2dvkp66l9fey9j68tt79mjdkczc42s0cydhst4m9pe,889806.0,p2tr,12,1
bc1pz6ydnrwjvkylsg7w6wq6umpaent0dtzpv6elpxnfzlxxrwqdds9qtuz00w,889806.0,p2tr,9,1
bc1pz7ktrc5dhenfsmd6v2h9m9sw7mzskf595evhan5g6lr4cjcyv4eqmc7ccq,889806.0,p2tr,6,1
bc1pz7lq32duvurfvvzyn7f2nnc8p6w49c2fcqk38sz7u23fqva2nmzsjy4zrq,889806.0,p2tr,9,1
bc1pz7slkp9cg7ghtxfwd65f9uwxs79v2xg6flw7z5tscny8cnkwxupsawejtv,889806.0,p2tr,5,1
bc1pz7u3dknxtztg8r8ltnlq467txhxhfmadnhr3jz3t3xgfkk240vesgrzyly,889806.0,p2tr,34,1
bc1pz84syxkfststmadyfpta3p9azhpsqh8e83el0uz9lnr6ghucrmvq7sksvl,889806.0,p2tr,11,1
bc1pz8eek7wwyujqs7dm57qpnpg7ml2c4zlvk33z8vamj00hzqehl50smq0f89,889806.0,p2tr,15,1
bc1pz8hg6djcgw0llnde0eu0sdttfm2yvssmme6shkqyjtxe6vvat6kqgfvln4,889806.0,p2tr,12,1
bc1pz96qt0jx2j64m447jh4s5usjltxgwy2lh2akmg2a23gd5cknh4fqvk4smu,889806.0,p2tr,18,1
bc1pz96z4qsdh685sgckqm25m4jugsnm3sx42d56mxpe9rlf4qhg0swsz2la6r,889806.0,p2tr,4,1
bc1pz99j30c3th5mwuyvljzrx5w5n59zx5grjyerlprd3rnn56eqmj8quk26f6,889806.0,p2tr,13,1
bc1pz9eq5d9zpek9vtmczaqfnjn4am3ryfw9nz0tv2hsngc2kwhnqwnq3r79ry,889806.0,p2tr,14,1
bc1pz9ur59pugfexyzt6qefksd3c9yj0vjqhvat6qfww5574j4gntlwqkq275c,889806.0,p2tr,9,1
bc1pza370fn44vv3kr2ykkew53s39x44wjxwva4uq73hnjh4jmmz2gvs97mltx,889806.0,p2tr,22,1
bc1pzaaqj8mwjsvjhxk0spavaxqek4dayhp5tshkqrdt0aaczwpvhz2sc5dej7,889806.0,p2tr,22,1
bc1pzaqqczqx9je47pxsl5h7794lenyhqfk4cfdjuklqd467rka44ecs78w7ha,889806.0,p2tr,14,1
bc1pzatcs3g9cln5h7warrphsm6h6ncm7wnavw4fqkvpf8q5l9adm0ps905ds7,889806.0,p2tr,15,1
bc1pzc0r2zwewu5rzunuv6pll0kxhpx2zqp0ex32xptc5y4kthctcnhs3wcx02,889806.0,p2tr,27,1
bc1pzca04nfwtfftrwrdcld9ad4ceax0rh32rcwjthjd2gn4hheku7eqantmh7,889806.0,p2tr,22,1
bc1pzcjkwu5v2ws7eyj7tnq5vr05cyfv84gwdqtxrexaxr83wt8eh89s83vvel,889806.0,p2tr,6,1
bc1pzcn7fn9l4yxupmk0dc3950fwfg9kwj7u64s3lcefpzagn5uyw7ysngtpwc,889806.0,p2tr,4,1
bc1pzcrhqdppjf0r2awur23n42z60xawr8kdcr7eefeyq0pv6d8d5zzqn2lvkv,889806.0,p2tr,30,1
bc1pzdzhsuvmm9vsl0tfj5ecqz3a8k60pp72dv6prptgkc4j97l4xl9qztrly0,889806.0,p2tr,8,1
bc1pzeq2z8k2gvh96n65vwcxa6hsah0jpezwkk5u6wtx9r266ldurwzsge2hca,889806.0,p2tr,17,1
bc1pzeuyfa8zn5zghef3gmqggv8jw9hdkkgxc5pq5zqc6rq5cekukuvq043lws,889806.0,p2tr,12,1
bc1pzf22afjut8erv3prkvxdpf8d7tnwt8y4a09t9vvhgcv4s3f9q6sqxq6j50,889806.0,p2tr,8,1
bc1pzf2xdx9zvyay34eeedpskkj7cd6l4s68ue6e89hk0hnkkmnyz75q4uhq6x,889806.0,p2tr,13,1
bc1pzf59e65tqtzd5d9qqavm9x5290nlnrrvaf3yu5uee5qkn6mq0kzqql2ueq,889806.0,p2tr,4,1
bc1pzf5kx22g8pmdswusmvf43s5tkpxah3zwg75ruqy4e9rftgthpy5qvsfwal,889806.0,p2tr,11,1
bc1pzf5qkdnkc6ny5ctgm39u4j3cegvlq98ja9u7sw3y8w4swmxumdzq25p05t,889806.0,p2tr,8,1
bc1pzfs5jcmd4ywvfg50ly0u4dt4jn025xu88dzdsegucu900vugtqsqyln620,889806.0,p2tr,9,1
bc1pzfv8f547ujsj247pns3kg94hkey670fh2kv08u6q2jj7x27uu7hsknuuxw,889806.0,p2tr,19,1
bc1pzg439ngwwpzuf0kaktrp0d9vzysawvgs90yj238epzaulne4ka8qv5xhma,889806.0,p2tr,6,1
bc1pzg4sj06chvls49pnmyynjj6783295944mjk3pffrw4p7rfzxh4us328z0c,889806.0,p2tr,9,1
bc1pzg5tzajqdjx333evu8emff2345g8eqv38p6rumhx2ktgqsr7w8rsrjha27,889806.0,p2tr,16,1
bc1pzg69vyu9eyucrwuamwz9dkywjtj4hjnsajhkyxs5rdek2uydpe5spa9479,889806.0,p2tr,4,1
bc1pzgnms63er6cunafh8euzws89qql674yvy2g5cfyxqvl8ur7wg96sc3yjgt,889806.0,p2tr,4,1
bc1pzh4djxa69wrm7g4uxelu3305mcse5t5ehyte7ynwn2arpavh84gslhzwv5,889806.0,p2tr,27,1
bc1pzh7dh5z3wsdc4vs6ghcs8p9apcr8q43xqec37yg4yyd06ctlvdesdu8t8q,889806.0,p2tr,55,1
bc1pzhe9dtpy9qcur5c2juqhpgyazhme36pgggrg566qkspgczyuk9sqf4cmu2,889806.0,p2tr,11,1
bc1pzhqavawgad236jf575zj04qvhdf5a36f9lqx4t684p04m9lz8x8s90z8fl,889806.0,p2tr,6,1
bc1pzhu0ncc5f43u8x7zanydsa228fh4ypgvwjkj2azkknyw0nxcds5sk467gw,889806.0,p2tr,29,1
bc1pzjla49g8pecy57uqvawyhh66yp5nrvq2qr85qm8q5z4vckf5zl4saca82t,889806.0,p2tr,22,1
bc1pzju47q3hm47ckqy8ju64chc5q53kal3zdgtfp972khrjpattvgssmpselj,889806.0,p2tr,40,1
bc1pzjzte0ctudtkjm48tkafgpkx9uczfprxuhfl2slqchzc7792pqkqs7qm8v,889806.0,p2tr,8,1
bc1pzk52mwu3ztwz2j5qehzer90w5jrc0eclc986a6clx45gq24nkvts5nc67d,889806.0,p2tr,356,1
bc1pzkdh5qryd6gse2n4t5dmnfzrnjew6fq4fhuccc82xwlm65n7s99qmqhrgw,889806.0,p2tr,22,1
bc1pzkqwhttdlavwtd4kvx8ph6zn8498h08f72ejcqzq5zs67gyjxuysdkmnal,889806.0,p2tr,4,1
bc1pzks3v4lq8vst24ku3ue2y3wfgetkr2qkkvlgk3m460w5kkck7e9q7vwzfm,889806.0,p2tr,9,1
bc1pzkwdcp9q98p0xu6vmy50vhfzckarjcwsk9jrl78q98zjjdusf6gqkcc39s,889806.0,p2tr,5,1
bc1pzkyjx2gepxae39z22zy7jzpas8vr7xheazgadnsyc9qkzksvp7jszsatdz,889806.0,p2tr,8,1
bc1pzkykx36c4uka693fjsa6ltw9zqggfp3d75mfzg87lrkp62dpzdrskpelm0,889806.0,p2tr,20,1
bc1pzkyqpmw3xjrnlgcxxfcnhefelyrz0andzu8ny3akmzxsadlkjvyqc7xddx,889806.0,p2tr,20,1
bc1pzlft8j0w867p8448rj9emjw39carcvjyv0mjs9ud7f26ex95uxlqnqgd3n,889806.0,p2tr,9,1
bc1pzlgd7rzu7cstqcsgz4mlpmcmkax3ude2uh05e5u2a0dvchks95dq6eaqlz,889806.0,p2tr,22,1
bc1pzll546hzdadt0vweaq0reaqf7u34xznws3dga2r9uxv3aknn5eeqdy3a89,889806.0,p2tr,9,1
bc1pzllc3gja3vfw6g68tvzf8pwpwl5fnku2yvmptkkl8tz4cxsy7y5s7uglh2,889806.0,p2tr,6,1
bc1pzlns97qezxzdqukuam3ec0ypkcrkyc8xn9092ue0qcyeehf3khlq8w3hg3,889806.0,p2tr,13,1
bc1pzlw4klkhn9tdxs2wnasscllsqw9gxmx0djqtxytw6jedm60f63lqv7250s,889806.0,p2tr,8,1
bc1pzmk4np6kcczd4chjm26msadc662ep907n5hwr5my4a0zv6cvn22sz5rzu6,889806.0,p2tr,12,1
bc1pzn50gcrl679y9u0afp7920yeh7ztfddph4kynh6569ndcj75vfrq4j67p5,889806.0,p2tr,10,1
bc1pzn6uchd3kdvt9zh0gxcszqadxskrhe79vtjgxfw3957zv8c4ecwqeqn93a,889806.0,p2tr,22,1
bc1pzndplmtyaut7w808laja26ef8x9e928vukurw54wsypt0ywa95xqvzt0zt,889806.0,p2tr,11,1
bc1pznww8ul2l5vxf2ny6mf6z5t9e42vlukjlhc6s544e0chlr0nxkaq0fsl94,889806.0,p2tr,11,1
bc1pzp4n4fdvdxj549zyq6qhnlh69yuvd9wc0ht0yxpjha4f2ycu4qms795rzs,889806.0,p2tr,6,1
bc1pzphtzsdgejtltce4x84nrllwkxuyzg5qshdpaw8m3vzmgggp9snq92na4t,889806.0,p2tr,8,1
bc1pzpk94f847eh397272pywgx222tpgg27r029ukz4utjapvt6vkhcqx8jsrf,889806.0,p2tr,10,1
bc1pzpmyggzk0sp6c2j3pn58u0283s2kum65gskpcqdrdc5q4aul8y3snjvclu,889806.0,p2tr,16,1
bc1pzqta5vzv2udvk3ckt6rzxgd6rpnrzquxqes5hlnj0fhgay47xnfsjmpzx0,889806.0,p2tr,12,1
bc1pzqveayaxj0z39nvhms733xsqtrfmz6x7ul5vxlag7q9mp885uljqhv45wv,889806.0,p2tr,40,1
bc1pzqy2gp55p02rufhfwvwyu3qxpgz86vwx8z7ymp5wegc7f5tfh5xqht0x8h,889806.0,p2tr,16,1
bc1pzr6yzxjt469ca38eh9ludck3tssdcf0kczawlmrxzm67mlcz5eqsaxu5wt,889806.0,p2tr,12,1
bc1pzr7gh7ktsn58acd44jl3cftueluvvh8g5w47nxpqkdhr9jkhg02q8a0hpd,889806.0,p2tr,25,1
bc1pzrh98v5wyh6mw3y2qqh3y45sj5x2xlxj834hk42ap5pqcmsqnakqkafwrc,889806.0,p2tr,18,1
bc1pzrmwvxfzpqnsjyacxeswn8m65pjyv9nq6rvqzr6smg74n9kl9gkquqgmct,889806.0,p2tr,13,1
bc1pzs0elme638d4nyy03aj7k3n8j93weaakgwuv9kw86w9ux5y0qvaq0hdf4x,889806.0,p2tr,8,1
bc1pzs47uz0jlpyz728fnj8w4w6erjfykg0cend9477crrq8z46chf0sjcd7mp,889806.0,p2tr,9,1
bc1pzs5w2tg743npk2tmhzlcz0cc3wsf0a3fyz7s05sqwypqsrqn3deqcnymsc,889806.0,p2tr,12,1
bc1pzsydg7vj7qxk5wv04m5j8g9mslmdgj7822kxq9ucp3jesmlpg3cspq24xn,889806.0,p2tr,10,1
bc1pztafpjpqm36psy07cjc0l93wqetlx4vc7vq78hs4qlkhy2dzjp3s28u960,889806.0,p2tr,15,1
bc1pztnu5qc4vuzaaq7an0v02048995wrdfkc8afar3f3wa0pyn575ysnw03zm,889806.0,p2tr,18,1
bc1pztskk9u92r5f2rr0sd0akcthpq322w24vvtuxhd2xhwr52e5efvque2gc4,889806.0,p2tr,63,1
bc1pzu2fp42cl9up48tlc67f55wukn79fklx2jn9ptxtntqhqshxxutq83l4xp,889806.0,p2tr,20,1
bc1pzu3zvvu28vpdj9eclfxz9e8jjvwtzdjfvhsakjlpz6q9lf6gcgeq6lg583,889806.0,p2tr,11,1
bc1pzu46gz84jqpvt0u90zjf3pv00nmvdgaakfv9098e7cmkjpgtdzeqtc3tkx,889806.0,p2tr,5,1
bc1pzus48dfn0qty9qavkcg92277sruvj9rh8t0lujqhqmh0y82703hsclcep3,889806.0,p2tr,25,1
bc1pzuvpaxepa3ythfnfum5a403atw3hulph5w7h7nggw4npfhksgrjssay8lf,889806.0,p2tr,15,1
bc1pzv04f2mn2y4zcz2zc3lzm3dldg65kqmljrcdg0hy2qjwpte7pk3s8ewt82,889806.0,p2tr,16,1
bc1pzv8jdvlp97stx2fdz5xpc5x73urqeeec4m7t0hpznylrc4f0k62ssshm7f,889806.0,p2tr,38,1
bc1pzv8kzpqctw2pw4tplhwrcq9yeu0ct663s8r0c588qjuh046tyd4sjvr77d,889806.0,p2tr,13,1
bc1pzv8tkyqa9050fjpc5znn2p9tffajxf4rsd4udwqs4temtvq02a3q3gp5cf,889806.0,p2tr,8,1
bc1pzvj3a6v2wyhmetalx95u07mw7akgzaw0xxfygp3elu6farz4pzwqnjv2j6,889806.0,p2tr,4,1
bc1pzvm06rxm5zuvp4tmwjm7x2htd305xdyeh80njsdc8p7pqk38j05snct0ce,889806.0,p2tr,6,1
bc1pzvtnkwe8l8lrdlmphdc3tw93k3895xjpn7x039wvdm3ta2x9t4tq0288jm,889806.0,p2tr,11,1
bc1pzvula69k8a5tyd02vhvwqvueew78xygp5dwyga9mp92pnffwduys5xx3m4,889806.0,p2tr,7,1
bc1pzvwyeznes386awe6ngvkx2h9k74mn66s8tv94sgd643gjtr6sgpqagxlh2,889806.0,p2tr,5,1
bc1pzvyf7a66st54rq8gsf2f67ws646ufz05yutcw6d845nk3ucehjtspn9d9u,889806.0,p2tr,6,1
bc1pzw0uswg3gmajmvrxpjdm4hk8ng08xg7u5qmkvcfv5p2y5ssn7hvq07wr0e,889806.0,p2tr,9,1
bc1pzw2vw4l9he8vvz2c7lx7c685x6uvgrhfk4534t0rl9unkeefu6hqts3wzh,889806.0,p2tr,20,1
bc1pzw77ytafgtvntvuv7ptc4y2dafl250aavtwt0l5kkhy959nthkns0uw5pk,889806.0,p2tr,11,1
bc1pzw9653fkk4dcy5n6843sjzwj0r0hf7h7sywe0zyn9lafg2uqtrtsnhtgzr,889806.0,p2tr,8,1
bc1pzwykxk4m4f6hxqqzzdahwv7z56h43wsxfnxnhgld2gf850l6uaxsh52vgt,889806.0,p2tr,7,1
bc1pzwyq4l5hnahcv0039gs8m0nfxzz6g4q5gm0up8j7rm8tzjfpn0es873hek,889806.0,p2tr,19,1
bc1pzx693n4ql5t837jz900092pkwp7c9e3clquzg8fcl34xmv6ky9rqed3zqw,889806.0,p2tr,24,1
bc1pzxtn0ur6m26wa5h6s5x749ec07nc6yhh65hylsnrtped8fcm79hszaqess,889806.0,p2tr,18,1
bc1pzyhxl6v9m07czsvdn9hfqk6slltmrhrpk2x63ee02ausquhn8fusgzccd4,889806.0,p2tr,14,1
bc1pzymqytycefa273uhz58l55d8lesfg0tm4jwdqvusal58vj96xzfq9u8d43,889806.0,p2tr,8,1
bc1pzyn7anzrvv8skzenzg0n3u2jzae3ewg5670n2mgks3waeellj4fsn3sn20,889806.0,p2tr,9,1
bc1pzypx359xh032xkhp7jusej8yj3gwv3zrmjhe5z9xrdd3ul7uzwzqv0dr4r,889806.0,p2tr,5,1
bc1pzyruw9c9k73lg6hf3r3z7jsjmcnztcfh52jjsx8h8gfa4jcews3s50q59k,889806.0,p2tr,13,1
bc1pzyty9pkr9rqj7zrvsvpveglmhajye9272xn7afx7sezcw3elaypqqd6my0,889806.0,p2tr,10,1
bc1pzyxtkk8ju5fl82kcz0k9w6dhqt5927ktehpx0nzjchwuhqhmxlcquk0maa,889806.0,p2tr,13,1
bc1pzz4m8k2ge65vhqv8f68ejjufzvs2rwxclpnvkc4ejwkkgwrnsnfqh2wjmd,889806.0,p2tr,13,1
bc1pzza9e872g5se3y07vj5dkf53zxa2ycec36z6yfvj7npen8kg23uqfe9eu3,889806.0,p2tr,12,1
bc1pzze4magk0y2qg487hevzu75p0yphtm7x843c8u57j7lgcdkfpvmqmj2vle,889806.0,p2tr,12,1
bc1pzzf5krtf5snfuuf8ut9pew68xg43znredqv04hhm9ctv5x6p59hsme3u66,889806.0,p2tr,11,1
bc1pzzkyxvemekp2qmsptzqykl7z3047vw6uwwwhp9f9wjyuc23ps07qw2skwc,889806.0,p2tr,10,1
bc1pzzlwrh9qnadnuc0rx0dnzzlm3f06uclsgxr6t2uwa5ktrvf3nxysnkl0fj,889806.0,p2tr,10,1
bc1q00lnqyjuhfvrgd36glvq7leaqxa3mg6a0wr4l3,889806.0,p2wpkh/p2wsh,12,1
bc1q0a4t9wuuymad0lzn6d9n9mkq2fsx6dd09n462l,889806.0,p2wpkh/p2wsh,10,1
bc1q0dgx4hujlgy0jscred0s2cd7ydcy6dx73q29rr,889806.0,p2wpkh/p2wsh,7,1
bc1q0lufqxux8rcugxm566wg6t3qkl5zf7x0g0tus0,889806.0,p2wpkh/p2wsh,13,1
bc1q0msnxwnsg5lm2lkrru0f69mq0plgrn8fz5mczc,889806.0,p2wpkh/p2wsh,16,1
bc1q0q9gt4nz6unt3m6h0uz0a5uxrceahaugd65mp8,889806.0,p2wpkh/p2wsh,20,1
bc1q0vvke8tza0ulykyl75h35ajseg2zjurzyysvar,889806.0,p2wpkh/p2wsh,8,1
bc1q0ya9n2xm4qx68ly9ws5yj837at092ah56y5zjl,889806.0,p2wpkh/p2wsh,7,1
bc1q0yfcl2qtjlyng6d6uu8kvv5kteyclxz6xra3ye,889806.0,p2wpkh/p2wsh,5,1
bc1q0ytrjth0z2s5440s4pkhhjgxddrdyca0fa3zwc,889806.0,p2wpkh/p2wsh,21,1
bc1q20alussem7pma76qfv3vmvmedkrpc2dv723j6l,889806.0,p2wpkh/p2wsh,7,1
bc1q24phju8q5gp957mdy78m6lp9cte2srv0gljwp3,889806.0,p2wpkh/p2wsh,10,1
bc1q25rhm2ae07jckp9wz9ljrlzgqa2a2upen83ftc,889806.0,p2wpkh/p2wsh,8,1
bc1q26pke5exmcel0l9z3st8c34h96w3euthsy6380,889806.0,p2wpkh/p2wsh,37,1
bc1q2ckp3ezhwgmkw8v8gng0hsr2nw835ne6vzm4da,889806.0,p2wpkh/p2wsh,14,1
bc1q2e3npzyxxzh6gamxagccd50mw3rveagvwm6c8h,889806.0,p2wpkh/p2wsh,8,1
bc1q2hn6fu5fwcvwtwlhn8ct0rl0u0qyqux0zczaf2,889806.0,p2wpkh/p2wsh,9,1
bc1q2unfc8fxfurvftadx9dws6lw492sswzc4kt752,889806.0,p2wpkh/p2wsh,8,1
bc1q2wuk5hnz4sg8tvms8mld938x8jp63wyw5l3ecn,889806.0,p2wpkh/p2wsh,11,1
bc1q2ype5tn0xll9prq22luu5crlmm3lm2z6226fs3,889806.0,p2wpkh/p2wsh,10,1
bc1q37rakhrp6c48yc6ju64eu342ean0u6lytq4fsj,889806.0,p2wpkh/p2wsh,4,1
bc1qrtan98tj5px2z9v9zx6t0tjndxkqz2h58s9z93,889806.0,p2wpkh/p2wsh,16,1
bc1qrtffp44j0xux3qtd4tnjgtw6quttkfxhlap8v7,889806.0,p2wpkh/p2wsh,8,1
bc1qru9zkwzz94d85lrje8n4vutlxy5uckg4plqsfr,889806.0,p2wpkh/p2wsh,7,1
bc1qrwd37g24xm343j3y7svdz7la6vwr7mylq9tuz8,889806.0,p2wpkh/p2wsh,9,1
bc1qrwnhg62qxjsjhc59ee5yntsuctnpxe8pfng60u,889806.0,p2wpkh/p2wsh,7,1
bc1qs4gyzmamg6e42zhgxrcm75k2xlxgrqmpehqrc4,889806.0,p2wpkh/p2wsh,13,1
bc1qs4nzlz2j3geysp6kmakum4j4dc2v7tdn9w8cx4,889806.0,p2wpkh/p2wsh,10,1
bc1qs78sp9q42k8vlpfhpx6mn20d8lclkpsv7mgh5m,889806.0,p2wpkh/p2wsh,36,1
bc1qsg48xjh6dnha0n6l0n5jjcedc7tqwh9enhmdfe,889806.0,p2wpkh/p2wsh,35,1
bc1qshfwghslsk6nrvpld28d2lpngfq68c54w239my,889806.0,p2wpkh/p2wsh,41,1
bc1qskfp98whqxd03hzglc2j633ap9zxn2vns0yfdm,889806.0,p2wpkh/p2wsh,29,1
bc1qsmzadtpxq7n64l2xwm2gmd7hfqfzhva3p95zzt,889806.0,p2wpkh/p2wsh,13,1
bc1qstj6gjwcfl33v32ed6km8mcea8ujqfwrmajhul,889806.0,p2wpkh/p2wsh,10,1
bc1qswjd3x4jqv2mrzw2h6q4u4kavp7psqvafmg7te,889806.0,p2wpkh/p2wsh,4,1
bc1qt6zryexf6f4xqtxjdg7292kje73kjtxvuwket6,889806.0,p2wpkh/p2wsh,17,1
bc1qtecjs0qz7yzd6c4qd0nrtnnayd2wrcee6pr3ve,889806.0,p2wpkh/p2wsh,12,1
bc1qthfhtdmspyscwc9fw7k7fxf8fmpxz3gye54arq,889806.0,p2wpkh/p2wsh,12,1
bc1qtshz9u0u78js5d9fjecafud829cvh8dexvpn40,889806.0,p2wpkh/p2wsh,10,1
bc1qttfhzueqncd2jtksk0qltxu4la9kd90lcm7y9c,889806.0,p2wpkh/p2wsh,13,1
bc1qtzhzzmeaa8669xh3d8sfryxlnmxq0jktx9t5qg,889806.0,p2wpkh/p2wsh,10,1
bc1qu4gd76g3px4lwqvfwphutdehje5q4eqc9qcddg,889806.0,p2wpkh/p2wsh,12,1
bc1qudp285fw9juql9fzm998j4w6fcxf9q6u9ge72e,889806.0,p2wpkh/p2wsh,1761,1
bc1qupr2pkhrljtl9ygyy938d6jd7h2fjdj4pjfqk3,889806.0,p2wpkh/p2wsh,11,1
bc1quqjjvva2qxhgzejxjgwzufer3gptc09txmfd08,889806.0,p2wpkh/p2wsh,9,1
bc1quqx8ry6usu6577a2jvxe0jahy8578fqt70lf2n,889806.0,p2wpkh/p2wsh,22,1
bc1qusygxu6t87flu0q97vcf5nscwhtgz2ff6snq2q,889806.0,p2wpkh/p2wsh,11,1
bc1quvj3gnvzsm429v94day3mwfxzn45zt85j8r428,889806.0,p2wpkh/p2wsh,13,1
bc1quzgztned7gn23fclavxgfguxn44grjdjmjmv5y,889806.0,p2wpkh/p2wsh,7,1
bc1qv0udcrfqr733alf5ege07kzhnyfemsz6c8cwvk,889806.0,p2wpkh/p2wsh,7,1
bc1qv22x33y949uk09268fy7en4n227dzn4vlzanqm,889806.0,p2wpkh/p2wsh,11,1
bc1qv6u4celnntrynnp38h29qtx9tt4z8u27078dqn,889806.0,p2wpkh/p2wsh,37,1
bc1qvclr7rucdgzjdh46ujq6pz5lvcy8fdgn3m634hygh4ftl2wwzfxquzhres,889806.0,p2wpkh/p2wsh,10,1
bc1qvldp82eau0qv0xj25n5ejqfrztv9ysvxd36djl,889806.0,p2wpkh/p2wsh,5,1
bc1qvr5vuvdx4nalredmyl8sul8ksrrumswpg5eyzv,889806.0,p2wpkh/p2wsh,107,1
bc1qvummgpar4wvjd70g0cmtn7sw7weepyauxzkhrk,889806.0,p2wpkh/p2wsh,11,1
bc1qw9euvh9826afyyyqmgpz07k3l50pc542vlf3xk,889806.0,p2wpkh/p2wsh,12,1
bc1qwa0u8qams7askkjcv5ffqd545qcvtn7ahnd9xs,889806.0,p2wpkh/p2wsh,10,1
bc1qwavz7yjhwam7x9gv4qz0xedgr4079zqtmqg2de,889806.0,p2wpkh/p2wsh,8,1
bc1qwl42y7r36c0g3z8ch5ur86txyfdatxk25khkac,889806.0,p2wpkh/p2wsh,13,1
bc1qwn5ytvwz2fd4lnvn2z49zxp8peewg559l9lrlf,889806.0,p2wpkh/p2wsh,9,1
bc1qwsgjeeqevntfjdlu5ray4njaku96mtp8q2kl27,889806.0,p2wpkh/p2wsh,7,1
bc1qwszqszh7l94jr3k0yx8v6ey6d58998v0jatu3k,889806.0,p2wpkh/p2wsh,13,1
bc1qwuf0wzxwac6dgn6wweug7anqw2c6e83xs4vase,889806.0,p2wpkh/p2wsh,9,1
bc1qwyekkmh30s52c4ztr50204g7s89vvm6jsnlqk2,889806.0,p2wpkh/p2wsh,19,1
bc1qx3rpew697vq52xc8ssqzv4c7psxvxj7ry9gn07,889806.0,p2wpkh/p2wsh,11,1
bc1qx3scwushtwenxtxlnjet4x2w5vg35etdtse5u0,889806.0,p2wpkh/p2wsh,23,1
bc1qx5g4z5vxphm75vz7yadrfzrn0wclh590au7448,889806.0,p2wpkh/p2wsh,14,1
bc1qx83xdcvneq05xqyslg603z4deumted0rcgpl65,889806.0,p2wpkh/p2wsh,10,1
bc1qx9x7cqyt6mg2tsdc5hcmgh07v3fd9ja04n08c9,889806.0,p2wpkh/p2wsh,15,1
bc1qxafnnucmduj9zl9axgjx678fwgaezt8st2rl2h,889806.0,p2wpkh/p2wsh,17,1
bc1qxfyjhu42v4nnwdsvy3a29huthe0arth5cre580,889806.0,p2wpkh/p2wsh,10,1
bc1qxlf2950ucrayy9cdxqrjr2jalh8s9h7n47avwk,889806.0,p2wpkh/p2wsh,7,1
bc1qxmqhu55tdq7tny9vyar5mxz6dd5l0d4p9uj6s4,889806.0,p2wpkh/p2wsh,14,1
bc1qxvl6w82qqydgja4y0gat7mm90tk8nhkhvhcjxp,889806.0,p2wpkh/p2wsh,9,1
bc1qxxflrcp4kwlupks4wnlvxsw5yjnvkt6smyeyy6,889806.0,p2wpkh/p2wsh,12,1
bc1qy08dda7msh628cvz8a278rdg0w97markylspgw,889806.0,p2wpkh/p2wsh,10,1
bc1qy0y0re0652vdzr4y2557kdjr0mwral83ld2xk7,889806.0,p2wpkh/p2wsh,9,1
bc1qy6hg9rd0prlnm62am90fvg65hkduq88nudz8sl,889806.0,p2wpkh/p2wsh,7,1
bc1qyaj5gf5r093gy8mu6we0sl5jz8eymj4wrnhtd4,889806.0,p2wpkh/p2wsh,10,1
bc1qyjkhe7w09au79jhepvvjyru2j8fgq6nq269wj3,889806.0,p2wpkh/p2wsh,19,1
bc1qz29a42fej0x8uxqakk3d8cslkmucl6vfret2js,889806.0,p2wpkh/p2wsh,15,1
bc1qz3tf2mjvwywwnpp3rzgm8lheaf6xe9vwtzx5l5,889806.0,p2wpkh/p2wsh,9,1
bc1qzdut0jjr0n7qmq2vfesrlmacpr3ns9ea3a7jh9,889806.0,p2wpkh/p2wsh,19,1
bc1qzdycz4nghdg2z0kf0j0lasy3r5u4m7qqpk0y5m,889806.0,p2wpkh/p2wsh,13,1
bc1qzgcp86t2ngwycdn8pr8xe757x5m26hdvh4fza0,889806.0,p2wpkh/p2wsh,13,1
bc1qzk58e5jr9aauz2qyngj72yj8gjsgl8xre4kxaz,889806.0,p2wpkh/p2wsh,26,1
bc1qzmw070n8j57ujhrmt6pks2xht6fx5au8tq3cez,889806.0,p2wpkh/p2wsh,9,1
bc1qznzw7t5khm77kgg560yhhswahtzqweqef03lnh,889806.0,p2wpkh/p2wsh,27,1
bc1qzqfpsymz7z99an6cfnl4lq8l7h88wu4sw84ss8,889806.0,p2wpkh/p2wsh,9,1
bc1qzt8jeu8kjqexe5y43ptag9xkm3rjvl5fygdd0j,889806.0,p2wpkh/p2wsh,10,1
bc1qzxfregp5dphfedhtp6vx5l4zf4z2vsatmffde9,889806.0,p2wpkh/p2wsh,10,1
bc1qf9zeftkt0e49mn5fjvjkvxfghpjz0hsaswrwug,889806.0,p2wpkh/p2wsh,11,1
bc1qfanz8jmy5erhjryy9rwgx0h4neps6c8lafhfz0,889806.0,p2wpkh/p2wsh,9,1
bc1qg46f9dtqvjeta8265cusdw2hwv6dmfe840uyhz,889806.0,p2wpkh/p2wsh,17,1
bc1qga4k33qaasq7pl4u0t0yuex2rkeyjefsvq07cs,889806.0,p2wpkh/p2wsh,10,1
bc1qgdnyqf5c58p0kl32m0f6vsywy7ns7e6nn9zddy,889806.0,p2wpkh/p2wsh,11,1
bc1qge69w6grh5a3r7wywjrz3glqucql54snt4kyvp,889806.0,p2wpkh/p2wsh,36,1
bc1qgfg4nnvy3ku6xehv3v3lkaac52scpeh0hejna4,889806.0,p2wpkh/p2wsh,6,1
bc1qgl025mv9wumxqcue7gwnughv7ug39ec8jh3kd6,889806.0,p2wpkh/p2wsh,16,1
bc1qgn0q3ea53pvjegp966pv8uv3ynqv82k6clsvp6,889806.0,p2wpkh/p2wsh,11,1
bc1qgqs48h84432rna7azvmz8jx759du4le0jhfjkr,889806.0,p2wpkh/p2wsh,9,1
bc1qgszv63cqkdmv7tuspc4ex8kg7rh4vg6rqhfzr2,889806.0,p2wpkh/p2wsh,11,1
bc1qgtghvv38224h8r2s6qthlc3gztvhhm69l6rqhq,889806.0,p2wpkh/p2wsh,12,1
bc1qgw927n6wkwuu35v6zqjtlwt9ucnf0fcqgj5law,889806.0,p2wpkh/p2wsh,13,1
bc1qgxdcf52hja3z295m26qcer4m47ty9gsvd9mrrk,889806.0,p2wpkh/p2wsh,298,1
bc1qh0n0ennccw2q88nd6suje8jdnhk9rlshg9kpr4,889806.0,p2wpkh/p2wsh,7,1
bc1qh2r2qchkemlycrmk5uq9n27y38jj3v6gnc6udt,889806.0,p2wpkh/p2wsh,21,1
bc1qh3aeq0r9sc70ym6qq5tdlwycj5pgeytpr54vs3,889806.0,p2wpkh/p2wsh,12,1
bc1qh46ru4rsryc5u48naz7uuvd5566fl8p4yuhm3t,889806.0,p2wpkh/p2wsh,15,1
bc1qh6hyylwggpr5c3jhycceu7q2m2ayzlsfhf5a2q,889806.0,p2wpkh/p2wsh,10,1
bc1qhap0qna88upsjql5cpynjfvx3pr2r9un0m60vu,889806.0,p2wpkh/p2wsh,11,1
bc1qhcghrzztcvwvhcqfk9alhuqr7sgym6z4u5undu,889806.0,p2wpkh/p2wsh,41,1
bc1qhnl85hzzv2l9t4rul796s4g4yrgyv9955ylqd4,889806.0,p2wpkh/p2wsh,21,1
bc1qj597wrds9assqlt5c5eqsv4lfw8049f8t6rknh,889806.0,p2wpkh/p2wsh,20,1
bc1qj6vun8fjudlch7g9pr36e8eel8m0xysqjaqkdp,889806.0,p2wpkh/p2wsh,306,1
bc1qjm9um2k0x4gk4jxgszs6q2qyyzs4ag9vlghtyk,889806.0,p2wpkh/p2wsh,19,1
bc1qjrzp57tqmjhu62lc9tq4nkev90qtlkprrq8uy0,889806.0,p2wpkh/p2wsh,11,1
bc1qjvkce5k5epm6pqjwxzx86aqega70pwk4hkkt2n,889806.0,p2wpkh/p2wsh,9,1
bc1qjz5xug34d64wcsdlcvznnkyryaf2l0dtpwrpgj,889806.0,p2wpkh/p2wsh,8,1
bc1qk3deqg3v34qa92sww2muz8aq3w6pt7mde7q7gs,889806.0,p2wpkh/p2wsh,17,1
bc1qk3xq4vkethet9h9ctwym9n7dyz09q8w0ms2m60,889806.0,p2wpkh/p2wsh,10,1
bc1qk6mr2aadxudqlgqxczfz6n2aaesng80lyr6aur,889806.0,p2wpkh/p2wsh,9,1
bc1qk7zv3uvcmxh0y8ahwc386ua0s0kacpzzdywxns,889806.0,p2wpkh/p2wsh,7,1
bc1qkd5slv29hjhha0hxv5evum7u2ryhwk88693maf,889806.0,p2wpkh/p2wsh,9,1
bc1qkdte82w9khfp4vsy55gf5j0ymn0pkjmz54pxqw,889806.0,p2wpkh/p2wsh,9,1
bc1qkfyzl8gkk39lscwmp2stk0g4xc69jzc25yqff4,889806.0,p2wpkh/p2wsh,12,1
bc1qkggk589qwudfk8enhevsj4zave7nxg58el8lwg,889806.0,p2wpkh/p2wsh,8,1
bc1qkjgxjv49hzy3jk2eulj3y9mclsaacffe94evuw,889806.0,p2wpkh/p2wsh,11,1
bc1qkmzyhg2u2t2kuw4acs6c5muucyqlzjzarmdg67,889806.0,p2wpkh/p2wsh,8,1
bc1qkyvzzykdulkexvxhxgl4gjwvn2hn7kz4vm0lwl,889806.0,p2wpkh/p2wsh,10,1
bc1ql5ae6cdw9jtsd5zu0pvzam2fqmetakvqf0zhcz,889806.0,p2wpkh/p2wsh,7,1
bc1qluq50tt069hezj8wvg367x0zaf3gqlje5z7hx4,889806.0,p2wpkh/p2wsh,14,1
bc1qlwmj3y6n62wey64pdvetg5zlpywgxfeh80cp93,889806.0,p2wpkh/p2wsh,14,1
bc1qm2v3c5n67f2jh7z2nwuv6hxpsq8mxw3evya79e,889806.0,p2wpkh/p2wsh,33,1
bc1qm2yfv4zupdssh350gxmaxj6ykm6plckyhgvud7,889806.0,p2wpkh/p2wsh,14,1
bc1qmcfnz7ma2x6qsu8hwwge5vp5junkjr54cazpfd,889806.0,p2wpkh/p2wsh,12,1
bc1qmcpd2628cjflx7t6jjqmm0g5ye2enev5hrpx0m,889806.0,p2wpkh/p2wsh,17,1
bc1qmcytc7h8ta0ysfq5czzvup0syjrjlx55mrrvyv,889806.0,p2wpkh/p2wsh,16,1
bc1qmd50k8gms2wulj9622wzlcw2ugxnxptpsua770,889806.0,p2wpkh/p2wsh,8,1
bc1qmhv6g42wwl3kkuxmvsnk7vrhtwd4wrrlgdn39q,889806.0,p2wpkh/p2wsh,14,1
bc1qmys4klzuam2u5f65gyadycl844xu54thnl7rmq,889806.0,p2wpkh/p2wsh,15,1
bc1qmz0ynresmdyex8unmql6hxjsln5chy8lprk8g6,889806.0,p2wpkh/p2wsh,10,1
bc1qn3map8m9hmk5jyqdkkwlwvt335g94zvxwd9aql7q3vdkdw9r5eyqvlvec0,889806.0,p2wpkh/p2wsh,75,1
bc1qn9ayf2hnzu52733cs4tp7kalhycc2q5h8gm5ym,889806.0,p2wpkh/p2wsh,11,1
bc1qnjexkj6j3jaul8p35kngggvunp45eauu3eefcs,889806.0,p2wpkh/p2wsh,23,1
bc1qnjg5xe866ga6f4agjg005hsgmvu0zue8vqfxxy,889806.0,p2wpkh/p2wsh,10,1
bc1qnrcpw2ztnwh5tdy4ya7ugx06cmq0hkhtdz2mhd,889806.0,p2wpkh/p2wsh,19,1
bc1qntjwdhsudyqjnzw3559c0d9xvwp6ygr526fn4p,889806.0,p2wpkh/p2wsh,9,1
bc1qnu9g6sj6qnhgz460e57l8k9c3qegpf25kmsrcr,889806.0,p2wpkh/p2wsh,9,1
bc1qp07wnlm0r4lv74xcqgu6xwdwdh4xp5t79f9nwv,889806.0,p2wpkh/p2wsh,9,1
bc1qpalvav4rxa3jmt6cnr4dl3wfuxp9tl26rcplum,889806.0,p2wpkh/p2wsh,9,1
bc1qpcapsv7nhd5e6a8lmnju9nuvxd5jru9uzt54mf,889806.0,p2wpkh/p2wsh,7,1
bc1qpclr222utsq8nxhxd23sg3xu0f38xst2hn7kv3,889806.0,p2wpkh/p2wsh,9,1
bc1qpf2vreuv8ppslqwq5sau8t7q29ex6am7sf479q,889806.0,p2wpkh/p2wsh,43,1
bc1qplsuqe67898gvdr9p0wep45pfspuccsfnk4hrf,889806.0,p2wpkh/p2wsh,13,1
bc1qpu85mjvn3fv5lqjs6kfml7upajlfcg3533trfy,889806.0,p2wpkh/p2wsh,8,1
bc1qpuwad30h7w4ycppm0rmqz23ymncprgnnw57gp7,889806.0,p2wpkh/p2wsh,273,1
bc1qpxhx0fwq8l59zyznc79f7as54fywp0pnn9093f,889806.0,p2wpkh/p2wsh,79,1
bc1qq0fa2nxffadtt7906v8wav20nrrumh8h56zx02,889806.0,p2wpkh/p2wsh,7,1
bc1qq6hn7htumpnd4j23pnljq3a35mlax8dnf4gmex,889806.0,p2wpkh/p2wsh,6,1
bc1qq7uefmz6nng5c4dzs9mwrxxyh9sxg5cjg85hes,889806.0,p2wpkh/p2wsh,13,1
bc1qqfkeyg9gd96jtuzxxq7et5rwc2hpvur2rpcae7,889806.0,p2wpkh/p2wsh,23,1
bc1qql5p9ndsvrv9hq7jqftfzkmvq7093fr7svax57,889806.0,p2wpkh/p2wsh,11,1
bc1qqmuvy6n50z97rh00ll808fx0fg360agwcjka97,889806.0,p2wpkh/p2wsh,8,1
bc1qqnl5dvd8mv90h564seknl6nyqe0g4el6grkzel,889806.0,p2wpkh/p2wsh,7,1
bc1qqz347nqgm9ht7fud64tcyvntxhzz6wahpty4j0,889806.0,p2wpkh/p2wsh,8,1
bc1qr3w0qltctyqev04rus3zgwkxeaxxn8rclpjcfl,889806.0,p2wpkh/p2wsh,14,1
bc1qr4fhu6hhpzrn4pd87wvx8anak5lzuhxdca0ww5,889806.0,p2wpkh/p2wsh,29,1
bc1qr6vf0jdqx93a27cer5wppsfcajwghyq4yn0k26,889806.0,p2wpkh/p2wsh,10,1
bc1qrell423t5sdq3zz6vh2vv4r9d5mtqrt4uzsqyl,889806.0,p2wpkh/p2wsh,13,1
bc1qrf5ap7yp2h7296ke0thfxc97rvwhs8wnaphlqp,889806.0,p2wpkh/p2wsh,7,1
bc1qrhgaruzg93ny89eu353xkprl2th77nea2hv99v,889806.0,p2wpkh/p2wsh,9,1
bc1q3nqaw5rzvv553wnj0ee74xzay67fhkwa2g2l90,889806.0,p2wpkh/p2wsh,11,1
bc1q3pfgnqfxnj2zanngh8cpldkydr8vz2r44s5tn9,889806.0,p2wpkh/p2wsh,12,1
bc1q3rpsz3rj32hgkrkrqxdvsjdyls6kyxfkq6uzsu,889806.0,p2wpkh/p2wsh,9,1
bc1q3vrgvsrzeqaaxg3amx6sgqeh7vcp54d09r0w67,889806.0,p2wpkh/p2wsh,11,1
bc1q44244203m4f828vf7u740lshcu4aqmtn7jdpvk,889806.0,p2wpkh/p2wsh,420,1
bc1q45vpy3pt0y8ttjunluflflcc80esmtrz044hg8,889806.0,p2wpkh/p2wsh,6,1
bc1q47kmxkukjdj65sz3qg9jykf7eyarteahzz6226,889806.0,p2wpkh/p2wsh,11,1
bc1q47ryph9q45hplvkx5zn75gwr6p9malnx3a9e84,889806.0,p2wpkh/p2wsh,9,1
bc1q4c42lhwn5y8azyj3y4tlqdrkxsyk8r9vr23z3d,889806.0,p2wpkh/p2wsh,38,1
bc1q4e480j9ccw7nj66mq452wanh366vlpxj9g9qed,889806.0,p2wpkh/p2wsh,6,1
bc1q4jte8g85dy7c2zdydaky7ltwx7ws4lg3tk9442,889806.0,p2wpkh/p2wsh,21,1
bc1q4kkjnhjy8cugdf5sf80z7f409xj9yj23hg2a3f,889806.0,p2wpkh/p2wsh,6,1
bc1q4kqrrpmnumv3dgmstwm4npa3zxakklfgqdg92k,889806.0,p2wpkh/p2wsh,33,1
bc1q4kvlx2fkuk5a2wuhawuf2460uqzgknpxg92t7y,889806.0,p2wpkh/p2wsh,11,1
bc1q4qwel8pp4p07hshtejz6z86kcsgcfn2wu254r6,889806.0,p2wpkh/p2wsh,7,1
bc1q5eql85tz5n0s76amee9myflapj0sf0gvgjfffx,889806.0,p2wpkh/p2wsh,16,1
bc1q5g6xxmqxpwqye0xhn8u8n5zn4fkyrslaqkjl8h,889806.0,p2wpkh/p2wsh,4,1
bc1q5kk34mhy94ak8awpchdu6l7x8mzkyg3ccpvdqw,889806.0,p2wpkh/p2wsh,91,1
bc1q5ku2swjdjpee7n3n9dl87q4dy6pupnts7nuy78,889806.0,p2wpkh/p2wsh,14,1
bc1q5sy3g7898ham3td4s7lw7lhmsrq8ar4ysfspqc,889806.0,p2wpkh/p2wsh,26,1
bc1q5tj7zfurhtksw2hzfw440eqh325vm8st9dx9jy,889806.0,p2wpkh/p2wsh,12,1
bc1q5uc6y9wht4e3h04tmuypmmdp3adr7smx45ewcr,889806.0,p2wpkh/p2wsh,7,1
bc1q62vm4yytrulgrue3r06ny7053y0mashf3vz32d,889806.0,p2wpkh/p2wsh,21,1
bc1q6a0tn7n9ysjax406ltre4j5654hklsmndf8vs2,889806.0,p2wpkh/p2wsh,6,1
bc1q6hsndphjg2xp4e56cgaedwxra4xayw08hag2na,889806.0,p2wpkh/p2wsh,7,1
bc1q6nuwzc0xzyqmnnefzspxjqlurnrkx7rhpc8pql,889806.0,p2wpkh/p2wsh,7,1
bc1q6v53vn7h4rvkh40c4tys00s9e4vrrg587msmkm,889806.0,p2wpkh/p2wsh,10,1
bc1q759neu0valaet0vynevu35xz702sh4wsy4kuk3,889806.0,p2wpkh/p2wsh,13,1
bc1q7agtv2jwgh568jacgk76dtpxt0pndrwc2erlx4,889806.0,p2wpkh/p2wsh,7,1
bc1q7e70p5m7htu8gq058ldzdwjy42wrsfsuwqv5mg,889806.0,p2wpkh/p2wsh,7,1
bc1q7kp6ndhk7j3apwzq50v4rwmh5csn57wn7qkzyt,889806.0,p2wpkh/p2wsh,21,1
bc1q7w5cnmqr3zsgs56pew0p4rr7nl2j6emgy5rcz5,889806.0,p2wpkh/p2wsh,7,1
bc1q7zlws3n2m3ss90ywugthstzrgtc3lxh00mm0nc,889806.0,p2wpkh/p2wsh,12,1
bc1q8e098ryahd32ysx94tuzvmr65725uj8sa483tq,889806.0,p2wpkh/p2wsh,13,1
bc1q8r56j53kss3fwvdc0t470qqww33zuhczknxj6t,889806.0,p2wpkh/p2wsh,38,1
bc1q8tr7crc7ywwhaewmjwtpp80pad6hvn6k2av7sp,889806.0,p2wpkh/p2wsh,12,1
bc1q8ue03xmlv7t8xp6qwexy2wadlmvjt9j7f3sev0,889806.0,p2wpkh/p2wsh,8,1
bc1q8xth8sm4s24ny9us9ewa85ps8e9zf5zrfxqjt4,889806.0,p2wpkh/p2wsh,10,1
bc1q8yql9xh4y8qsr6t90rwuddr0ptujj69gtg5pnt,889806.0,p2wpkh/p2wsh,9,1
bc1q94ztn5geq7ev0nv9e9qase5v2rwvz2x562zhsd,889806.0,p2wpkh/p2wsh,5,1
bc1q9fg52eey9vrh5x5rc676zp66jx07j5e8edvlu8,889806.0,p2wpkh/p2wsh,7,1
bc1q9jqa7y9963nxhv3hgrjpjtcp5eme0k3vra467l,889806.0,p2wpkh/p2wsh,10,1
bc1q9n5tnq6nmgvzq96pfafcuhdanjck268j6adh8u,889806.0,p2wpkh/p2wsh,6,1
bc1q9p8nxjg5smru9hqzp4za8a6c9kjzj05zvwp593,889806.0,p2wpkh/p2wsh,20,1
bc1q9vz9n4rymxt73lm8536mgd95vehjqhafj5ux6x,889806.0,p2wpkh/p2wsh,232,1
bc1q9xdrhm9s42r4gl4g2nz0lfhpeahxaxj0eqad05,889806.0,p2wpkh/p2wsh,6,1
bc1q9xvr0qzff7yph5hvnlq4dehqgfe9sgyc75kc4q,889806.0,p2wpkh/p2wsh,7,1
bc1q9zldp82swyvyhd8vmpqkpvqk2jj7z0hp3j6kq8,889806.0,p2wpkh/p2wsh,11,1
bc1qa08j4n99nvshs36h33xww557npq9qes6uhdmae,889806.0,p2wpkh/p2wsh,14,1
bc1qa0gz5kpdzgchgksgtdqgyrv7ezulfuxan4l2lq,889806.0,p2wpkh/p2wsh,40,1
bc1qa7asw99lakadxdyqta6k93z3zdyx78kuak39aq,889806.0,p2wpkh/p2wsh,21,1
bc1qanxd5twt29rp4wcwxwkugfh5xz9m0qramwa8yg,889806.0,p2wpkh/p2wsh,15,1
bc1qav4rf4q7dsffrltw5mlkfuhvk7rw4t58w59hma,889806.0,p2wpkh/p2wsh,10,1
bc1qax8s8uwh50z9yy4kjpsvtwguj38v3w28h3sdad,889806.0,p2wpkh/p2wsh,10,1
bc1qay6qj2ssks9jr2pnkyjgtje6ekx4299m7yv08q,889806.0,p2wpkh/p2wsh,6,1
bc1qc6r7achqe539kv60v4yt8chje0zcz7ynvdww75,889806.0,p2wpkh/p2wsh,6,1
bc1qc7n756lz2024k4vy8vykgu9lmk3uq2wxeffhht,889806.0,p2wpkh/p2wsh,7,1
bc1qcdmn8685e2ugstssclen0es38at97zql03jhwp,889806.0,p2wpkh/p2wsh,11,1
bc1qcdzkmlyhukktvhstfgulvpm73snsdurfke9rpu,889806.0,p2wpkh/p2wsh,9,1
bc1qce90nhhhcy5y3z94u2eeh67xl2qpllw77632uw,889806.0,p2wpkh/p2wsh,10,1
bc1qcefv4h25sty4vtycrc2rdf65drf9fdge2pgu7303pkf906865urq9zya34,889806.0,p2wpkh/p2wsh,9,1
bc1qcfplcc8c9s9c7a0vrj7u7jrtypx4vxf0wfta92,889806.0,p2wpkh/p2wsh,10,1
bc1qcqr3vuu90aalq9pyg8efgetk7e97a4n54trx8q,889806.0,p2wpkh/p2wsh,4,1
bc1qcsa9u7u536vjc3c4cpvdc6wyf0sp3e59drpytr,889806.0,p2wpkh/p2wsh,10,1
bc1qcsuj2zl29ykxxnv3gck6c2xmh3w32te64nejw0,889806.0,p2wpkh/p2wsh,21,1
bc1qcvv8cdtugt78qrqmuch0sgk8s7pmkp0vhhvjpk,889806.0,p2wpkh/p2wsh,9,1
bc1qd2829d8yyn8v5zg6vdeqdus0m26wvu7dgs29xq,889806.0,p2wpkh/p2wsh,25,1
bc1qd9um0welytfln0fpnnqc2sk9xs79pxzvgcsxq4,889806.0,p2wpkh/p2wsh,7,1
bc1qdecred0pzkdrf7aanzws7geh62r3c88glfxdvs,889806.0,p2wpkh/p2wsh,16,1
bc1qdep5azk6zywhcp7j3m33vsv08zeq4ruztwncyv,889806.0,p2wpkh/p2wsh,5,1
bc1qdflsg47ndsul34nnlzkpj5qavuuw7yynseuyws,889806.0,p2wpkh/p2wsh,9,1
bc1qdhq24gss7uzk6nadewng8ae6kx927yczh7ccl6,889806.0,p2wpkh/p2wsh,10,1
bc1qdn4z9wwxca69rd9kgjzx9e264re874z7nv7dha,889806.0,p2wpkh/p2wsh,645,1
bc1qds2v64wxp0a3n4pcuh2j3xdnhjpjhdxfa6huuz,889806.0,p2wpkh/p2wsh,12,1
bc1qdv927u9jddnkfvwv44lsaprtqs5rjtep98eekn,889806.0,p2wpkh/p2wsh,10,1
bc1qdy47reeutllqe9gnhmgejfksz9r7fs3j97cxam,889806.0,p2wpkh/p2wsh,25,1
bc1qe7gz4tlpvgc6x6z2tvl47u2s3d2m0qtsrwz7tp,889806.0,p2wpkh/p2wsh,23,1
bc1qe9wcxqq2rmyv6j67ugthe95ftzqha9hnc2g88s,889806.0,p2wpkh/p2wsh,11,1
bc1qee59ewffejd73ycddd59cw09n26q9th30n0nmr,889806.0,p2wpkh/p2wsh,18,1
bc1qeetj50hhduqa0llsyalscm5jdgk2ukw08lmzzr,889806.0,p2wpkh/p2wsh,8,1
bc1qeex7dptvn3rhf5mp8mgmr76z584qpvxpze66ze,889806.0,p2wpkh/p2wsh,15,1
bc1qefvsu2g9cwtaw97zjp0k2kszj2csg7454q0u9u,889806.0,p2wpkh/p2wsh,23,1
bc1qeg3r5zceqag0f6dag3qx3x8lv9aq0n09lfawxz,889806.0,p2wpkh/p2wsh,10,1
bc1qeges6tth4kpfcssfyxrupjjrqxaq4w5z50upx4,889806.0,p2wpkh/p2wsh,10,1
bc1qeh25njp0umgwh48xfur6a4alnvepf9em9lkud3,889806.0,p2wpkh/p2wsh,26,1
bc1qejnwc4f9kr0wjjdsddsyk3k02l44dnq9ggkgmz,889806.0,p2wpkh/p2wsh,19,1
bc1qekuukd4a6aa24vyy4kcz5susx2c8lfpcx8eqtm,889806.0,p2wpkh/p2wsh,20,1
bc1qeu4ner9xey9snaug9rlcc5pta29ehn38r95ezr,889806.0,p2wpkh/p2wsh,13,1
