{
  "source_wallet": "bc1qcmj5lkumeycyn35lxc3yr32k3fzue87yrjrna6",
  "timestamp": "2025-10-26T23:56:38.914456",
  "execution_time_minutes": 3.986951208114624,
  "total_addresses_traced": 1,
  "current_holders_count": 0,
  "summary": {
    "total_volume": 665308046200000,
    "total_current_balance": 0,
    "addresses_with_balance": 0
  },
  "genealogy_tree": {
    "address": "bc1qcmj5lkumeycyn35lxc3yr32k3fzue87yrjrna6",
    "depth": 0,
    "received": 665308046200000,
    "sent": 0,
    "volume": 665308046200000,
    "children": [],
    "transactions": [
      {
        "type": "received",
        "txid": "9511babc85054102dea3d613d6d1597b6d712fa671978a3c384ebda4cd883a30",
        "amount": 100000000,
        "amount_dog": 1000.0
      },
      {
        "type": "received",
        "txid": "5cbf1c451b03b0ba7427646225a51c31c72779a3597648079f3f36af74596d9e",
        "amount": 665307946200000,
        "amount_dog": 6653079462.0
      }
    ],
    "balance": 665308046200000,
    "balance_dog": 6653080462.0,
    "volume_dog": 6653080462.0,
    "received_dog": 6653080462.0,
    "sent_dog": 0.0,
    "is_final_holder": true,
    "current_balance": 0,
    "current_utxos": 0,
    "is_current_holder": false,
    "status": "empty",
    "status_color": "red"
  },
  "top_100_current_holders": [],
  "flat_view": {
    "bc1qcmj5lkumeycyn35lxc3yr32k3fzue87yrjrna6": {
      "received_total": 665308046200000,
      "sent_total": 0,
      "volume": 665308046200000,
      "calculated_balance": 665308046200000,
      "current_balance": 0,
      "current_utxos": 0,
      "is_current_holder": false,
      "balance_dog": 6653080462.0,
      "volume_dog": 6653080462.0
    }
  }
}